group,method,image_path,true_label,prediction,is_correct,confusion_type,tumor_probability
clean,original,"C:\Users\micha\OneDrive\שולחן העבודה\wordsFiles\Brain_Mri\data\Data 1 with distortion\all_images\no_tumor__14 no_28\distortions\original.png",no_tumor,no_tumor,True,FF,0.203065
clean,original,"C:\Users\micha\OneDrive\שולחן העבודה\wordsFiles\Brain_Mri\data\Data 1 with distortion\all_images\no_tumor__19 no_16\distortions\original.png",no_tumor,no_tumor,True,FF,0.133013
clean,original,"C:\Users\micha\OneDrive\שולחן העבודה\wordsFiles\Brain_Mri\data\Data 1 with distortion\all_images\no_tumor__20 no_19\distortions\original.png",no_tumor,no_tumor,True,FF,0.462309
clean,original,"C:\Users\micha\OneDrive\שולחן העבודה\wordsFiles\Brain_Mri\data\Data 1 with distortion\all_images\no_tumor__27 no_2\distortions\original.png",no_tumor,no_tumor,True,FF,0.351289
clean,original,"C:\Users\micha\OneDrive\שולחן העבודה\wordsFiles\Brain_Mri\data\Data 1 with distortion\all_images\no_tumor__32 no_1\distortions\original.png",no_tumor,no_tumor,True,FF,0.118261
clean,original,"C:\Users\micha\OneDrive\שולחן העבודה\wordsFiles\Brain_Mri\data\Data 1 with distortion\all_images\no_tumor__34 no_0\distortions\original.png",no_tumor,tumor,False,FT,0.876518
clean,original,"C:\Users\micha\OneDrive\שולחן העבודה\wordsFiles\Brain_Mri\data\Data 1 with distortion\all_images\no_tumor__39 no_11\distortions\original.png",no_tumor,no_tumor,True,FF,0.432744
clean,original,"C:\Users\micha\OneDrive\שולחן העבודה\wordsFiles\Brain_Mri\data\Data 1 with distortion\all_images\no_tumor__N11_25\distortions\original.png",no_tumor,no_tumor,True,FF,0.492828
clean,original,"C:\Users\micha\OneDrive\שולחן העבודה\wordsFiles\Brain_Mri\data\Data 1 with distortion\all_images\no_tumor__N15_10\distortions\original.png",no_tumor,no_tumor,True,FF,0.403254
clean,original,"C:\Users\micha\OneDrive\שולחן העבודה\wordsFiles\Brain_Mri\data\Data 1 with distortion\all_images\no_tumor__N16_26\distortions\original.png",no_tumor,tumor,False,FT,0.768871
clean,original,"C:\Users\micha\OneDrive\שולחן העבודה\wordsFiles\Brain_Mri\data\Data 1 with distortion\all_images\no_tumor__N17_7\distortions\original.png",no_tumor,tumor,False,FT,0.763322
clean,original,"C:\Users\micha\OneDrive\שולחן העבודה\wordsFiles\Brain_Mri\data\Data 1 with distortion\all_images\no_tumor__N21_34\distortions\original.png",no_tumor,no_tumor,True,FF,0.132207
clean,original,"C:\Users\micha\OneDrive\שולחן העבודה\wordsFiles\Brain_Mri\data\Data 1 with distortion\all_images\no_tumor__N22_31\distortions\original.png",no_tumor,tumor,False,FT,0.667558
clean,original,"C:\Users\micha\OneDrive\שולחן העבודה\wordsFiles\Brain_Mri\data\Data 1 with distortion\all_images\no_tumor__N26_21\distortions\original.png",no_tumor,tumor,False,FT,0.802426
clean,original,"C:\Users\micha\OneDrive\שולחן העבודה\wordsFiles\Brain_Mri\data\Data 1 with distortion\all_images\no_tumor__No21_6\distortions\original.png",no_tumor,no_tumor,True,FF,0.477169
clean,original,"C:\Users\micha\OneDrive\שולחן העבודה\wordsFiles\Brain_Mri\data\Data 1 with distortion\all_images\tumor__Y115_5\distortions\original.png",tumor,tumor,True,TT,0.795122
clean,original,"C:\Users\micha\OneDrive\שולחן העבודה\wordsFiles\Brain_Mri\data\Data 1 with distortion\all_images\tumor__Y116_17\distortions\original.png",tumor,tumor,True,TT,0.612975
clean,original,"C:\Users\micha\OneDrive\שולחן העבודה\wordsFiles\Brain_Mri\data\Data 1 with distortion\all_images\tumor__Y155_24\distortions\original.png",tumor,tumor,True,TT,0.975384
clean,original,"C:\Users\micha\OneDrive\שולחן העבודה\wordsFiles\Brain_Mri\data\Data 1 with distortion\all_images\tumor__Y162_27\distortions\original.png",tumor,no_tumor,False,TF,0.440014
clean,original,"C:\Users\micha\OneDrive\שולחן העבודה\wordsFiles\Brain_Mri\data\Data 1 with distortion\all_images\tumor__Y180_33\distortions\original.png",tumor,tumor,True,TT,0.999135
clean,original,"C:\Users\micha\OneDrive\שולחן העבודה\wordsFiles\Brain_Mri\data\Data 1 with distortion\all_images\tumor__Y1_22\distortions\original.png",tumor,tumor,True,TT,0.675747
clean,original,"C:\Users\micha\OneDrive\שולחן העבודה\wordsFiles\Brain_Mri\data\Data 1 with distortion\all_images\tumor__Y20_15\distortions\original.png",tumor,tumor,True,TT,0.744671
clean,original,"C:\Users\micha\OneDrive\שולחן העבודה\wordsFiles\Brain_Mri\data\Data 1 with distortion\all_images\tumor__Y21_36\distortions\original.png",tumor,tumor,True,TT,0.724459
clean,original,"C:\Users\micha\OneDrive\שולחן העבודה\wordsFiles\Brain_Mri\data\Data 1 with distortion\all_images\tumor__Y257_9\distortions\original.png",tumor,tumor,True,TT,0.810258
clean,original,"C:\Users\micha\OneDrive\שולחן העבודה\wordsFiles\Brain_Mri\data\Data 1 with distortion\all_images\tumor__Y258_32\distortions\original.png",tumor,tumor,True,TT,0.714545
clean,original,"C:\Users\micha\OneDrive\שולחן העבודה\wordsFiles\Brain_Mri\data\Data 1 with distortion\all_images\tumor__Y35_37\distortions\original.png",tumor,tumor,True,TT,0.688254
clean,original,"C:\Users\micha\OneDrive\שולחן העבודה\wordsFiles\Brain_Mri\data\Data 1 with distortion\all_images\tumor__Y36_23\distortions\original.png",tumor,tumor,True,TT,0.945327
clean,original,"C:\Users\micha\OneDrive\שולחן העבודה\wordsFiles\Brain_Mri\data\Data 1 with distortion\all_images\tumor__Y37_20\distortions\original.png",tumor,tumor,True,TT,0.967744
clean,original,"C:\Users\micha\OneDrive\שולחן העבודה\wordsFiles\Brain_Mri\data\Data 1 with distortion\all_images\tumor__Y3_35\distortions\original.png",tumor,tumor,True,TT,0.756454
clean,original,"C:\Users\micha\OneDrive\שולחן העבודה\wordsFiles\Brain_Mri\data\Data 1 with distortion\all_images\tumor__Y41_14\distortions\original.png",tumor,tumor,True,TT,0.948792
clean,original,"C:\Users\micha\OneDrive\שולחן העבודה\wordsFiles\Brain_Mri\data\Data 1 with distortion\all_images\tumor__Y54_18\distortions\original.png",tumor,tumor,True,TT,0.919216
clean,original,"C:\Users\micha\OneDrive\שולחן העבודה\wordsFiles\Brain_Mri\data\Data 1 with distortion\all_images\tumor__Y61_12\distortions\original.png",tumor,tumor,True,TT,0.723770
clean,original,"C:\Users\micha\OneDrive\שולחן העבודה\wordsFiles\Brain_Mri\data\Data 1 with distortion\all_images\tumor__Y6_4\distortions\original.png",tumor,tumor,True,TT,0.754761
clean,original,"C:\Users\micha\OneDrive\שולחן העבודה\wordsFiles\Brain_Mri\data\Data 1 with distortion\all_images\tumor__Y73_29\distortions\original.png",tumor,tumor,True,TT,0.814346
clean,original,"C:\Users\micha\OneDrive\שולחן העבודה\wordsFiles\Brain_Mri\data\Data 1 with distortion\all_images\tumor__Y78_30\distortions\original.png",tumor,tumor,True,TT,0.566041
clean,original,"C:\Users\micha\OneDrive\שולחן העבודה\wordsFiles\Brain_Mri\data\Data 1 with distortion\all_images\tumor__Y79_13\distortions\original.png",tumor,tumor,True,TT,0.957516
clean,original,"C:\Users\micha\OneDrive\שולחן העבודה\wordsFiles\Brain_Mri\data\Data 1 with distortion\all_images\tumor__Y90_3\distortions\original.png",tumor,no_tumor,False,TF,0.243235
clean,original,"C:\Users\micha\OneDrive\שולחן העבודה\wordsFiles\Brain_Mri\data\Data 1 with distortion\all_images\tumor__Y95_8\distortions\original.png",tumor,no_tumor,False,TF,0.415774
distorted,gaussian_noise,"C:\Users\micha\OneDrive\שולחן העבודה\wordsFiles\Brain_Mri\data\Data 1 with distortion\all_images\no_tumor__14 no_28\distortions\gaussian_noise.png",no_tumor,tumor,False,FT,0.521227
distorted,gaussian_noise,"C:\Users\micha\OneDrive\שולחן העבודה\wordsFiles\Brain_Mri\data\Data 1 with distortion\all_images\no_tumor__19 no_16\distortions\gaussian_noise.png",no_tumor,no_tumor,True,FF,0.434188
distorted,gaussian_noise,"C:\Users\micha\OneDrive\שולחן העבודה\wordsFiles\Brain_Mri\data\Data 1 with distortion\all_images\no_tumor__20 no_19\distortions\gaussian_noise.png",no_tumor,tumor,False,FT,0.752032
distorted,gaussian_noise,"C:\Users\micha\OneDrive\שולחן העבודה\wordsFiles\Brain_Mri\data\Data 1 with distortion\all_images\no_tumor__27 no_2\distortions\gaussian_noise.png",no_tumor,no_tumor,True,FF,0.356227
distorted,gaussian_noise,"C:\Users\micha\OneDrive\שולחן העבודה\wordsFiles\Brain_Mri\data\Data 1 with distortion\all_images\no_tumor__32 no_1\distortions\gaussian_noise.png",no_tumor,no_tumor,True,FF,0.338540
distorted,gaussian_noise,"C:\Users\micha\OneDrive\שולחן העבודה\wordsFiles\Brain_Mri\data\Data 1 with distortion\all_images\no_tumor__34 no_0\distortions\gaussian_noise.png",no_tumor,tumor,False,FT,0.670537
distorted,gaussian_noise,"C:\Users\micha\OneDrive\שולחן העבודה\wordsFiles\Brain_Mri\data\Data 1 with distortion\all_images\no_tumor__39 no_11\distortions\gaussian_noise.png",no_tumor,tumor,False,FT,0.537305
distorted,gaussian_noise,"C:\Users\micha\OneDrive\שולחן העבודה\wordsFiles\Brain_Mri\data\Data 1 with distortion\all_images\no_tumor__N11_25\distortions\gaussian_noise.png",no_tumor,no_tumor,True,FF,0.488159
distorted,gaussian_noise,"C:\Users\micha\OneDrive\שולחן העבודה\wordsFiles\Brain_Mri\data\Data 1 with distortion\all_images\no_tumor__N15_10\distortions\gaussian_noise.png",no_tumor,tumor,False,FT,0.665035
distorted,gaussian_noise,"C:\Users\micha\OneDrive\שולחן העבודה\wordsFiles\Brain_Mri\data\Data 1 with distortion\all_images\no_tumor__N16_26\distortions\gaussian_noise.png",no_tumor,tumor,False,FT,0.741893
distorted,gaussian_noise,"C:\Users\micha\OneDrive\שולחן העבודה\wordsFiles\Brain_Mri\data\Data 1 with distortion\all_images\no_tumor__N17_7\distortions\gaussian_noise.png",no_tumor,tumor,False,FT,0.738226
distorted,gaussian_noise,"C:\Users\micha\OneDrive\שולחן העבודה\wordsFiles\Brain_Mri\data\Data 1 with distortion\all_images\no_tumor__N21_34\distortions\gaussian_noise.png",no_tumor,no_tumor,True,FF,0.272787
distorted,gaussian_noise,"C:\Users\micha\OneDrive\שולחן העבודה\wordsFiles\Brain_Mri\data\Data 1 with distortion\all_images\no_tumor__N22_31\distortions\gaussian_noise.png",no_tumor,tumor,False,FT,0.680549
distorted,gaussian_noise,"C:\Users\micha\OneDrive\שולחן העבודה\wordsFiles\Brain_Mri\data\Data 1 with distortion\all_images\no_tumor__N26_21\distortions\gaussian_noise.png",no_tumor,tumor,False,FT,0.936526
distorted,gaussian_noise,"C:\Users\micha\OneDrive\שולחן העבודה\wordsFiles\Brain_Mri\data\Data 1 with distortion\all_images\no_tumor__No21_6\distortions\gaussian_noise.png",no_tumor,tumor,False,FT,0.590410
distorted,gaussian_noise,"C:\Users\micha\OneDrive\שולחן העבודה\wordsFiles\Brain_Mri\data\Data 1 with distortion\all_images\tumor__Y115_5\distortions\gaussian_noise.png",tumor,tumor,True,TT,0.887902
distorted,gaussian_noise,"C:\Users\micha\OneDrive\שולחן העבודה\wordsFiles\Brain_Mri\data\Data 1 with distortion\all_images\tumor__Y116_17\distortions\gaussian_noise.png",tumor,tumor,True,TT,0.760461
distorted,gaussian_noise,"C:\Users\micha\OneDrive\שולחן העבודה\wordsFiles\Brain_Mri\data\Data 1 with distortion\all_images\tumor__Y155_24\distortions\gaussian_noise.png",tumor,tumor,True,TT,0.961895
distorted,gaussian_noise,"C:\Users\micha\OneDrive\שולחן העבודה\wordsFiles\Brain_Mri\data\Data 1 with distortion\all_images\tumor__Y162_27\distortions\gaussian_noise.png",tumor,tumor,True,TT,0.629034
distorted,gaussian_noise,"C:\Users\micha\OneDrive\שולחן העבודה\wordsFiles\Brain_Mri\data\Data 1 with distortion\all_images\tumor__Y180_33\distortions\gaussian_noise.png",tumor,tumor,True,TT,0.991642
distorted,gaussian_noise,"C:\Users\micha\OneDrive\שולחן העבודה\wordsFiles\Brain_Mri\data\Data 1 with distortion\all_images\tumor__Y1_22\distortions\gaussian_noise.png",tumor,tumor,True,TT,0.810243
distorted,gaussian_noise,"C:\Users\micha\OneDrive\שולחן העבודה\wordsFiles\Brain_Mri\data\Data 1 with distortion\all_images\tumor__Y20_15\distortions\gaussian_noise.png",tumor,tumor,True,TT,0.698253
distorted,gaussian_noise,"C:\Users\micha\OneDrive\שולחן העבודה\wordsFiles\Brain_Mri\data\Data 1 with distortion\all_images\tumor__Y21_36\distortions\gaussian_noise.png",tumor,tumor,True,TT,0.904099
distorted,gaussian_noise,"C:\Users\micha\OneDrive\שולחן העבודה\wordsFiles\Brain_Mri\data\Data 1 with distortion\all_images\tumor__Y257_9\distortions\gaussian_noise.png",tumor,tumor,True,TT,0.593107
distorted,gaussian_noise,"C:\Users\micha\OneDrive\שולחן העבודה\wordsFiles\Brain_Mri\data\Data 1 with distortion\all_images\tumor__Y258_32\distortions\gaussian_noise.png",tumor,tumor,True,TT,0.563085
distorted,gaussian_noise,"C:\Users\micha\OneDrive\שולחן העבודה\wordsFiles\Brain_Mri\data\Data 1 with distortion\all_images\tumor__Y35_37\distortions\gaussian_noise.png",tumor,tumor,True,TT,0.734251
distorted,gaussian_noise,"C:\Users\micha\OneDrive\שולחן העבודה\wordsFiles\Brain_Mri\data\Data 1 with distortion\all_images\tumor__Y36_23\distortions\gaussian_noise.png",tumor,tumor,True,TT,0.963777
distorted,gaussian_noise,"C:\Users\micha\OneDrive\שולחן העבודה\wordsFiles\Brain_Mri\data\Data 1 with distortion\all_images\tumor__Y37_20\distortions\gaussian_noise.png",tumor,tumor,True,TT,0.956250
distorted,gaussian_noise,"C:\Users\micha\OneDrive\שולחן העבודה\wordsFiles\Brain_Mri\data\Data 1 with distortion\all_images\tumor__Y3_35\distortions\gaussian_noise.png",tumor,tumor,True,TT,0.615744
distorted,gaussian_noise,"C:\Users\micha\OneDrive\שולחן העבודה\wordsFiles\Brain_Mri\data\Data 1 with distortion\all_images\tumor__Y41_14\distortions\gaussian_noise.png",tumor,tumor,True,TT,0.924360
distorted,gaussian_noise,"C:\Users\micha\OneDrive\שולחן העבודה\wordsFiles\Brain_Mri\data\Data 1 with distortion\all_images\tumor__Y54_18\distortions\gaussian_noise.png",tumor,tumor,True,TT,0.738946
distorted,gaussian_noise,"C:\Users\micha\OneDrive\שולחן העבודה\wordsFiles\Brain_Mri\data\Data 1 with distortion\all_images\tumor__Y61_12\distortions\gaussian_noise.png",tumor,tumor,True,TT,0.755742
distorted,gaussian_noise,"C:\Users\micha\OneDrive\שולחן העבודה\wordsFiles\Brain_Mri\data\Data 1 with distortion\all_images\tumor__Y6_4\distortions\gaussian_noise.png",tumor,tumor,True,TT,0.619539
distorted,gaussian_noise,"C:\Users\micha\OneDrive\שולחן העבודה\wordsFiles\Brain_Mri\data\Data 1 with distortion\all_images\tumor__Y73_29\distortions\gaussian_noise.png",tumor,tumor,True,TT,0.897514
distorted,gaussian_noise,"C:\Users\micha\OneDrive\שולחן העבודה\wordsFiles\Brain_Mri\data\Data 1 with distortion\all_images\tumor__Y78_30\distortions\gaussian_noise.png",tumor,tumor,True,TT,0.551785
distorted,gaussian_noise,"C:\Users\micha\OneDrive\שולחן העבודה\wordsFiles\Brain_Mri\data\Data 1 with distortion\all_images\tumor__Y79_13\distortions\gaussian_noise.png",tumor,tumor,True,TT,0.890463
distorted,gaussian_noise,"C:\Users\micha\OneDrive\שולחן העבודה\wordsFiles\Brain_Mri\data\Data 1 with distortion\all_images\tumor__Y90_3\distortions\gaussian_noise.png",tumor,tumor,True,TT,0.563784
distorted,gaussian_noise,"C:\Users\micha\OneDrive\שולחן העבודה\wordsFiles\Brain_Mri\data\Data 1 with distortion\all_images\tumor__Y95_8\distortions\gaussian_noise.png",tumor,no_tumor,False,TF,0.492217
restored,gaussian_noise,"C:\Users\micha\OneDrive\שולחן העבודה\wordsFiles\Brain_Mri\data\Data 1 with distortion\all_images\no_tumor__14 no_28\restoration\gaussian_noise_restored.png",no_tumor,tumor,False,FT,0.543311
restored,gaussian_noise,"C:\Users\micha\OneDrive\שולחן העבודה\wordsFiles\Brain_Mri\data\Data 1 with distortion\all_images\no_tumor__19 no_16\restoration\gaussian_noise_restored.png",no_tumor,no_tumor,True,FF,0.430384
restored,gaussian_noise,"C:\Users\micha\OneDrive\שולחן העבודה\wordsFiles\Brain_Mri\data\Data 1 with distortion\all_images\no_tumor__20 no_19\restoration\gaussian_noise_restored.png",no_tumor,tumor,False,FT,0.693926
restored,gaussian_noise,"C:\Users\micha\OneDrive\שולחן העבודה\wordsFiles\Brain_Mri\data\Data 1 with distortion\all_images\no_tumor__27 no_2\restoration\gaussian_noise_restored.png",no_tumor,tumor,False,FT,0.684240
restored,gaussian_noise,"C:\Users\micha\OneDrive\שולחן העבודה\wordsFiles\Brain_Mri\data\Data 1 with distortion\all_images\no_tumor__32 no_1\restoration\gaussian_noise_restored.png",no_tumor,no_tumor,True,FF,0.392736
restored,gaussian_noise,"C:\Users\micha\OneDrive\שולחן העבודה\wordsFiles\Brain_Mri\data\Data 1 with distortion\all_images\no_tumor__34 no_0\restoration\gaussian_noise_restored.png",no_tumor,tumor,False,FT,0.948843
restored,gaussian_noise,"C:\Users\micha\OneDrive\שולחן העבודה\wordsFiles\Brain_Mri\data\Data 1 with distortion\all_images\no_tumor__39 no_11\restoration\gaussian_noise_restored.png",no_tumor,tumor,False,FT,0.736520
restored,gaussian_noise,"C:\Users\micha\OneDrive\שולחן העבודה\wordsFiles\Brain_Mri\data\Data 1 with distortion\all_images\no_tumor__N11_25\restoration\gaussian_noise_restored.png",no_tumor,tumor,False,FT,0.783977
restored,gaussian_noise,"C:\Users\micha\OneDrive\שולחן העבודה\wordsFiles\Brain_Mri\data\Data 1 with distortion\all_images\no_tumor__N15_10\restoration\gaussian_noise_restored.png",no_tumor,tumor,False,FT,0.664034
restored,gaussian_noise,"C:\Users\micha\OneDrive\שולחן העבודה\wordsFiles\Brain_Mri\data\Data 1 with distortion\all_images\no_tumor__N16_26\restoration\gaussian_noise_restored.png",no_tumor,tumor,False,FT,0.909207
restored,gaussian_noise,"C:\Users\micha\OneDrive\שולחן העבודה\wordsFiles\Brain_Mri\data\Data 1 with distortion\all_images\no_tumor__N17_7\restoration\gaussian_noise_restored.png",no_tumor,tumor,False,FT,0.907659
restored,gaussian_noise,"C:\Users\micha\OneDrive\שולחן העבודה\wordsFiles\Brain_Mri\data\Data 1 with distortion\all_images\no_tumor__N21_34\restoration\gaussian_noise_restored.png",no_tumor,no_tumor,True,FF,0.417008
restored,gaussian_noise,"C:\Users\micha\OneDrive\שולחן העבודה\wordsFiles\Brain_Mri\data\Data 1 with distortion\all_images\no_tumor__N22_31\restoration\gaussian_noise_restored.png",no_tumor,tumor,False,FT,0.859641
restored,gaussian_noise,"C:\Users\micha\OneDrive\שולחן העבודה\wordsFiles\Brain_Mri\data\Data 1 with distortion\all_images\no_tumor__N26_21\restoration\gaussian_noise_restored.png",no_tumor,tumor,False,FT,0.904171
restored,gaussian_noise,"C:\Users\micha\OneDrive\שולחן העבודה\wordsFiles\Brain_Mri\data\Data 1 with distortion\all_images\no_tumor__No21_6\restoration\gaussian_noise_restored.png",no_tumor,tumor,False,FT,0.758950
restored,gaussian_noise,"C:\Users\micha\OneDrive\שולחן העבודה\wordsFiles\Brain_Mri\data\Data 1 with distortion\all_images\tumor__Y115_5\restoration\gaussian_noise_restored.png",tumor,tumor,True,TT,0.913582
restored,gaussian_noise,"C:\Users\micha\OneDrive\שולחן העבודה\wordsFiles\Brain_Mri\data\Data 1 with distortion\all_images\tumor__Y116_17\restoration\gaussian_noise_restored.png",tumor,tumor,True,TT,0.845724
restored,gaussian_noise,"C:\Users\micha\OneDrive\שולחן העבודה\wordsFiles\Brain_Mri\data\Data 1 with distortion\all_images\tumor__Y155_24\restoration\gaussian_noise_restored.png",tumor,tumor,True,TT,0.988415
restored,gaussian_noise,"C:\Users\micha\OneDrive\שולחן העבודה\wordsFiles\Brain_Mri\data\Data 1 with distortion\all_images\tumor__Y162_27\restoration\gaussian_noise_restored.png",tumor,tumor,True,TT,0.741146
restored,gaussian_noise,"C:\Users\micha\OneDrive\שולחן העבודה\wordsFiles\Brain_Mri\data\Data 1 with distortion\all_images\tumor__Y180_33\restoration\gaussian_noise_restored.png",tumor,tumor,True,TT,0.999270
restored,gaussian_noise,"C:\Users\micha\OneDrive\שולחן העבודה\wordsFiles\Brain_Mri\data\Data 1 with distortion\all_images\tumor__Y1_22\restoration\gaussian_noise_restored.png",tumor,tumor,True,TT,0.886854
restored,gaussian_noise,"C:\Users\micha\OneDrive\שולחן העבודה\wordsFiles\Brain_Mri\data\Data 1 with distortion\all_images\tumor__Y20_15\restoration\gaussian_noise_restored.png",tumor,tumor,True,TT,0.908629
restored,gaussian_noise,"C:\Users\micha\OneDrive\שולחן העבודה\wordsFiles\Brain_Mri\data\Data 1 with distortion\all_images\tumor__Y21_36\restoration\gaussian_noise_restored.png",tumor,tumor,True,TT,0.887822
restored,gaussian_noise,"C:\Users\micha\OneDrive\שולחן העבודה\wordsFiles\Brain_Mri\data\Data 1 with distortion\all_images\tumor__Y257_9\restoration\gaussian_noise_restored.png",tumor,tumor,True,TT,0.934810
restored,gaussian_noise,"C:\Users\micha\OneDrive\שולחן העבודה\wordsFiles\Brain_Mri\data\Data 1 with distortion\all_images\tumor__Y258_32\restoration\gaussian_noise_restored.png",tumor,tumor,True,TT,0.904838
restored,gaussian_noise,"C:\Users\micha\OneDrive\שולחן העבודה\wordsFiles\Brain_Mri\data\Data 1 with distortion\all_images\tumor__Y35_37\restoration\gaussian_noise_restored.png",tumor,tumor,True,TT,0.861079
restored,gaussian_noise,"C:\Users\micha\OneDrive\שולחן העבודה\wordsFiles\Brain_Mri\data\Data 1 with distortion\all_images\tumor__Y36_23\restoration\gaussian_noise_restored.png",tumor,tumor,True,TT,0.972113
restored,gaussian_noise,"C:\Users\micha\OneDrive\שולחן העבודה\wordsFiles\Brain_Mri\data\Data 1 with distortion\all_images\tumor__Y37_20\restoration\gaussian_noise_restored.png",tumor,tumor,True,TT,0.977495
restored,gaussian_noise,"C:\Users\micha\OneDrive\שולחן העבודה\wordsFiles\Brain_Mri\data\Data 1 with distortion\all_images\tumor__Y3_35\restoration\gaussian_noise_restored.png",tumor,tumor,True,TT,0.926163
restored,gaussian_noise,"C:\Users\micha\OneDrive\שולחן העבודה\wordsFiles\Brain_Mri\data\Data 1 with distortion\all_images\tumor__Y41_14\restoration\gaussian_noise_restored.png",tumor,tumor,True,TT,0.976807
restored,gaussian_noise,"C:\Users\micha\OneDrive\שולחן העבודה\wordsFiles\Brain_Mri\data\Data 1 with distortion\all_images\tumor__Y54_18\restoration\gaussian_noise_restored.png",tumor,tumor,True,TT,0.969995
restored,gaussian_noise,"C:\Users\micha\OneDrive\שולחן העבודה\wordsFiles\Brain_Mri\data\Data 1 with distortion\all_images\tumor__Y61_12\restoration\gaussian_noise_restored.png",tumor,tumor,True,TT,0.913410
restored,gaussian_noise,"C:\Users\micha\OneDrive\שולחן העבודה\wordsFiles\Brain_Mri\data\Data 1 with distortion\all_images\tumor__Y6_4\restoration\gaussian_noise_restored.png",tumor,tumor,True,TT,0.913929
restored,gaussian_noise,"C:\Users\micha\OneDrive\שולחן העבודה\wordsFiles\Brain_Mri\data\Data 1 with distortion\all_images\tumor__Y73_29\restoration\gaussian_noise_restored.png",tumor,tumor,True,TT,0.920524
restored,gaussian_noise,"C:\Users\micha\OneDrive\שולחן העבודה\wordsFiles\Brain_Mri\data\Data 1 with distortion\all_images\tumor__Y78_30\restoration\gaussian_noise_restored.png",tumor,tumor,True,TT,0.850351
restored,gaussian_noise,"C:\Users\micha\OneDrive\שולחן העבודה\wordsFiles\Brain_Mri\data\Data 1 with distortion\all_images\tumor__Y79_13\restoration\gaussian_noise_restored.png",tumor,tumor,True,TT,0.976757
restored,gaussian_noise,"C:\Users\micha\OneDrive\שולחן העבודה\wordsFiles\Brain_Mri\data\Data 1 with distortion\all_images\tumor__Y90_3\restoration\gaussian_noise_restored.png",tumor,tumor,True,TT,0.585706
restored,gaussian_noise,"C:\Users\micha\OneDrive\שולחן העבודה\wordsFiles\Brain_Mri\data\Data 1 with distortion\all_images\tumor__Y95_8\restoration\gaussian_noise_restored.png",tumor,tumor,True,TT,0.760992
distorted,salt_and_pepper,"C:\Users\micha\OneDrive\שולחן העבודה\wordsFiles\Brain_Mri\data\Data 1 with distortion\all_images\no_tumor__14 no_28\distortions\salt_and_pepper.png",no_tumor,no_tumor,True,FF,0.006709
distorted,salt_and_pepper,"C:\Users\micha\OneDrive\שולחן העבודה\wordsFiles\Brain_Mri\data\Data 1 with distortion\all_images\no_tumor__19 no_16\distortions\salt_and_pepper.png",no_tumor,no_tumor,True,FF,0.001116
distorted,salt_and_pepper,"C:\Users\micha\OneDrive\שולחן העבודה\wordsFiles\Brain_Mri\data\Data 1 with distortion\all_images\no_tumor__20 no_19\distortions\salt_and_pepper.png",no_tumor,no_tumor,True,FF,0.065097
distorted,salt_and_pepper,"C:\Users\micha\OneDrive\שולחן העבודה\wordsFiles\Brain_Mri\data\Data 1 with distortion\all_images\no_tumor__27 no_2\distortions\salt_and_pepper.png",no_tumor,no_tumor,True,FF,0.005698
distorted,salt_and_pepper,"C:\Users\micha\OneDrive\שולחן העבודה\wordsFiles\Brain_Mri\data\Data 1 with distortion\all_images\no_tumor__32 no_1\distortions\salt_and_pepper.png",no_tumor,no_tumor,True,FF,0.001368
distorted,salt_and_pepper,"C:\Users\micha\OneDrive\שולחן העבודה\wordsFiles\Brain_Mri\data\Data 1 with distortion\all_images\no_tumor__34 no_0\distortions\salt_and_pepper.png",no_tumor,no_tumor,True,FF,0.019155
distorted,salt_and_pepper,"C:\Users\micha\OneDrive\שולחן העבודה\wordsFiles\Brain_Mri\data\Data 1 with distortion\all_images\no_tumor__39 no_11\distortions\salt_and_pepper.png",no_tumor,no_tumor,True,FF,0.005017
distorted,salt_and_pepper,"C:\Users\micha\OneDrive\שולחן העבודה\wordsFiles\Brain_Mri\data\Data 1 with distortion\all_images\no_tumor__N11_25\distortions\salt_and_pepper.png",no_tumor,no_tumor,True,FF,0.005904
distorted,salt_and_pepper,"C:\Users\micha\OneDrive\שולחן העבודה\wordsFiles\Brain_Mri\data\Data 1 with distortion\all_images\no_tumor__N15_10\distortions\salt_and_pepper.png",no_tumor,no_tumor,True,FF,0.020753
distorted,salt_and_pepper,"C:\Users\micha\OneDrive\שולחן העבודה\wordsFiles\Brain_Mri\data\Data 1 with distortion\all_images\no_tumor__N16_26\distortions\salt_and_pepper.png",no_tumor,no_tumor,True,FF,0.012032
distorted,salt_and_pepper,"C:\Users\micha\OneDrive\שולחן העבודה\wordsFiles\Brain_Mri\data\Data 1 with distortion\all_images\no_tumor__N17_7\distortions\salt_and_pepper.png",no_tumor,no_tumor,True,FF,0.011609
distorted,salt_and_pepper,"C:\Users\micha\OneDrive\שולחן העבודה\wordsFiles\Brain_Mri\data\Data 1 with distortion\all_images\no_tumor__N21_34\distortions\salt_and_pepper.png",no_tumor,no_tumor,True,FF,0.003801
distorted,salt_and_pepper,"C:\Users\micha\OneDrive\שולחן העבודה\wordsFiles\Brain_Mri\data\Data 1 with distortion\all_images\no_tumor__N22_31\distortions\salt_and_pepper.png",no_tumor,no_tumor,True,FF,0.006436
distorted,salt_and_pepper,"C:\Users\micha\OneDrive\שולחן העבודה\wordsFiles\Brain_Mri\data\Data 1 with distortion\all_images\no_tumor__N26_21\distortions\salt_and_pepper.png",no_tumor,no_tumor,True,FF,0.143489
distorted,salt_and_pepper,"C:\Users\micha\OneDrive\שולחן העבודה\wordsFiles\Brain_Mri\data\Data 1 with distortion\all_images\no_tumor__No21_6\distortions\salt_and_pepper.png",no_tumor,no_tumor,True,FF,0.005050
distorted,salt_and_pepper,"C:\Users\micha\OneDrive\שולחן העבודה\wordsFiles\Brain_Mri\data\Data 1 with distortion\all_images\tumor__Y115_5\distortions\salt_and_pepper.png",tumor,no_tumor,False,TF,0.087169
distorted,salt_and_pepper,"C:\Users\micha\OneDrive\שולחן העבודה\wordsFiles\Brain_Mri\data\Data 1 with distortion\all_images\tumor__Y116_17\distortions\salt_and_pepper.png",tumor,no_tumor,False,TF,0.040493
distorted,salt_and_pepper,"C:\Users\micha\OneDrive\שולחן העבודה\wordsFiles\Brain_Mri\data\Data 1 with distortion\all_images\tumor__Y155_24\distortions\salt_and_pepper.png",tumor,no_tumor,False,TF,0.288029
distorted,salt_and_pepper,"C:\Users\micha\OneDrive\שולחן העבודה\wordsFiles\Brain_Mri\data\Data 1 with distortion\all_images\tumor__Y162_27\distortions\salt_and_pepper.png",tumor,no_tumor,False,TF,0.009415
distorted,salt_and_pepper,"C:\Users\micha\OneDrive\שולחן העבודה\wordsFiles\Brain_Mri\data\Data 1 with distortion\all_images\tumor__Y180_33\distortions\salt_and_pepper.png",tumor,tumor,True,TT,0.934118
distorted,salt_and_pepper,"C:\Users\micha\OneDrive\שולחן העבודה\wordsFiles\Brain_Mri\data\Data 1 with distortion\all_images\tumor__Y1_22\distortions\salt_and_pepper.png",tumor,no_tumor,False,TF,0.064296
distorted,salt_and_pepper,"C:\Users\micha\OneDrive\שולחן העבודה\wordsFiles\Brain_Mri\data\Data 1 with distortion\all_images\tumor__Y20_15\distortions\salt_and_pepper.png",tumor,no_tumor,False,TF,0.041697
distorted,salt_and_pepper,"C:\Users\micha\OneDrive\שולחן העבודה\wordsFiles\Brain_Mri\data\Data 1 with distortion\all_images\tumor__Y21_36\distortions\salt_and_pepper.png",tumor,no_tumor,False,TF,0.212245
distorted,salt_and_pepper,"C:\Users\micha\OneDrive\שולחן העבודה\wordsFiles\Brain_Mri\data\Data 1 with distortion\all_images\tumor__Y257_9\distortions\salt_and_pepper.png",tumor,no_tumor,False,TF,0.015496
distorted,salt_and_pepper,"C:\Users\micha\OneDrive\שולחן העבודה\wordsFiles\Brain_Mri\data\Data 1 with distortion\all_images\tumor__Y258_32\distortions\salt_and_pepper.png",tumor,no_tumor,False,TF,0.019020
distorted,salt_and_pepper,"C:\Users\micha\OneDrive\שולחן העבודה\wordsFiles\Brain_Mri\data\Data 1 with distortion\all_images\tumor__Y35_37\distortions\salt_and_pepper.png",tumor,no_tumor,False,TF,0.011284
distorted,salt_and_pepper,"C:\Users\micha\OneDrive\שולחן העבודה\wordsFiles\Brain_Mri\data\Data 1 with distortion\all_images\tumor__Y36_23\distortions\salt_and_pepper.png",tumor,no_tumor,False,TF,0.396148
distorted,salt_and_pepper,"C:\Users\micha\OneDrive\שולחן העבודה\wordsFiles\Brain_Mri\data\Data 1 with distortion\all_images\tumor__Y37_20\distortions\salt_and_pepper.png",tumor,tumor,True,TT,0.580482
distorted,salt_and_pepper,"C:\Users\micha\OneDrive\שולחן העבודה\wordsFiles\Brain_Mri\data\Data 1 with distortion\all_images\tumor__Y3_35\distortions\salt_and_pepper.png",tumor,no_tumor,False,TF,0.021481
distorted,salt_and_pepper,"C:\Users\micha\OneDrive\שולחן העבודה\wordsFiles\Brain_Mri\data\Data 1 with distortion\all_images\tumor__Y41_14\distortions\salt_and_pepper.png",tumor,no_tumor,False,TF,0.204976
distorted,salt_and_pepper,"C:\Users\micha\OneDrive\שולחן העבודה\wordsFiles\Brain_Mri\data\Data 1 with distortion\all_images\tumor__Y54_18\distortions\salt_and_pepper.png",tumor,no_tumor,False,TF,0.033752
distorted,salt_and_pepper,"C:\Users\micha\OneDrive\שולחן העבודה\wordsFiles\Brain_Mri\data\Data 1 with distortion\all_images\tumor__Y61_12\distortions\salt_and_pepper.png",tumor,no_tumor,False,TF,0.033266
distorted,salt_and_pepper,"C:\Users\micha\OneDrive\שולחן העבודה\wordsFiles\Brain_Mri\data\Data 1 with distortion\all_images\tumor__Y6_4\distortions\salt_and_pepper.png",tumor,no_tumor,False,TF,0.012300
distorted,salt_and_pepper,"C:\Users\micha\OneDrive\שולחן העבודה\wordsFiles\Brain_Mri\data\Data 1 with distortion\all_images\tumor__Y73_29\distortions\salt_and_pepper.png",tumor,no_tumor,False,TF,0.222185
distorted,salt_and_pepper,"C:\Users\micha\OneDrive\שולחן העבודה\wordsFiles\Brain_Mri\data\Data 1 with distortion\all_images\tumor__Y78_30\distortions\salt_and_pepper.png",tumor,no_tumor,False,TF,0.012630
distorted,salt_and_pepper,"C:\Users\micha\OneDrive\שולחן העבודה\wordsFiles\Brain_Mri\data\Data 1 with distortion\all_images\tumor__Y79_13\distortions\salt_and_pepper.png",tumor,no_tumor,False,TF,0.207723
distorted,salt_and_pepper,"C:\Users\micha\OneDrive\שולחן העבודה\wordsFiles\Brain_Mri\data\Data 1 with distortion\all_images\tumor__Y90_3\distortions\salt_and_pepper.png",tumor,no_tumor,False,TF,0.006985
distorted,salt_and_pepper,"C:\Users\micha\OneDrive\שולחן העבודה\wordsFiles\Brain_Mri\data\Data 1 with distortion\all_images\tumor__Y95_8\distortions\salt_and_pepper.png",tumor,no_tumor,False,TF,0.003697
restored,salt_and_pepper,"C:\Users\micha\OneDrive\שולחן העבודה\wordsFiles\Brain_Mri\data\Data 1 with distortion\all_images\no_tumor__14 no_28\restoration\salt_and_pepper_restored.png",no_tumor,no_tumor,True,FF,0.288102
restored,salt_and_pepper,"C:\Users\micha\OneDrive\שולחן העבודה\wordsFiles\Brain_Mri\data\Data 1 with distortion\all_images\no_tumor__19 no_16\restoration\salt_and_pepper_restored.png",no_tumor,no_tumor,True,FF,0.191094
restored,salt_and_pepper,"C:\Users\micha\OneDrive\שולחן העבודה\wordsFiles\Brain_Mri\data\Data 1 with distortion\all_images\no_tumor__20 no_19\restoration\salt_and_pepper_restored.png",no_tumor,tumor,False,FT,0.529699
restored,salt_and_pepper,"C:\Users\micha\OneDrive\שולחן העבודה\wordsFiles\Brain_Mri\data\Data 1 with distortion\all_images\no_tumor__27 no_2\restoration\salt_and_pepper_restored.png",no_tumor,no_tumor,True,FF,0.454972
restored,salt_and_pepper,"C:\Users\micha\OneDrive\שולחן העבודה\wordsFiles\Brain_Mri\data\Data 1 with distortion\all_images\no_tumor__32 no_1\restoration\salt_and_pepper_restored.png",no_tumor,no_tumor,True,FF,0.158392
restored,salt_and_pepper,"C:\Users\micha\OneDrive\שולחן העבודה\wordsFiles\Brain_Mri\data\Data 1 with distortion\all_images\no_tumor__34 no_0\restoration\salt_and_pepper_restored.png",no_tumor,tumor,False,FT,0.910099
restored,salt_and_pepper,"C:\Users\micha\OneDrive\שולחן העבודה\wordsFiles\Brain_Mri\data\Data 1 with distortion\all_images\no_tumor__39 no_11\restoration\salt_and_pepper_restored.png",no_tumor,tumor,False,FT,0.569281
restored,salt_and_pepper,"C:\Users\micha\OneDrive\שולחן העבודה\wordsFiles\Brain_Mri\data\Data 1 with distortion\all_images\no_tumor__N11_25\restoration\salt_and_pepper_restored.png",no_tumor,tumor,False,FT,0.593821
restored,salt_and_pepper,"C:\Users\micha\OneDrive\שולחן העבודה\wordsFiles\Brain_Mri\data\Data 1 with distortion\all_images\no_tumor__N15_10\restoration\salt_and_pepper_restored.png",no_tumor,no_tumor,True,FF,0.482389
restored,salt_and_pepper,"C:\Users\micha\OneDrive\שולחן העבודה\wordsFiles\Brain_Mri\data\Data 1 with distortion\all_images\no_tumor__N16_26\restoration\salt_and_pepper_restored.png",no_tumor,tumor,False,FT,0.835815
restored,salt_and_pepper,"C:\Users\micha\OneDrive\שולחן העבודה\wordsFiles\Brain_Mri\data\Data 1 with distortion\all_images\no_tumor__N17_7\restoration\salt_and_pepper_restored.png",no_tumor,tumor,False,FT,0.833869
restored,salt_and_pepper,"C:\Users\micha\OneDrive\שולחן העבודה\wordsFiles\Brain_Mri\data\Data 1 with distortion\all_images\no_tumor__N21_34\restoration\salt_and_pepper_restored.png",no_tumor,no_tumor,True,FF,0.196198
restored,salt_and_pepper,"C:\Users\micha\OneDrive\שולחן העבודה\wordsFiles\Brain_Mri\data\Data 1 with distortion\all_images\no_tumor__N22_31\restoration\salt_and_pepper_restored.png",no_tumor,tumor,False,FT,0.736956
restored,salt_and_pepper,"C:\Users\micha\OneDrive\שולחן העבודה\wordsFiles\Brain_Mri\data\Data 1 with distortion\all_images\no_tumor__N26_21\restoration\salt_and_pepper_restored.png",no_tumor,tumor,False,FT,0.848073
restored,salt_and_pepper,"C:\Users\micha\OneDrive\שולחן העבודה\wordsFiles\Brain_Mri\data\Data 1 with distortion\all_images\no_tumor__No21_6\restoration\salt_and_pepper_restored.png",no_tumor,tumor,False,FT,0.610052
restored,salt_and_pepper,"C:\Users\micha\OneDrive\שולחן העבודה\wordsFiles\Brain_Mri\data\Data 1 with distortion\all_images\tumor__Y115_5\restoration\salt_and_pepper_restored.png",tumor,tumor,True,TT,0.844630
restored,salt_and_pepper,"C:\Users\micha\OneDrive\שולחן העבודה\wordsFiles\Brain_Mri\data\Data 1 with distortion\all_images\tumor__Y116_17\restoration\salt_and_pepper_restored.png",tumor,tumor,True,TT,0.699728
restored,salt_and_pepper,"C:\Users\micha\OneDrive\שולחן העבודה\wordsFiles\Brain_Mri\data\Data 1 with distortion\all_images\tumor__Y155_24\restoration\salt_and_pepper_restored.png",tumor,tumor,True,TT,0.982327
restored,salt_and_pepper,"C:\Users\micha\OneDrive\שולחן העבודה\wordsFiles\Brain_Mri\data\Data 1 with distortion\all_images\tumor__Y162_27\restoration\salt_and_pepper_restored.png",tumor,tumor,True,TT,0.552306
restored,salt_and_pepper,"C:\Users\micha\OneDrive\שולחן העבודה\wordsFiles\Brain_Mri\data\Data 1 with distortion\all_images\tumor__Y180_33\restoration\salt_and_pepper_restored.png",tumor,tumor,True,TT,0.999444
restored,salt_and_pepper,"C:\Users\micha\OneDrive\שולחן העבודה\wordsFiles\Brain_Mri\data\Data 1 with distortion\all_images\tumor__Y1_22\restoration\salt_and_pepper_restored.png",tumor,tumor,True,TT,0.763396
restored,salt_and_pepper,"C:\Users\micha\OneDrive\שולחן העבודה\wordsFiles\Brain_Mri\data\Data 1 with distortion\all_images\tumor__Y20_15\restoration\salt_and_pepper_restored.png",tumor,tumor,True,TT,0.824380
restored,salt_and_pepper,"C:\Users\micha\OneDrive\שולחן העבודה\wordsFiles\Brain_Mri\data\Data 1 with distortion\all_images\tumor__Y21_36\restoration\salt_and_pepper_restored.png",tumor,tumor,True,TT,0.783078
restored,salt_and_pepper,"C:\Users\micha\OneDrive\שולחן העבודה\wordsFiles\Brain_Mri\data\Data 1 with distortion\all_images\tumor__Y257_9\restoration\salt_and_pepper_restored.png",tumor,tumor,True,TT,0.885131
restored,salt_and_pepper,"C:\Users\micha\OneDrive\שולחן העבודה\wordsFiles\Brain_Mri\data\Data 1 with distortion\all_images\tumor__Y258_32\restoration\salt_and_pepper_restored.png",tumor,tumor,True,TT,0.803086
restored,salt_and_pepper,"C:\Users\micha\OneDrive\שולחן העבודה\wordsFiles\Brain_Mri\data\Data 1 with distortion\all_images\tumor__Y35_37\restoration\salt_and_pepper_restored.png",tumor,tumor,True,TT,0.753318
restored,salt_and_pepper,"C:\Users\micha\OneDrive\שולחן העבודה\wordsFiles\Brain_Mri\data\Data 1 with distortion\all_images\tumor__Y36_23\restoration\salt_and_pepper_restored.png",tumor,tumor,True,TT,0.954169
restored,salt_and_pepper,"C:\Users\micha\OneDrive\שולחן העבודה\wordsFiles\Brain_Mri\data\Data 1 with distortion\all_images\tumor__Y37_20\restoration\salt_and_pepper_restored.png",tumor,tumor,True,TT,0.973138
restored,salt_and_pepper,"C:\Users\micha\OneDrive\שולחן העבודה\wordsFiles\Brain_Mri\data\Data 1 with distortion\all_images\tumor__Y3_35\restoration\salt_and_pepper_restored.png",tumor,tumor,True,TT,0.837693
restored,salt_and_pepper,"C:\Users\micha\OneDrive\שולחן העבודה\wordsFiles\Brain_Mri\data\Data 1 with distortion\all_images\tumor__Y41_14\restoration\salt_and_pepper_restored.png",tumor,tumor,True,TT,0.966002
restored,salt_and_pepper,"C:\Users\micha\OneDrive\שולחן העבודה\wordsFiles\Brain_Mri\data\Data 1 with distortion\all_images\tumor__Y54_18\restoration\salt_and_pepper_restored.png",tumor,tumor,True,TT,0.952864
restored,salt_and_pepper,"C:\Users\micha\OneDrive\שולחן העבודה\wordsFiles\Brain_Mri\data\Data 1 with distortion\all_images\tumor__Y61_12\restoration\salt_and_pepper_restored.png",tumor,tumor,True,TT,0.820925
restored,salt_and_pepper,"C:\Users\micha\OneDrive\שולחן העבודה\wordsFiles\Brain_Mri\data\Data 1 with distortion\all_images\tumor__Y6_4\restoration\salt_and_pepper_restored.png",tumor,tumor,True,TT,0.831722
restored,salt_and_pepper,"C:\Users\micha\OneDrive\שולחן העבודה\wordsFiles\Brain_Mri\data\Data 1 with distortion\all_images\tumor__Y73_29\restoration\salt_and_pepper_restored.png",tumor,tumor,True,TT,0.871549
restored,salt_and_pepper,"C:\Users\micha\OneDrive\שולחן העבודה\wordsFiles\Brain_Mri\data\Data 1 with distortion\all_images\tumor__Y78_30\restoration\salt_and_pepper_restored.png",tumor,tumor,True,TT,0.711065
restored,salt_and_pepper,"C:\Users\micha\OneDrive\שולחן העבודה\wordsFiles\Brain_Mri\data\Data 1 with distortion\all_images\tumor__Y79_13\restoration\salt_and_pepper_restored.png",tumor,tumor,True,TT,0.965328
restored,salt_and_pepper,"C:\Users\micha\OneDrive\שולחן העבודה\wordsFiles\Brain_Mri\data\Data 1 with distortion\all_images\tumor__Y90_3\restoration\salt_and_pepper_restored.png",tumor,no_tumor,False,TF,0.334709
restored,salt_and_pepper,"C:\Users\micha\OneDrive\שולחן העבודה\wordsFiles\Brain_Mri\data\Data 1 with distortion\all_images\tumor__Y95_8\restoration\salt_and_pepper_restored.png",tumor,tumor,True,TT,0.535035
distorted,gaussian_blur,"C:\Users\micha\OneDrive\שולחן העבודה\wordsFiles\Brain_Mri\data\Data 1 with distortion\all_images\no_tumor__14 no_28\distortions\gaussian_blur.png",no_tumor,tumor,False,FT,0.938209
distorted,gaussian_blur,"C:\Users\micha\OneDrive\שולחן העבודה\wordsFiles\Brain_Mri\data\Data 1 with distortion\all_images\no_tumor__19 no_16\distortions\gaussian_blur.png",no_tumor,tumor,False,FT,0.697111
distorted,gaussian_blur,"C:\Users\micha\OneDrive\שולחן העבודה\wordsFiles\Brain_Mri\data\Data 1 with distortion\all_images\no_tumor__20 no_19\distortions\gaussian_blur.png",no_tumor,tumor,False,FT,0.930189
distorted,gaussian_blur,"C:\Users\micha\OneDrive\שולחן העבודה\wordsFiles\Brain_Mri\data\Data 1 with distortion\all_images\no_tumor__27 no_2\distortions\gaussian_blur.png",no_tumor,tumor,False,FT,0.963911
distorted,gaussian_blur,"C:\Users\micha\OneDrive\שולחן העבודה\wordsFiles\Brain_Mri\data\Data 1 with distortion\all_images\no_tumor__32 no_1\distortions\gaussian_blur.png",no_tumor,tumor,False,FT,0.719698
distorted,gaussian_blur,"C:\Users\micha\OneDrive\שולחן העבודה\wordsFiles\Brain_Mri\data\Data 1 with distortion\all_images\no_tumor__34 no_0\distortions\gaussian_blur.png",no_tumor,tumor,False,FT,0.995275
distorted,gaussian_blur,"C:\Users\micha\OneDrive\שולחן העבודה\wordsFiles\Brain_Mri\data\Data 1 with distortion\all_images\no_tumor__39 no_11\distortions\gaussian_blur.png",no_tumor,tumor,False,FT,0.954525
distorted,gaussian_blur,"C:\Users\micha\OneDrive\שולחן העבודה\wordsFiles\Brain_Mri\data\Data 1 with distortion\all_images\no_tumor__N11_25\distortions\gaussian_blur.png",no_tumor,tumor,False,FT,0.958157
distorted,gaussian_blur,"C:\Users\micha\OneDrive\שולחן העבודה\wordsFiles\Brain_Mri\data\Data 1 with distortion\all_images\no_tumor__N15_10\distortions\gaussian_blur.png",no_tumor,tumor,False,FT,0.765632
distorted,gaussian_blur,"C:\Users\micha\OneDrive\שולחן העבודה\wordsFiles\Brain_Mri\data\Data 1 with distortion\all_images\no_tumor__N16_26\distortions\gaussian_blur.png",no_tumor,tumor,False,FT,0.972460
distorted,gaussian_blur,"C:\Users\micha\OneDrive\שולחן העבודה\wordsFiles\Brain_Mri\data\Data 1 with distortion\all_images\no_tumor__N17_7\distortions\gaussian_blur.png",no_tumor,tumor,False,FT,0.971557
distorted,gaussian_blur,"C:\Users\micha\OneDrive\שולחן העבודה\wordsFiles\Brain_Mri\data\Data 1 with distortion\all_images\no_tumor__N21_34\distortions\gaussian_blur.png",no_tumor,tumor,False,FT,0.869224
distorted,gaussian_blur,"C:\Users\micha\OneDrive\שולחן העבודה\wordsFiles\Brain_Mri\data\Data 1 with distortion\all_images\no_tumor__N22_31\distortions\gaussian_blur.png",no_tumor,tumor,False,FT,0.973713
distorted,gaussian_blur,"C:\Users\micha\OneDrive\שולחן העבודה\wordsFiles\Brain_Mri\data\Data 1 with distortion\all_images\no_tumor__N26_21\distortions\gaussian_blur.png",no_tumor,tumor,False,FT,0.949015
distorted,gaussian_blur,"C:\Users\micha\OneDrive\שולחן העבודה\wordsFiles\Brain_Mri\data\Data 1 with distortion\all_images\no_tumor__No21_6\distortions\gaussian_blur.png",no_tumor,tumor,False,FT,0.957109
distorted,gaussian_blur,"C:\Users\micha\OneDrive\שולחן העבודה\wordsFiles\Brain_Mri\data\Data 1 with distortion\all_images\tumor__Y115_5\distortions\gaussian_blur.png",tumor,tumor,True,TT,0.975511
distorted,gaussian_blur,"C:\Users\micha\OneDrive\שולחן העבודה\wordsFiles\Brain_Mri\data\Data 1 with distortion\all_images\tumor__Y116_17\distortions\gaussian_blur.png",tumor,tumor,True,TT,0.965509
distorted,gaussian_blur,"C:\Users\micha\OneDrive\שולחן העבודה\wordsFiles\Brain_Mri\data\Data 1 with distortion\all_images\tumor__Y155_24\distortions\gaussian_blur.png",tumor,tumor,True,TT,0.994698
distorted,gaussian_blur,"C:\Users\micha\OneDrive\שולחן העבודה\wordsFiles\Brain_Mri\data\Data 1 with distortion\all_images\tumor__Y162_27\distortions\gaussian_blur.png",tumor,tumor,True,TT,0.916851
distorted,gaussian_blur,"C:\Users\micha\OneDrive\שולחן העבודה\wordsFiles\Brain_Mri\data\Data 1 with distortion\all_images\tumor__Y180_33\distortions\gaussian_blur.png",tumor,tumor,True,TT,0.999637
distorted,gaussian_blur,"C:\Users\micha\OneDrive\שולחן העבודה\wordsFiles\Brain_Mri\data\Data 1 with distortion\all_images\tumor__Y1_22\distortions\gaussian_blur.png",tumor,tumor,True,TT,0.982193
distorted,gaussian_blur,"C:\Users\micha\OneDrive\שולחן העבודה\wordsFiles\Brain_Mri\data\Data 1 with distortion\all_images\tumor__Y20_15\distortions\gaussian_blur.png",tumor,tumor,True,TT,0.990134
distorted,gaussian_blur,"C:\Users\micha\OneDrive\שולחן העבודה\wordsFiles\Brain_Mri\data\Data 1 with distortion\all_images\tumor__Y21_36\distortions\gaussian_blur.png",tumor,tumor,True,TT,0.986435
distorted,gaussian_blur,"C:\Users\micha\OneDrive\שולחן העבודה\wordsFiles\Brain_Mri\data\Data 1 with distortion\all_images\tumor__Y257_9\distortions\gaussian_blur.png",tumor,tumor,True,TT,0.993711
distorted,gaussian_blur,"C:\Users\micha\OneDrive\שולחן העבודה\wordsFiles\Brain_Mri\data\Data 1 with distortion\all_images\tumor__Y258_32\distortions\gaussian_blur.png",tumor,tumor,True,TT,0.989309
distorted,gaussian_blur,"C:\Users\micha\OneDrive\שולחן העבודה\wordsFiles\Brain_Mri\data\Data 1 with distortion\all_images\tumor__Y35_37\distortions\gaussian_blur.png",tumor,tumor,True,TT,0.955335
distorted,gaussian_blur,"C:\Users\micha\OneDrive\שולחן העבודה\wordsFiles\Brain_Mri\data\Data 1 with distortion\all_images\tumor__Y36_23\distortions\gaussian_blur.png",tumor,tumor,True,TT,0.991300
distorted,gaussian_blur,"C:\Users\micha\OneDrive\שולחן העבודה\wordsFiles\Brain_Mri\data\Data 1 with distortion\all_images\tumor__Y37_20\distortions\gaussian_blur.png",tumor,tumor,True,TT,0.993455
distorted,gaussian_blur,"C:\Users\micha\OneDrive\שולחן העבודה\wordsFiles\Brain_Mri\data\Data 1 with distortion\all_images\tumor__Y3_35\distortions\gaussian_blur.png",tumor,tumor,True,TT,0.988299
distorted,gaussian_blur,"C:\Users\micha\OneDrive\שולחן העבודה\wordsFiles\Brain_Mri\data\Data 1 with distortion\all_images\tumor__Y41_14\distortions\gaussian_blur.png",tumor,tumor,True,TT,0.983595
distorted,gaussian_blur,"C:\Users\micha\OneDrive\שולחן העבודה\wordsFiles\Brain_Mri\data\Data 1 with distortion\all_images\tumor__Y54_18\distortions\gaussian_blur.png",tumor,tumor,True,TT,0.994135
distorted,gaussian_blur,"C:\Users\micha\OneDrive\שולחן העבודה\wordsFiles\Brain_Mri\data\Data 1 with distortion\all_images\tumor__Y61_12\distortions\gaussian_blur.png",tumor,tumor,True,TT,0.980436
distorted,gaussian_blur,"C:\Users\micha\OneDrive\שולחן העבודה\wordsFiles\Brain_Mri\data\Data 1 with distortion\all_images\tumor__Y6_4\distortions\gaussian_blur.png",tumor,tumor,True,TT,0.980143
distorted,gaussian_blur,"C:\Users\micha\OneDrive\שולחן העבודה\wordsFiles\Brain_Mri\data\Data 1 with distortion\all_images\tumor__Y73_29\distortions\gaussian_blur.png",tumor,tumor,True,TT,0.963105
distorted,gaussian_blur,"C:\Users\micha\OneDrive\שולחן העבודה\wordsFiles\Brain_Mri\data\Data 1 with distortion\all_images\tumor__Y78_30\distortions\gaussian_blur.png",tumor,tumor,True,TT,0.974585
distorted,gaussian_blur,"C:\Users\micha\OneDrive\שולחן העבודה\wordsFiles\Brain_Mri\data\Data 1 with distortion\all_images\tumor__Y79_13\distortions\gaussian_blur.png",tumor,tumor,True,TT,0.992397
distorted,gaussian_blur,"C:\Users\micha\OneDrive\שולחן העבודה\wordsFiles\Brain_Mri\data\Data 1 with distortion\all_images\tumor__Y90_3\distortions\gaussian_blur.png",tumor,tumor,True,TT,0.843047
distorted,gaussian_blur,"C:\Users\micha\OneDrive\שולחן העבודה\wordsFiles\Brain_Mri\data\Data 1 with distortion\all_images\tumor__Y95_8\distortions\gaussian_blur.png",tumor,tumor,True,TT,0.896963
restored,gaussian_blur,"C:\Users\micha\OneDrive\שולחן העבודה\wordsFiles\Brain_Mri\data\Data 1 with distortion\all_images\no_tumor__14 no_28\restoration\gaussian_blur_restored.png",no_tumor,tumor,False,FT,0.856913
restored,gaussian_blur,"C:\Users\micha\OneDrive\שולחן העבודה\wordsFiles\Brain_Mri\data\Data 1 with distortion\all_images\no_tumor__19 no_16\restoration\gaussian_blur_restored.png",no_tumor,tumor,False,FT,0.523593
restored,gaussian_blur,"C:\Users\micha\OneDrive\שולחן העבודה\wordsFiles\Brain_Mri\data\Data 1 with distortion\all_images\no_tumor__20 no_19\restoration\gaussian_blur_restored.png",no_tumor,tumor,False,FT,0.852665
restored,gaussian_blur,"C:\Users\micha\OneDrive\שולחן העבודה\wordsFiles\Brain_Mri\data\Data 1 with distortion\all_images\no_tumor__27 no_2\restoration\gaussian_blur_restored.png",no_tumor,tumor,False,FT,0.908059
restored,gaussian_blur,"C:\Users\micha\OneDrive\שולחן העבודה\wordsFiles\Brain_Mri\data\Data 1 with distortion\all_images\no_tumor__32 no_1\restoration\gaussian_blur_restored.png",no_tumor,tumor,False,FT,0.553699
restored,gaussian_blur,"C:\Users\micha\OneDrive\שולחן העבודה\wordsFiles\Brain_Mri\data\Data 1 with distortion\all_images\no_tumor__34 no_0\restoration\gaussian_blur_restored.png",no_tumor,tumor,False,FT,0.986632
restored,gaussian_blur,"C:\Users\micha\OneDrive\שולחן העבודה\wordsFiles\Brain_Mri\data\Data 1 with distortion\all_images\no_tumor__39 no_11\restoration\gaussian_blur_restored.png",no_tumor,tumor,False,FT,0.910985
restored,gaussian_blur,"C:\Users\micha\OneDrive\שולחן העבודה\wordsFiles\Brain_Mri\data\Data 1 with distortion\all_images\no_tumor__N11_25\restoration\gaussian_blur_restored.png",no_tumor,tumor,False,FT,0.912935
restored,gaussian_blur,"C:\Users\micha\OneDrive\שולחן העבודה\wordsFiles\Brain_Mri\data\Data 1 with distortion\all_images\no_tumor__N15_10\restoration\gaussian_blur_restored.png",no_tumor,tumor,False,FT,0.736919
restored,gaussian_blur,"C:\Users\micha\OneDrive\שולחן העבודה\wordsFiles\Brain_Mri\data\Data 1 with distortion\all_images\no_tumor__N16_26\restoration\gaussian_blur_restored.png",no_tumor,tumor,False,FT,0.958615
restored,gaussian_blur,"C:\Users\micha\OneDrive\שולחן העבודה\wordsFiles\Brain_Mri\data\Data 1 with distortion\all_images\no_tumor__N17_7\restoration\gaussian_blur_restored.png",no_tumor,tumor,False,FT,0.957411
restored,gaussian_blur,"C:\Users\micha\OneDrive\שולחן העבודה\wordsFiles\Brain_Mri\data\Data 1 with distortion\all_images\no_tumor__N21_34\restoration\gaussian_blur_restored.png",no_tumor,tumor,False,FT,0.737233
restored,gaussian_blur,"C:\Users\micha\OneDrive\שולחן העבודה\wordsFiles\Brain_Mri\data\Data 1 with distortion\all_images\no_tumor__N22_31\restoration\gaussian_blur_restored.png",no_tumor,tumor,False,FT,0.945320
restored,gaussian_blur,"C:\Users\micha\OneDrive\שולחן העבודה\wordsFiles\Brain_Mri\data\Data 1 with distortion\all_images\no_tumor__N26_21\restoration\gaussian_blur_restored.png",no_tumor,tumor,False,FT,0.949427
restored,gaussian_blur,"C:\Users\micha\OneDrive\שולחן העבודה\wordsFiles\Brain_Mri\data\Data 1 with distortion\all_images\no_tumor__No21_6\restoration\gaussian_blur_restored.png",no_tumor,tumor,False,FT,0.929775
restored,gaussian_blur,"C:\Users\micha\OneDrive\שולחן העבודה\wordsFiles\Brain_Mri\data\Data 1 with distortion\all_images\tumor__Y115_5\restoration\gaussian_blur_restored.png",tumor,tumor,True,TT,0.960149
restored,gaussian_blur,"C:\Users\micha\OneDrive\שולחן העבודה\wordsFiles\Brain_Mri\data\Data 1 with distortion\all_images\tumor__Y116_17\restoration\gaussian_blur_restored.png",tumor,tumor,True,TT,0.932770
restored,gaussian_blur,"C:\Users\micha\OneDrive\שולחן העבודה\wordsFiles\Brain_Mri\data\Data 1 with distortion\all_images\tumor__Y155_24\restoration\gaussian_blur_restored.png",tumor,tumor,True,TT,0.994365
restored,gaussian_blur,"C:\Users\micha\OneDrive\שולחן העבודה\wordsFiles\Brain_Mri\data\Data 1 with distortion\all_images\tumor__Y162_27\restoration\gaussian_blur_restored.png",tumor,tumor,True,TT,0.848650
restored,gaussian_blur,"C:\Users\micha\OneDrive\שולחן העבודה\wordsFiles\Brain_Mri\data\Data 1 with distortion\all_images\tumor__Y180_33\restoration\gaussian_blur_restored.png",tumor,tumor,True,TT,0.999751
restored,gaussian_blur,"C:\Users\micha\OneDrive\שולחן העבודה\wordsFiles\Brain_Mri\data\Data 1 with distortion\all_images\tumor__Y1_22\restoration\gaussian_blur_restored.png",tumor,tumor,True,TT,0.959705
restored,gaussian_blur,"C:\Users\micha\OneDrive\שולחן העבודה\wordsFiles\Brain_Mri\data\Data 1 with distortion\all_images\tumor__Y20_15\restoration\gaussian_blur_restored.png",tumor,tumor,True,TT,0.978379
restored,gaussian_blur,"C:\Users\micha\OneDrive\שולחן העבודה\wordsFiles\Brain_Mri\data\Data 1 with distortion\all_images\tumor__Y21_36\restoration\gaussian_blur_restored.png",tumor,tumor,True,TT,0.971479
restored,gaussian_blur,"C:\Users\micha\OneDrive\שולחן העבודה\wordsFiles\Brain_Mri\data\Data 1 with distortion\all_images\tumor__Y257_9\restoration\gaussian_blur_restored.png",tumor,tumor,True,TT,0.988014
restored,gaussian_blur,"C:\Users\micha\OneDrive\שולחן העבודה\wordsFiles\Brain_Mri\data\Data 1 with distortion\all_images\tumor__Y258_32\restoration\gaussian_blur_restored.png",tumor,tumor,True,TT,0.977140
restored,gaussian_blur,"C:\Users\micha\OneDrive\שולחן העבודה\wordsFiles\Brain_Mri\data\Data 1 with distortion\all_images\tumor__Y35_37\restoration\gaussian_blur_restored.png",tumor,tumor,True,TT,0.916017
restored,gaussian_blur,"C:\Users\micha\OneDrive\שולחן העבודה\wordsFiles\Brain_Mri\data\Data 1 with distortion\all_images\tumor__Y36_23\restoration\gaussian_blur_restored.png",tumor,tumor,True,TT,0.984664
restored,gaussian_blur,"C:\Users\micha\OneDrive\שולחן העבודה\wordsFiles\Brain_Mri\data\Data 1 with distortion\all_images\tumor__Y37_20\restoration\gaussian_blur_restored.png",tumor,tumor,True,TT,0.990093
restored,gaussian_blur,"C:\Users\micha\OneDrive\שולחן העבודה\wordsFiles\Brain_Mri\data\Data 1 with distortion\all_images\tumor__Y3_35\restoration\gaussian_blur_restored.png",tumor,tumor,True,TT,0.976509
restored,gaussian_blur,"C:\Users\micha\OneDrive\שולחן העבודה\wordsFiles\Brain_Mri\data\Data 1 with distortion\all_images\tumor__Y41_14\restoration\gaussian_blur_restored.png",tumor,tumor,True,TT,0.986756
restored,gaussian_blur,"C:\Users\micha\OneDrive\שולחן העבודה\wordsFiles\Brain_Mri\data\Data 1 with distortion\all_images\tumor__Y54_18\restoration\gaussian_blur_restored.png",tumor,tumor,True,TT,0.988300
restored,gaussian_blur,"C:\Users\micha\OneDrive\שולחן העבודה\wordsFiles\Brain_Mri\data\Data 1 with distortion\all_images\tumor__Y61_12\restoration\gaussian_blur_restored.png",tumor,tumor,True,TT,0.971107
restored,gaussian_blur,"C:\Users\micha\OneDrive\שולחן העבודה\wordsFiles\Brain_Mri\data\Data 1 with distortion\all_images\tumor__Y6_4\restoration\gaussian_blur_restored.png",tumor,tumor,True,TT,0.965161
restored,gaussian_blur,"C:\Users\micha\OneDrive\שולחן העבודה\wordsFiles\Brain_Mri\data\Data 1 with distortion\all_images\tumor__Y73_29\restoration\gaussian_blur_restored.png",tumor,tumor,True,TT,0.962072
restored,gaussian_blur,"C:\Users\micha\OneDrive\שולחן העבודה\wordsFiles\Brain_Mri\data\Data 1 with distortion\all_images\tumor__Y78_30\restoration\gaussian_blur_restored.png",tumor,tumor,True,TT,0.940956
restored,gaussian_blur,"C:\Users\micha\OneDrive\שולחן העבודה\wordsFiles\Brain_Mri\data\Data 1 with distortion\all_images\tumor__Y79_13\restoration\gaussian_blur_restored.png",tumor,tumor,True,TT,0.988514
restored,gaussian_blur,"C:\Users\micha\OneDrive\שולחן העבודה\wordsFiles\Brain_Mri\data\Data 1 with distortion\all_images\tumor__Y90_3\restoration\gaussian_blur_restored.png",tumor,tumor,True,TT,0.742946
restored,gaussian_blur,"C:\Users\micha\OneDrive\שולחן העבודה\wordsFiles\Brain_Mri\data\Data 1 with distortion\all_images\tumor__Y95_8\restoration\gaussian_blur_restored.png",tumor,tumor,True,TT,0.845604
distorted,brightness_contrast,"C:\Users\micha\OneDrive\שולחן העבודה\wordsFiles\Brain_Mri\data\Data 1 with distortion\all_images\no_tumor__14 no_28\distortions\brightness_contrast.png",no_tumor,tumor,False,FT,0.573437
distorted,brightness_contrast,"C:\Users\micha\OneDrive\שולחן העבודה\wordsFiles\Brain_Mri\data\Data 1 with distortion\all_images\no_tumor__19 no_16\distortions\brightness_contrast.png",no_tumor,no_tumor,True,FF,0.308252
distorted,brightness_contrast,"C:\Users\micha\OneDrive\שולחן העבודה\wordsFiles\Brain_Mri\data\Data 1 with distortion\all_images\no_tumor__20 no_19\distortions\brightness_contrast.png",no_tumor,tumor,False,FT,0.976979
distorted,brightness_contrast,"C:\Users\micha\OneDrive\שולחן העבודה\wordsFiles\Brain_Mri\data\Data 1 with distortion\all_images\no_tumor__27 no_2\distortions\brightness_contrast.png",no_tumor,no_tumor,True,FF,0.311821
distorted,brightness_contrast,"C:\Users\micha\OneDrive\שולחן העבודה\wordsFiles\Brain_Mri\data\Data 1 with distortion\all_images\no_tumor__32 no_1\distortions\brightness_contrast.png",no_tumor,no_tumor,True,FF,0.222266
distorted,brightness_contrast,"C:\Users\micha\OneDrive\שולחן העבודה\wordsFiles\Brain_Mri\data\Data 1 with distortion\all_images\no_tumor__34 no_0\distortions\brightness_contrast.png",no_tumor,tumor,False,FT,0.555234
distorted,brightness_contrast,"C:\Users\micha\OneDrive\שולחן העבודה\wordsFiles\Brain_Mri\data\Data 1 with distortion\all_images\no_tumor__39 no_11\distortions\brightness_contrast.png",no_tumor,tumor,False,FT,0.587416
distorted,brightness_contrast,"C:\Users\micha\OneDrive\שולחן העבודה\wordsFiles\Brain_Mri\data\Data 1 with distortion\all_images\no_tumor__N11_25\distortions\brightness_contrast.png",no_tumor,no_tumor,True,FF,0.241243
distorted,brightness_contrast,"C:\Users\micha\OneDrive\שולחן העבודה\wordsFiles\Brain_Mri\data\Data 1 with distortion\all_images\no_tumor__N15_10\distortions\brightness_contrast.png",no_tumor,tumor,False,FT,0.968272
distorted,brightness_contrast,"C:\Users\micha\OneDrive\שולחן העבודה\wordsFiles\Brain_Mri\data\Data 1 with distortion\all_images\no_tumor__N16_26\distortions\brightness_contrast.png",no_tumor,tumor,False,FT,0.677613
distorted,brightness_contrast,"C:\Users\micha\OneDrive\שולחן העבודה\wordsFiles\Brain_Mri\data\Data 1 with distortion\all_images\no_tumor__N17_7\distortions\brightness_contrast.png",no_tumor,tumor,False,FT,0.670110
distorted,brightness_contrast,"C:\Users\micha\OneDrive\שולחן העבודה\wordsFiles\Brain_Mri\data\Data 1 with distortion\all_images\no_tumor__N21_34\distortions\brightness_contrast.png",no_tumor,tumor,False,FT,0.777990
distorted,brightness_contrast,"C:\Users\micha\OneDrive\שולחן העבודה\wordsFiles\Brain_Mri\data\Data 1 with distortion\all_images\no_tumor__N22_31\distortions\brightness_contrast.png",no_tumor,tumor,False,FT,0.615229
distorted,brightness_contrast,"C:\Users\micha\OneDrive\שולחן העבודה\wordsFiles\Brain_Mri\data\Data 1 with distortion\all_images\no_tumor__N26_21\distortions\brightness_contrast.png",no_tumor,tumor,False,FT,0.979568
distorted,brightness_contrast,"C:\Users\micha\OneDrive\שולחן העבודה\wordsFiles\Brain_Mri\data\Data 1 with distortion\all_images\no_tumor__No21_6\distortions\brightness_contrast.png",no_tumor,tumor,False,FT,0.593373
distorted,brightness_contrast,"C:\Users\micha\OneDrive\שולחן העבודה\wordsFiles\Brain_Mri\data\Data 1 with distortion\all_images\tumor__Y115_5\distortions\brightness_contrast.png",tumor,tumor,True,TT,0.967289
distorted,brightness_contrast,"C:\Users\micha\OneDrive\שולחן העבודה\wordsFiles\Brain_Mri\data\Data 1 with distortion\all_images\tumor__Y116_17\distortions\brightness_contrast.png",tumor,tumor,True,TT,0.956918
distorted,brightness_contrast,"C:\Users\micha\OneDrive\שולחן העבודה\wordsFiles\Brain_Mri\data\Data 1 with distortion\all_images\tumor__Y155_24\distortions\brightness_contrast.png",tumor,tumor,True,TT,0.990191
distorted,brightness_contrast,"C:\Users\micha\OneDrive\שולחן העבודה\wordsFiles\Brain_Mri\data\Data 1 with distortion\all_images\tumor__Y162_27\distortions\brightness_contrast.png",tumor,tumor,True,TT,0.932356
distorted,brightness_contrast,"C:\Users\micha\OneDrive\שולחן העבודה\wordsFiles\Brain_Mri\data\Data 1 with distortion\all_images\tumor__Y180_33\distortions\brightness_contrast.png",tumor,tumor,True,TT,0.998277
distorted,brightness_contrast,"C:\Users\micha\OneDrive\שולחן העבודה\wordsFiles\Brain_Mri\data\Data 1 with distortion\all_images\tumor__Y1_22\distortions\brightness_contrast.png",tumor,tumor,True,TT,0.876775
distorted,brightness_contrast,"C:\Users\micha\OneDrive\שולחן העבודה\wordsFiles\Brain_Mri\data\Data 1 with distortion\all_images\tumor__Y20_15\distortions\brightness_contrast.png",tumor,tumor,True,TT,0.627644
distorted,brightness_contrast,"C:\Users\micha\OneDrive\שולחן העבודה\wordsFiles\Brain_Mri\data\Data 1 with distortion\all_images\tumor__Y21_36\distortions\brightness_contrast.png",tumor,tumor,True,TT,0.975963
distorted,brightness_contrast,"C:\Users\micha\OneDrive\שולחן העבודה\wordsFiles\Brain_Mri\data\Data 1 with distortion\all_images\tumor__Y257_9\distortions\brightness_contrast.png",tumor,no_tumor,False,TF,0.352503
distorted,brightness_contrast,"C:\Users\micha\OneDrive\שולחן העבודה\wordsFiles\Brain_Mri\data\Data 1 with distortion\all_images\tumor__Y258_32\distortions\brightness_contrast.png",tumor,no_tumor,False,TF,0.448089
distorted,brightness_contrast,"C:\Users\micha\OneDrive\שולחן העבודה\wordsFiles\Brain_Mri\data\Data 1 with distortion\all_images\tumor__Y35_37\distortions\brightness_contrast.png",tumor,no_tumor,False,TF,0.334859
distorted,brightness_contrast,"C:\Users\micha\OneDrive\שולחן העבודה\wordsFiles\Brain_Mri\data\Data 1 with distortion\all_images\tumor__Y36_23\distortions\brightness_contrast.png",tumor,tumor,True,TT,0.988914
distorted,brightness_contrast,"C:\Users\micha\OneDrive\שולחן העבודה\wordsFiles\Brain_Mri\data\Data 1 with distortion\all_images\tumor__Y37_20\distortions\brightness_contrast.png",tumor,tumor,True,TT,0.986782
distorted,brightness_contrast,"C:\Users\micha\OneDrive\שולחן העבודה\wordsFiles\Brain_Mri\data\Data 1 with distortion\all_images\tumor__Y3_35\distortions\brightness_contrast.png",tumor,tumor,True,TT,0.754306
distorted,brightness_contrast,"C:\Users\micha\OneDrive\שולחן העבודה\wordsFiles\Brain_Mri\data\Data 1 with distortion\all_images\tumor__Y41_14\distortions\brightness_contrast.png",tumor,tumor,True,TT,0.965017
distorted,brightness_contrast,"C:\Users\micha\OneDrive\שולחן העבודה\wordsFiles\Brain_Mri\data\Data 1 with distortion\all_images\tumor__Y54_18\distortions\brightness_contrast.png",tumor,tumor,True,TT,0.915733
distorted,brightness_contrast,"C:\Users\micha\OneDrive\שולחן העבודה\wordsFiles\Brain_Mri\data\Data 1 with distortion\all_images\tumor__Y61_12\distortions\brightness_contrast.png",tumor,tumor,True,TT,0.864370
distorted,brightness_contrast,"C:\Users\micha\OneDrive\שולחן העבודה\wordsFiles\Brain_Mri\data\Data 1 with distortion\all_images\tumor__Y6_4\distortions\brightness_contrast.png",tumor,no_tumor,False,TF,0.335671
distorted,brightness_contrast,"C:\Users\micha\OneDrive\שולחן העבודה\wordsFiles\Brain_Mri\data\Data 1 with distortion\all_images\tumor__Y73_29\distortions\brightness_contrast.png",tumor,tumor,True,TT,0.988686
distorted,brightness_contrast,"C:\Users\micha\OneDrive\שולחן העבודה\wordsFiles\Brain_Mri\data\Data 1 with distortion\all_images\tumor__Y78_30\distortions\brightness_contrast.png",tumor,tumor,True,TT,0.680426
distorted,brightness_contrast,"C:\Users\micha\OneDrive\שולחן העבודה\wordsFiles\Brain_Mri\data\Data 1 with distortion\all_images\tumor__Y79_13\distortions\brightness_contrast.png",tumor,tumor,True,TT,0.983272
distorted,brightness_contrast,"C:\Users\micha\OneDrive\שולחן העבודה\wordsFiles\Brain_Mri\data\Data 1 with distortion\all_images\tumor__Y90_3\distortions\brightness_contrast.png",tumor,tumor,True,TT,0.838374
distorted,brightness_contrast,"C:\Users\micha\OneDrive\שולחן העבודה\wordsFiles\Brain_Mri\data\Data 1 with distortion\all_images\tumor__Y95_8\distortions\brightness_contrast.png",tumor,no_tumor,False,TF,0.247796
restored,brightness_contrast,"C:\Users\micha\OneDrive\שולחן העבודה\wordsFiles\Brain_Mri\data\Data 1 with distortion\all_images\no_tumor__14 no_28\restoration\brightness_contrast_restored.png",no_tumor,no_tumor,True,FF,0.494542
restored,brightness_contrast,"C:\Users\micha\OneDrive\שולחן העבודה\wordsFiles\Brain_Mri\data\Data 1 with distortion\all_images\no_tumor__19 no_16\restoration\brightness_contrast_restored.png",no_tumor,no_tumor,True,FF,0.275547
restored,brightness_contrast,"C:\Users\micha\OneDrive\שולחן העבודה\wordsFiles\Brain_Mri\data\Data 1 with distortion\all_images\no_tumor__20 no_19\restoration\brightness_contrast_restored.png",no_tumor,tumor,False,FT,0.982402
restored,brightness_contrast,"C:\Users\micha\OneDrive\שולחן העבודה\wordsFiles\Brain_Mri\data\Data 1 with distortion\all_images\no_tumor__27 no_2\restoration\brightness_contrast_restored.png",no_tumor,no_tumor,True,FF,0.371877
restored,brightness_contrast,"C:\Users\micha\OneDrive\שולחן העבודה\wordsFiles\Brain_Mri\data\Data 1 with distortion\all_images\no_tumor__32 no_1\restoration\brightness_contrast_restored.png",no_tumor,no_tumor,True,FF,0.197518
restored,brightness_contrast,"C:\Users\micha\OneDrive\שולחן העבודה\wordsFiles\Brain_Mri\data\Data 1 with distortion\all_images\no_tumor__34 no_0\restoration\brightness_contrast_restored.png",no_tumor,tumor,False,FT,0.694795
restored,brightness_contrast,"C:\Users\micha\OneDrive\שולחן העבודה\wordsFiles\Brain_Mri\data\Data 1 with distortion\all_images\no_tumor__39 no_11\restoration\brightness_contrast_restored.png",no_tumor,tumor,False,FT,0.519513
restored,brightness_contrast,"C:\Users\micha\OneDrive\שולחן העבודה\wordsFiles\Brain_Mri\data\Data 1 with distortion\all_images\no_tumor__N11_25\restoration\brightness_contrast_restored.png",no_tumor,no_tumor,True,FF,0.362676
restored,brightness_contrast,"C:\Users\micha\OneDrive\שולחן העבודה\wordsFiles\Brain_Mri\data\Data 1 with distortion\all_images\no_tumor__N15_10\restoration\brightness_contrast_restored.png",no_tumor,tumor,False,FT,0.964928
restored,brightness_contrast,"C:\Users\micha\OneDrive\שולחן העבודה\wordsFiles\Brain_Mri\data\Data 1 with distortion\all_images\no_tumor__N16_26\restoration\brightness_contrast_restored.png",no_tumor,tumor,False,FT,0.718594
restored,brightness_contrast,"C:\Users\micha\OneDrive\שולחן העבודה\wordsFiles\Brain_Mri\data\Data 1 with distortion\all_images\no_tumor__N17_7\restoration\brightness_contrast_restored.png",no_tumor,tumor,False,FT,0.713620
restored,brightness_contrast,"C:\Users\micha\OneDrive\שולחן העבודה\wordsFiles\Brain_Mri\data\Data 1 with distortion\all_images\no_tumor__N21_34\restoration\brightness_contrast_restored.png",no_tumor,tumor,False,FT,0.772465
restored,brightness_contrast,"C:\Users\micha\OneDrive\שולחן העבודה\wordsFiles\Brain_Mri\data\Data 1 with distortion\all_images\no_tumor__N22_31\restoration\brightness_contrast_restored.png",no_tumor,tumor,False,FT,0.730239
restored,brightness_contrast,"C:\Users\micha\OneDrive\שולחן העבודה\wordsFiles\Brain_Mri\data\Data 1 with distortion\all_images\no_tumor__N26_21\restoration\brightness_contrast_restored.png",no_tumor,tumor,False,FT,0.976435
restored,brightness_contrast,"C:\Users\micha\OneDrive\שולחן העבודה\wordsFiles\Brain_Mri\data\Data 1 with distortion\all_images\no_tumor__No21_6\restoration\brightness_contrast_restored.png",no_tumor,tumor,False,FT,0.531482
restored,brightness_contrast,"C:\Users\micha\OneDrive\שולחן העבודה\wordsFiles\Brain_Mri\data\Data 1 with distortion\all_images\tumor__Y115_5\restoration\brightness_contrast_restored.png",tumor,tumor,True,TT,0.964467
restored,brightness_contrast,"C:\Users\micha\OneDrive\שולחן העבודה\wordsFiles\Brain_Mri\data\Data 1 with distortion\all_images\tumor__Y116_17\restoration\brightness_contrast_restored.png",tumor,tumor,True,TT,0.951506
restored,brightness_contrast,"C:\Users\micha\OneDrive\שולחן העבודה\wordsFiles\Brain_Mri\data\Data 1 with distortion\all_images\tumor__Y155_24\restoration\brightness_contrast_restored.png",tumor,tumor,True,TT,0.987645
restored,brightness_contrast,"C:\Users\micha\OneDrive\שולחן העבודה\wordsFiles\Brain_Mri\data\Data 1 with distortion\all_images\tumor__Y162_27\restoration\brightness_contrast_restored.png",tumor,tumor,True,TT,0.905468
restored,brightness_contrast,"C:\Users\micha\OneDrive\שולחן העבודה\wordsFiles\Brain_Mri\data\Data 1 with distortion\all_images\tumor__Y180_33\restoration\brightness_contrast_restored.png",tumor,tumor,True,TT,0.997663
restored,brightness_contrast,"C:\Users\micha\OneDrive\שולחן העבודה\wordsFiles\Brain_Mri\data\Data 1 with distortion\all_images\tumor__Y1_22\restoration\brightness_contrast_restored.png",tumor,tumor,True,TT,0.891335
restored,brightness_contrast,"C:\Users\micha\OneDrive\שולחן העבודה\wordsFiles\Brain_Mri\data\Data 1 with distortion\all_images\tumor__Y20_15\restoration\brightness_contrast_restored.png",tumor,tumor,True,TT,0.697978
restored,brightness_contrast,"C:\Users\micha\OneDrive\שולחן העבודה\wordsFiles\Brain_Mri\data\Data 1 with distortion\all_images\tumor__Y21_36\restoration\brightness_contrast_restored.png",tumor,tumor,True,TT,0.984730
restored,brightness_contrast,"C:\Users\micha\OneDrive\שולחן העבודה\wordsFiles\Brain_Mri\data\Data 1 with distortion\all_images\tumor__Y257_9\restoration\brightness_contrast_restored.png",tumor,tumor,True,TT,0.546392
restored,brightness_contrast,"C:\Users\micha\OneDrive\שולחן העבודה\wordsFiles\Brain_Mri\data\Data 1 with distortion\all_images\tumor__Y258_32\restoration\brightness_contrast_restored.png",tumor,tumor,True,TT,0.557323
restored,brightness_contrast,"C:\Users\micha\OneDrive\שולחן העבודה\wordsFiles\Brain_Mri\data\Data 1 with distortion\all_images\tumor__Y35_37\restoration\brightness_contrast_restored.png",tumor,no_tumor,False,TF,0.415599
restored,brightness_contrast,"C:\Users\micha\OneDrive\שולחן העבודה\wordsFiles\Brain_Mri\data\Data 1 with distortion\all_images\tumor__Y36_23\restoration\brightness_contrast_restored.png",tumor,tumor,True,TT,0.990805
restored,brightness_contrast,"C:\Users\micha\OneDrive\שולחן העבודה\wordsFiles\Brain_Mri\data\Data 1 with distortion\all_images\tumor__Y37_20\restoration\brightness_contrast_restored.png",tumor,tumor,True,TT,0.989290
restored,brightness_contrast,"C:\Users\micha\OneDrive\שולחן העבודה\wordsFiles\Brain_Mri\data\Data 1 with distortion\all_images\tumor__Y3_35\restoration\brightness_contrast_restored.png",tumor,tumor,True,TT,0.791348
restored,brightness_contrast,"C:\Users\micha\OneDrive\שולחן העבודה\wordsFiles\Brain_Mri\data\Data 1 with distortion\all_images\tumor__Y41_14\restoration\brightness_contrast_restored.png",tumor,tumor,True,TT,0.958914
restored,brightness_contrast,"C:\Users\micha\OneDrive\שולחן העבודה\wordsFiles\Brain_Mri\data\Data 1 with distortion\all_images\tumor__Y54_18\restoration\brightness_contrast_restored.png",tumor,tumor,True,TT,0.923993
restored,brightness_contrast,"C:\Users\micha\OneDrive\שולחן העבודה\wordsFiles\Brain_Mri\data\Data 1 with distortion\all_images\tumor__Y61_12\restoration\brightness_contrast_restored.png",tumor,tumor,True,TT,0.880613
restored,brightness_contrast,"C:\Users\micha\OneDrive\שולחן העבודה\wordsFiles\Brain_Mri\data\Data 1 with distortion\all_images\tumor__Y6_4\restoration\brightness_contrast_restored.png",tumor,tumor,True,TT,0.524633
restored,brightness_contrast,"C:\Users\micha\OneDrive\שולחן העבודה\wordsFiles\Brain_Mri\data\Data 1 with distortion\all_images\tumor__Y73_29\restoration\brightness_contrast_restored.png",tumor,tumor,True,TT,0.990645
restored,brightness_contrast,"C:\Users\micha\OneDrive\שולחן העבודה\wordsFiles\Brain_Mri\data\Data 1 with distortion\all_images\tumor__Y78_30\restoration\brightness_contrast_restored.png",tumor,tumor,True,TT,0.683018
restored,brightness_contrast,"C:\Users\micha\OneDrive\שולחן העבודה\wordsFiles\Brain_Mri\data\Data 1 with distortion\all_images\tumor__Y79_13\restoration\brightness_contrast_restored.png",tumor,tumor,True,TT,0.978459
restored,brightness_contrast,"C:\Users\micha\OneDrive\שולחן העבודה\wordsFiles\Brain_Mri\data\Data 1 with distortion\all_images\tumor__Y90_3\restoration\brightness_contrast_restored.png",tumor,tumor,True,TT,0.816262
restored,brightness_contrast,"C:\Users\micha\OneDrive\שולחן העבודה\wordsFiles\Brain_Mri\data\Data 1 with distortion\all_images\tumor__Y95_8\restoration\brightness_contrast_restored.png",tumor,no_tumor,False,TF,0.313765
distorted,rotation,"C:\Users\micha\OneDrive\שולחן העבודה\wordsFiles\Brain_Mri\data\Data 1 with distortion\all_images\no_tumor__14 no_28\distortions\rotation.png",no_tumor,no_tumor,True,FF,0.182571
distorted,rotation,"C:\Users\micha\OneDrive\שולחן העבודה\wordsFiles\Brain_Mri\data\Data 1 with distortion\all_images\no_tumor__19 no_16\distortions\rotation.png",no_tumor,no_tumor,True,FF,0.112959
distorted,rotation,"C:\Users\micha\OneDrive\שולחן העבודה\wordsFiles\Brain_Mri\data\Data 1 with distortion\all_images\no_tumor__20 no_19\distortions\rotation.png",no_tumor,no_tumor,True,FF,0.291114
distorted,rotation,"C:\Users\micha\OneDrive\שולחן העבודה\wordsFiles\Brain_Mri\data\Data 1 with distortion\all_images\no_tumor__27 no_2\distortions\rotation.png",no_tumor,no_tumor,True,FF,0.317416
distorted,rotation,"C:\Users\micha\OneDrive\שולחן העבודה\wordsFiles\Brain_Mri\data\Data 1 with distortion\all_images\no_tumor__32 no_1\distortions\rotation.png",no_tumor,no_tumor,True,FF,0.080659
distorted,rotation,"C:\Users\micha\OneDrive\שולחן העבודה\wordsFiles\Brain_Mri\data\Data 1 with distortion\all_images\no_tumor__34 no_0\distortions\rotation.png",no_tumor,tumor,False,FT,0.847165
distorted,rotation,"C:\Users\micha\OneDrive\שולחן העבודה\wordsFiles\Brain_Mri\data\Data 1 with distortion\all_images\no_tumor__39 no_11\distortions\rotation.png",no_tumor,no_tumor,True,FF,0.339608
distorted,rotation,"C:\Users\micha\OneDrive\שולחן העבודה\wordsFiles\Brain_Mri\data\Data 1 with distortion\all_images\no_tumor__N11_25\distortions\rotation.png",no_tumor,no_tumor,True,FF,0.463014
distorted,rotation,"C:\Users\micha\OneDrive\שולחן העבודה\wordsFiles\Brain_Mri\data\Data 1 with distortion\all_images\no_tumor__N15_10\distortions\rotation.png",no_tumor,no_tumor,True,FF,0.384001
distorted,rotation,"C:\Users\micha\OneDrive\שולחן העבודה\wordsFiles\Brain_Mri\data\Data 1 with distortion\all_images\no_tumor__N16_26\distortions\rotation.png",no_tumor,tumor,False,FT,0.688702
distorted,rotation,"C:\Users\micha\OneDrive\שולחן העבודה\wordsFiles\Brain_Mri\data\Data 1 with distortion\all_images\no_tumor__N17_7\distortions\rotation.png",no_tumor,tumor,False,FT,0.689124
distorted,rotation,"C:\Users\micha\OneDrive\שולחן העבודה\wordsFiles\Brain_Mri\data\Data 1 with distortion\all_images\no_tumor__N21_34\distortions\rotation.png",no_tumor,no_tumor,True,FF,0.117976
distorted,rotation,"C:\Users\micha\OneDrive\שולחן העבודה\wordsFiles\Brain_Mri\data\Data 1 with distortion\all_images\no_tumor__N22_31\distortions\rotation.png",no_tumor,tumor,False,FT,0.631392
distorted,rotation,"C:\Users\micha\OneDrive\שולחן העבודה\wordsFiles\Brain_Mri\data\Data 1 with distortion\all_images\no_tumor__N26_21\distortions\rotation.png",no_tumor,tumor,False,FT,0.783837
distorted,rotation,"C:\Users\micha\OneDrive\שולחן העבודה\wordsFiles\Brain_Mri\data\Data 1 with distortion\all_images\no_tumor__No21_6\distortions\rotation.png",no_tumor,no_tumor,True,FF,0.370272
distorted,rotation,"C:\Users\micha\OneDrive\שולחן העבודה\wordsFiles\Brain_Mri\data\Data 1 with distortion\all_images\tumor__Y115_5\distortions\rotation.png",tumor,tumor,True,TT,0.765622
distorted,rotation,"C:\Users\micha\OneDrive\שולחן העבודה\wordsFiles\Brain_Mri\data\Data 1 with distortion\all_images\tumor__Y116_17\distortions\rotation.png",tumor,tumor,True,TT,0.574542
distorted,rotation,"C:\Users\micha\OneDrive\שולחן העבודה\wordsFiles\Brain_Mri\data\Data 1 with distortion\all_images\tumor__Y155_24\distortions\rotation.png",tumor,tumor,True,TT,0.972914
distorted,rotation,"C:\Users\micha\OneDrive\שולחן העבודה\wordsFiles\Brain_Mri\data\Data 1 with distortion\all_images\tumor__Y162_27\distortions\rotation.png",tumor,no_tumor,False,TF,0.411360
distorted,rotation,"C:\Users\micha\OneDrive\שולחן העבודה\wordsFiles\Brain_Mri\data\Data 1 with distortion\all_images\tumor__Y180_33\distortions\rotation.png",tumor,tumor,True,TT,0.997448
distorted,rotation,"C:\Users\micha\OneDrive\שולחן העבודה\wordsFiles\Brain_Mri\data\Data 1 with distortion\all_images\tumor__Y1_22\distortions\rotation.png",tumor,tumor,True,TT,0.631415
distorted,rotation,"C:\Users\micha\OneDrive\שולחן העבודה\wordsFiles\Brain_Mri\data\Data 1 with distortion\all_images\tumor__Y20_15\distortions\rotation.png",tumor,tumor,True,TT,0.716544
distorted,rotation,"C:\Users\micha\OneDrive\שולחן העבודה\wordsFiles\Brain_Mri\data\Data 1 with distortion\all_images\tumor__Y21_36\distortions\rotation.png",tumor,tumor,True,TT,0.680490
distorted,rotation,"C:\Users\micha\OneDrive\שולחן העבודה\wordsFiles\Brain_Mri\data\Data 1 with distortion\all_images\tumor__Y257_9\distortions\rotation.png",tumor,tumor,True,TT,0.789262
distorted,rotation,"C:\Users\micha\OneDrive\שולחן העבודה\wordsFiles\Brain_Mri\data\Data 1 with distortion\all_images\tumor__Y258_32\distortions\rotation.png",tumor,tumor,True,TT,0.689253
distorted,rotation,"C:\Users\micha\OneDrive\שולחן העבודה\wordsFiles\Brain_Mri\data\Data 1 with distortion\all_images\tumor__Y35_37\distortions\rotation.png",tumor,tumor,True,TT,0.580384
distorted,rotation,"C:\Users\micha\OneDrive\שולחן העבודה\wordsFiles\Brain_Mri\data\Data 1 with distortion\all_images\tumor__Y36_23\distortions\rotation.png",tumor,tumor,True,TT,0.937270
distorted,rotation,"C:\Users\micha\OneDrive\שולחן העבודה\wordsFiles\Brain_Mri\data\Data 1 with distortion\all_images\tumor__Y37_20\distortions\rotation.png",tumor,tumor,True,TT,0.911107
distorted,rotation,"C:\Users\micha\OneDrive\שולחן העבודה\wordsFiles\Brain_Mri\data\Data 1 with distortion\all_images\tumor__Y3_35\distortions\rotation.png",tumor,tumor,True,TT,0.737421
distorted,rotation,"C:\Users\micha\OneDrive\שולחן העבודה\wordsFiles\Brain_Mri\data\Data 1 with distortion\all_images\tumor__Y41_14\distortions\rotation.png",tumor,tumor,True,TT,0.941823
distorted,rotation,"C:\Users\micha\OneDrive\שולחן העבודה\wordsFiles\Brain_Mri\data\Data 1 with distortion\all_images\tumor__Y54_18\distortions\rotation.png",tumor,tumor,True,TT,0.910036
distorted,rotation,"C:\Users\micha\OneDrive\שולחן העבודה\wordsFiles\Brain_Mri\data\Data 1 with distortion\all_images\tumor__Y61_12\distortions\rotation.png",tumor,tumor,True,TT,0.675047
distorted,rotation,"C:\Users\micha\OneDrive\שולחן העבודה\wordsFiles\Brain_Mri\data\Data 1 with distortion\all_images\tumor__Y6_4\distortions\rotation.png",tumor,tumor,True,TT,0.731148
distorted,rotation,"C:\Users\micha\OneDrive\שולחן העבודה\wordsFiles\Brain_Mri\data\Data 1 with distortion\all_images\tumor__Y73_29\distortions\rotation.png",tumor,tumor,True,TT,0.787699
distorted,rotation,"C:\Users\micha\OneDrive\שולחן העבודה\wordsFiles\Brain_Mri\data\Data 1 with distortion\all_images\tumor__Y78_30\distortions\rotation.png",tumor,no_tumor,False,TF,0.482316
distorted,rotation,"C:\Users\micha\OneDrive\שולחן העבודה\wordsFiles\Brain_Mri\data\Data 1 with distortion\all_images\tumor__Y79_13\distortions\rotation.png",tumor,tumor,True,TT,0.948610
distorted,rotation,"C:\Users\micha\OneDrive\שולחן העבודה\wordsFiles\Brain_Mri\data\Data 1 with distortion\all_images\tumor__Y90_3\distortions\rotation.png",tumor,no_tumor,False,TF,0.222988
distorted,rotation,"C:\Users\micha\OneDrive\שולחן העבודה\wordsFiles\Brain_Mri\data\Data 1 with distortion\all_images\tumor__Y95_8\distortions\rotation.png",tumor,no_tumor,False,TF,0.381334
restored,rotation,"C:\Users\micha\OneDrive\שולחן העבודה\wordsFiles\Brain_Mri\data\Data 1 with distortion\all_images\no_tumor__14 no_28\restoration\rotation_restored.png",no_tumor,no_tumor,True,FF,0.155998
restored,rotation,"C:\Users\micha\OneDrive\שולחן העבודה\wordsFiles\Brain_Mri\data\Data 1 with distortion\all_images\no_tumor__19 no_16\restoration\rotation_restored.png",no_tumor,no_tumor,True,FF,0.099090
restored,rotation,"C:\Users\micha\OneDrive\שולחן העבודה\wordsFiles\Brain_Mri\data\Data 1 with distortion\all_images\no_tumor__20 no_19\restoration\rotation_restored.png",no_tumor,no_tumor,True,FF,0.433714
restored,rotation,"C:\Users\micha\OneDrive\שולחן העבודה\wordsFiles\Brain_Mri\data\Data 1 with distortion\all_images\no_tumor__27 no_2\restoration\rotation_restored.png",no_tumor,no_tumor,True,FF,0.286342
restored,rotation,"C:\Users\micha\OneDrive\שולחן העבודה\wordsFiles\Brain_Mri\data\Data 1 with distortion\all_images\no_tumor__32 no_1\restoration\rotation_restored.png",no_tumor,no_tumor,True,FF,0.100258
restored,rotation,"C:\Users\micha\OneDrive\שולחן העבודה\wordsFiles\Brain_Mri\data\Data 1 with distortion\all_images\no_tumor__34 no_0\restoration\rotation_restored.png",no_tumor,tumor,False,FT,0.817911
restored,rotation,"C:\Users\micha\OneDrive\שולחן העבודה\wordsFiles\Brain_Mri\data\Data 1 with distortion\all_images\no_tumor__39 no_11\restoration\rotation_restored.png",no_tumor,no_tumor,True,FF,0.324967
restored,rotation,"C:\Users\micha\OneDrive\שולחן העבודה\wordsFiles\Brain_Mri\data\Data 1 with distortion\all_images\no_tumor__N11_25\restoration\rotation_restored.png",no_tumor,no_tumor,True,FF,0.443858
restored,rotation,"C:\Users\micha\OneDrive\שולחן העבודה\wordsFiles\Brain_Mri\data\Data 1 with distortion\all_images\no_tumor__N15_10\restoration\rotation_restored.png",no_tumor,no_tumor,True,FF,0.364208
restored,rotation,"C:\Users\micha\OneDrive\שולחן העבודה\wordsFiles\Brain_Mri\data\Data 1 with distortion\all_images\no_tumor__N16_26\restoration\rotation_restored.png",no_tumor,tumor,False,FT,0.691708
restored,rotation,"C:\Users\micha\OneDrive\שולחן העבודה\wordsFiles\Brain_Mri\data\Data 1 with distortion\all_images\no_tumor__N17_7\restoration\rotation_restored.png",no_tumor,tumor,False,FT,0.687343
restored,rotation,"C:\Users\micha\OneDrive\שולחן העבודה\wordsFiles\Brain_Mri\data\Data 1 with distortion\all_images\no_tumor__N21_34\restoration\rotation_restored.png",no_tumor,no_tumor,True,FF,0.103134
restored,rotation,"C:\Users\micha\OneDrive\שולחן העבודה\wordsFiles\Brain_Mri\data\Data 1 with distortion\all_images\no_tumor__N22_31\restoration\rotation_restored.png",no_tumor,tumor,False,FT,0.590822
restored,rotation,"C:\Users\micha\OneDrive\שולחן העבודה\wordsFiles\Brain_Mri\data\Data 1 with distortion\all_images\no_tumor__N26_21\restoration\rotation_restored.png",no_tumor,tumor,False,FT,0.761370
restored,rotation,"C:\Users\micha\OneDrive\שולחן העבודה\wordsFiles\Brain_Mri\data\Data 1 with distortion\all_images\no_tumor__No21_6\restoration\rotation_restored.png",no_tumor,no_tumor,True,FF,0.331177
restored,rotation,"C:\Users\micha\OneDrive\שולחן העבודה\wordsFiles\Brain_Mri\data\Data 1 with distortion\all_images\tumor__Y115_5\restoration\rotation_restored.png",tumor,tumor,True,TT,0.738434
restored,rotation,"C:\Users\micha\OneDrive\שולחן העבודה\wordsFiles\Brain_Mri\data\Data 1 with distortion\all_images\tumor__Y116_17\restoration\rotation_restored.png",tumor,tumor,True,TT,0.549402
restored,rotation,"C:\Users\micha\OneDrive\שולחן העבודה\wordsFiles\Brain_Mri\data\Data 1 with distortion\all_images\tumor__Y155_24\restoration\rotation_restored.png",tumor,tumor,True,TT,0.969458
restored,rotation,"C:\Users\micha\OneDrive\שולחן העבודה\wordsFiles\Brain_Mri\data\Data 1 with distortion\all_images\tumor__Y162_27\restoration\rotation_restored.png",tumor,no_tumor,False,TF,0.386148
restored,rotation,"C:\Users\micha\OneDrive\שולחן העבודה\wordsFiles\Brain_Mri\data\Data 1 with distortion\all_images\tumor__Y180_33\restoration\rotation_restored.png",tumor,tumor,True,TT,0.997220
restored,rotation,"C:\Users\micha\OneDrive\שולחן העבודה\wordsFiles\Brain_Mri\data\Data 1 with distortion\all_images\tumor__Y1_22\restoration\rotation_restored.png",tumor,tumor,True,TT,0.605370
restored,rotation,"C:\Users\micha\OneDrive\שולחן העבודה\wordsFiles\Brain_Mri\data\Data 1 with distortion\all_images\tumor__Y20_15\restoration\rotation_restored.png",tumor,tumor,True,TT,0.693661
restored,rotation,"C:\Users\micha\OneDrive\שולחן העבודה\wordsFiles\Brain_Mri\data\Data 1 with distortion\all_images\tumor__Y21_36\restoration\rotation_restored.png",tumor,tumor,True,TT,0.666483
restored,rotation,"C:\Users\micha\OneDrive\שולחן העבודה\wordsFiles\Brain_Mri\data\Data 1 with distortion\all_images\tumor__Y257_9\restoration\rotation_restored.png",tumor,tumor,True,TT,0.754969
restored,rotation,"C:\Users\micha\OneDrive\שולחן העבודה\wordsFiles\Brain_Mri\data\Data 1 with distortion\all_images\tumor__Y258_32\restoration\rotation_restored.png",tumor,tumor,True,TT,0.657735
restored,rotation,"C:\Users\micha\OneDrive\שולחן העבודה\wordsFiles\Brain_Mri\data\Data 1 with distortion\all_images\tumor__Y35_37\restoration\rotation_restored.png",tumor,tumor,True,TT,0.606645
restored,rotation,"C:\Users\micha\OneDrive\שולחן העבודה\wordsFiles\Brain_Mri\data\Data 1 with distortion\all_images\tumor__Y36_23\restoration\rotation_restored.png",tumor,tumor,True,TT,0.933585
restored,rotation,"C:\Users\micha\OneDrive\שולחן העבודה\wordsFiles\Brain_Mri\data\Data 1 with distortion\all_images\tumor__Y37_20\restoration\rotation_restored.png",tumor,tumor,True,TT,0.951377
restored,rotation,"C:\Users\micha\OneDrive\שולחן העבודה\wordsFiles\Brain_Mri\data\Data 1 with distortion\all_images\tumor__Y3_35\restoration\rotation_restored.png",tumor,tumor,True,TT,0.704896
restored,rotation,"C:\Users\micha\OneDrive\שולחן העבודה\wordsFiles\Brain_Mri\data\Data 1 with distortion\all_images\tumor__Y41_14\restoration\rotation_restored.png",tumor,tumor,True,TT,0.934587
restored,rotation,"C:\Users\micha\OneDrive\שולחן העבודה\wordsFiles\Brain_Mri\data\Data 1 with distortion\all_images\tumor__Y54_18\restoration\rotation_restored.png",tumor,tumor,True,TT,0.897043
restored,rotation,"C:\Users\micha\OneDrive\שולחן העבודה\wordsFiles\Brain_Mri\data\Data 1 with distortion\all_images\tumor__Y61_12\restoration\rotation_restored.png",tumor,tumor,True,TT,0.645667
restored,rotation,"C:\Users\micha\OneDrive\שולחן העבודה\wordsFiles\Brain_Mri\data\Data 1 with distortion\all_images\tumor__Y6_4\restoration\rotation_restored.png",tumor,tumor,True,TT,0.724014
restored,rotation,"C:\Users\micha\OneDrive\שולחן העבודה\wordsFiles\Brain_Mri\data\Data 1 with distortion\all_images\tumor__Y73_29\restoration\rotation_restored.png",tumor,tumor,True,TT,0.774201
restored,rotation,"C:\Users\micha\OneDrive\שולחן העבודה\wordsFiles\Brain_Mri\data\Data 1 with distortion\all_images\tumor__Y78_30\restoration\rotation_restored.png",tumor,no_tumor,False,TF,0.494830
restored,rotation,"C:\Users\micha\OneDrive\שולחן העבודה\wordsFiles\Brain_Mri\data\Data 1 with distortion\all_images\tumor__Y79_13\restoration\rotation_restored.png",tumor,tumor,True,TT,0.941671
restored,rotation,"C:\Users\micha\OneDrive\שולחן העבודה\wordsFiles\Brain_Mri\data\Data 1 with distortion\all_images\tumor__Y90_3\restoration\rotation_restored.png",tumor,no_tumor,False,TF,0.207240
restored,rotation,"C:\Users\micha\OneDrive\שולחן העבודה\wordsFiles\Brain_Mri\data\Data 1 with distortion\all_images\tumor__Y95_8\restoration\rotation_restored.png",tumor,no_tumor,False,TF,0.367167
distorted,perspective_warp,"C:\Users\micha\OneDrive\שולחן העבודה\wordsFiles\Brain_Mri\data\Data 1 with distortion\all_images\no_tumor__14 no_28\distortions\perspective_warp.png",no_tumor,no_tumor,True,FF,0.077967
distorted,perspective_warp,"C:\Users\micha\OneDrive\שולחן העבודה\wordsFiles\Brain_Mri\data\Data 1 with distortion\all_images\no_tumor__19 no_16\distortions\perspective_warp.png",no_tumor,no_tumor,True,FF,0.050519
distorted,perspective_warp,"C:\Users\micha\OneDrive\שולחן העבודה\wordsFiles\Brain_Mri\data\Data 1 with distortion\all_images\no_tumor__20 no_19\distortions\perspective_warp.png",no_tumor,no_tumor,True,FF,0.056561
distorted,perspective_warp,"C:\Users\micha\OneDrive\שולחן העבודה\wordsFiles\Brain_Mri\data\Data 1 with distortion\all_images\no_tumor__27 no_2\distortions\perspective_warp.png",no_tumor,no_tumor,True,FF,0.156602
distorted,perspective_warp,"C:\Users\micha\OneDrive\שולחן העבודה\wordsFiles\Brain_Mri\data\Data 1 with distortion\all_images\no_tumor__32 no_1\distortions\perspective_warp.png",no_tumor,no_tumor,True,FF,0.038577
distorted,perspective_warp,"C:\Users\micha\OneDrive\שולחן העבודה\wordsFiles\Brain_Mri\data\Data 1 with distortion\all_images\no_tumor__34 no_0\distortions\perspective_warp.png",no_tumor,tumor,False,FT,0.572508
distorted,perspective_warp,"C:\Users\micha\OneDrive\שולחן העבודה\wordsFiles\Brain_Mri\data\Data 1 with distortion\all_images\no_tumor__39 no_11\distortions\perspective_warp.png",no_tumor,no_tumor,True,FF,0.169014
distorted,perspective_warp,"C:\Users\micha\OneDrive\שולחן העבודה\wordsFiles\Brain_Mri\data\Data 1 with distortion\all_images\no_tumor__N11_25\distortions\perspective_warp.png",no_tumor,no_tumor,True,FF,0.218251
distorted,perspective_warp,"C:\Users\micha\OneDrive\שולחן העבודה\wordsFiles\Brain_Mri\data\Data 1 with distortion\all_images\no_tumor__N15_10\distortions\perspective_warp.png",no_tumor,no_tumor,True,FF,0.167939
distorted,perspective_warp,"C:\Users\micha\OneDrive\שולחן העבודה\wordsFiles\Brain_Mri\data\Data 1 with distortion\all_images\no_tumor__N16_26\distortions\perspective_warp.png",no_tumor,no_tumor,True,FF,0.355534
distorted,perspective_warp,"C:\Users\micha\OneDrive\שולחן העבודה\wordsFiles\Brain_Mri\data\Data 1 with distortion\all_images\no_tumor__N17_7\distortions\perspective_warp.png",no_tumor,no_tumor,True,FF,0.362779
distorted,perspective_warp,"C:\Users\micha\OneDrive\שולחן העבודה\wordsFiles\Brain_Mri\data\Data 1 with distortion\all_images\no_tumor__N21_34\distortions\perspective_warp.png",no_tumor,no_tumor,True,FF,0.065494
distorted,perspective_warp,"C:\Users\micha\OneDrive\שולחן העבודה\wordsFiles\Brain_Mri\data\Data 1 with distortion\all_images\no_tumor__N22_31\distortions\perspective_warp.png",no_tumor,no_tumor,True,FF,0.311515
distorted,perspective_warp,"C:\Users\micha\OneDrive\שולחן העבודה\wordsFiles\Brain_Mri\data\Data 1 with distortion\all_images\no_tumor__N26_21\distortions\perspective_warp.png",no_tumor,no_tumor,True,FF,0.475996
distorted,perspective_warp,"C:\Users\micha\OneDrive\שולחן העבודה\wordsFiles\Brain_Mri\data\Data 1 with distortion\all_images\no_tumor__No21_6\distortions\perspective_warp.png",no_tumor,no_tumor,True,FF,0.187264
distorted,perspective_warp,"C:\Users\micha\OneDrive\שולחן העבודה\wordsFiles\Brain_Mri\data\Data 1 with distortion\all_images\tumor__Y115_5\distortions\perspective_warp.png",tumor,no_tumor,False,TF,0.413128
distorted,perspective_warp,"C:\Users\micha\OneDrive\שולחן העבודה\wordsFiles\Brain_Mri\data\Data 1 with distortion\all_images\tumor__Y116_17\distortions\perspective_warp.png",tumor,no_tumor,False,TF,0.273226
distorted,perspective_warp,"C:\Users\micha\OneDrive\שולחן העבודה\wordsFiles\Brain_Mri\data\Data 1 with distortion\all_images\tumor__Y155_24\distortions\perspective_warp.png",tumor,tumor,True,TT,0.824875
distorted,perspective_warp,"C:\Users\micha\OneDrive\שולחן העבודה\wordsFiles\Brain_Mri\data\Data 1 with distortion\all_images\tumor__Y162_27\distortions\perspective_warp.png",tumor,no_tumor,False,TF,0.173876
distorted,perspective_warp,"C:\Users\micha\OneDrive\שולחן העבודה\wordsFiles\Brain_Mri\data\Data 1 with distortion\all_images\tumor__Y180_33\distortions\perspective_warp.png",tumor,tumor,True,TT,0.984486
distorted,perspective_warp,"C:\Users\micha\OneDrive\שולחן העבודה\wordsFiles\Brain_Mri\data\Data 1 with distortion\all_images\tumor__Y1_22\distortions\perspective_warp.png",tumor,no_tumor,False,TF,0.340073
distorted,perspective_warp,"C:\Users\micha\OneDrive\שולחן העבודה\wordsFiles\Brain_Mri\data\Data 1 with distortion\all_images\tumor__Y20_15\distortions\perspective_warp.png",tumor,no_tumor,False,TF,0.385449
distorted,perspective_warp,"C:\Users\micha\OneDrive\שולחן העבודה\wordsFiles\Brain_Mri\data\Data 1 with distortion\all_images\tumor__Y21_36\distortions\perspective_warp.png",tumor,no_tumor,False,TF,0.339330
distorted,perspective_warp,"C:\Users\micha\OneDrive\שולחן העבודה\wordsFiles\Brain_Mri\data\Data 1 with distortion\all_images\tumor__Y257_9\distortions\perspective_warp.png",tumor,no_tumor,False,TF,0.437349
distorted,perspective_warp,"C:\Users\micha\OneDrive\שולחן העבודה\wordsFiles\Brain_Mri\data\Data 1 with distortion\all_images\tumor__Y258_32\distortions\perspective_warp.png",tumor,no_tumor,False,TF,0.364069
distorted,perspective_warp,"C:\Users\micha\OneDrive\שולחן העבודה\wordsFiles\Brain_Mri\data\Data 1 with distortion\all_images\tumor__Y35_37\distortions\perspective_warp.png",tumor,no_tumor,False,TF,0.242953
distorted,perspective_warp,"C:\Users\micha\OneDrive\שולחן העבודה\wordsFiles\Brain_Mri\data\Data 1 with distortion\all_images\tumor__Y36_23\distortions\perspective_warp.png",tumor,tumor,True,TT,0.732397
distorted,perspective_warp,"C:\Users\micha\OneDrive\שולחן העבודה\wordsFiles\Brain_Mri\data\Data 1 with distortion\all_images\tumor__Y37_20\distortions\perspective_warp.png",tumor,tumor,True,TT,0.500969
distorted,perspective_warp,"C:\Users\micha\OneDrive\שולחן העבודה\wordsFiles\Brain_Mri\data\Data 1 with distortion\all_images\tumor__Y3_35\distortions\perspective_warp.png",tumor,no_tumor,False,TF,0.390573
distorted,perspective_warp,"C:\Users\micha\OneDrive\שולחן העבודה\wordsFiles\Brain_Mri\data\Data 1 with distortion\all_images\tumor__Y41_14\distortions\perspective_warp.png",tumor,tumor,True,TT,0.737049
distorted,perspective_warp,"C:\Users\micha\OneDrive\שולחן העבודה\wordsFiles\Brain_Mri\data\Data 1 with distortion\all_images\tumor__Y54_18\distortions\perspective_warp.png",tumor,tumor,True,TT,0.675819
distorted,perspective_warp,"C:\Users\micha\OneDrive\שולחן העבודה\wordsFiles\Brain_Mri\data\Data 1 with distortion\all_images\tumor__Y61_12\distortions\perspective_warp.png",tumor,no_tumor,False,TF,0.358404
distorted,perspective_warp,"C:\Users\micha\OneDrive\שולחן העבודה\wordsFiles\Brain_Mri\data\Data 1 with distortion\all_images\tumor__Y6_4\distortions\perspective_warp.png",tumor,no_tumor,False,TF,0.410082
distorted,perspective_warp,"C:\Users\micha\OneDrive\שולחן העבודה\wordsFiles\Brain_Mri\data\Data 1 with distortion\all_images\tumor__Y73_29\distortions\perspective_warp.png",tumor,no_tumor,False,TF,0.414925
distorted,perspective_warp,"C:\Users\micha\OneDrive\שולחן העבודה\wordsFiles\Brain_Mri\data\Data 1 with distortion\all_images\tumor__Y78_30\distortions\perspective_warp.png",tumor,no_tumor,False,TF,0.215724
distorted,perspective_warp,"C:\Users\micha\OneDrive\שולחן העבודה\wordsFiles\Brain_Mri\data\Data 1 with distortion\all_images\tumor__Y79_13\distortions\perspective_warp.png",tumor,tumor,True,TT,0.729303
distorted,perspective_warp,"C:\Users\micha\OneDrive\שולחן העבודה\wordsFiles\Brain_Mri\data\Data 1 with distortion\all_images\tumor__Y90_3\distortions\perspective_warp.png",tumor,no_tumor,False,TF,0.105035
distorted,perspective_warp,"C:\Users\micha\OneDrive\שולחן העבודה\wordsFiles\Brain_Mri\data\Data 1 with distortion\all_images\tumor__Y95_8\distortions\perspective_warp.png",tumor,no_tumor,False,TF,0.194384
restored,perspective_warp,"C:\Users\micha\OneDrive\שולחן העבודה\wordsFiles\Brain_Mri\data\Data 1 with distortion\all_images\no_tumor__14 no_28\restoration\perspective_warp_restored.png",no_tumor,no_tumor,True,FF,0.155535
restored,perspective_warp,"C:\Users\micha\OneDrive\שולחן העבודה\wordsFiles\Brain_Mri\data\Data 1 with distortion\all_images\no_tumor__19 no_16\restoration\perspective_warp_restored.png",no_tumor,no_tumor,True,FF,0.101041
restored,perspective_warp,"C:\Users\micha\OneDrive\שולחן העבודה\wordsFiles\Brain_Mri\data\Data 1 with distortion\all_images\no_tumor__20 no_19\restoration\perspective_warp_restored.png",no_tumor,no_tumor,True,FF,0.393470
restored,perspective_warp,"C:\Users\micha\OneDrive\שולחן העבודה\wordsFiles\Brain_Mri\data\Data 1 with distortion\all_images\no_tumor__27 no_2\restoration\perspective_warp_restored.png",no_tumor,no_tumor,True,FF,0.291768
restored,perspective_warp,"C:\Users\micha\OneDrive\שולחן העבודה\wordsFiles\Brain_Mri\data\Data 1 with distortion\all_images\no_tumor__32 no_1\restoration\perspective_warp_restored.png",no_tumor,no_tumor,True,FF,0.103325
restored,perspective_warp,"C:\Users\micha\OneDrive\שולחן העבודה\wordsFiles\Brain_Mri\data\Data 1 with distortion\all_images\no_tumor__34 no_0\restoration\perspective_warp_restored.png",no_tumor,tumor,False,FT,0.839339
restored,perspective_warp,"C:\Users\micha\OneDrive\שולחן העבודה\wordsFiles\Brain_Mri\data\Data 1 with distortion\all_images\no_tumor__39 no_11\restoration\perspective_warp_restored.png",no_tumor,no_tumor,True,FF,0.372799
restored,perspective_warp,"C:\Users\micha\OneDrive\שולחן העבודה\wordsFiles\Brain_Mri\data\Data 1 with distortion\all_images\no_tumor__N11_25\restoration\perspective_warp_restored.png",no_tumor,no_tumor,True,FF,0.449043
restored,perspective_warp,"C:\Users\micha\OneDrive\שולחן העבודה\wordsFiles\Brain_Mri\data\Data 1 with distortion\all_images\no_tumor__N15_10\restoration\perspective_warp_restored.png",no_tumor,no_tumor,True,FF,0.367689
restored,perspective_warp,"C:\Users\micha\OneDrive\שולחן העבודה\wordsFiles\Brain_Mri\data\Data 1 with distortion\all_images\no_tumor__N16_26\restoration\perspective_warp_restored.png",no_tumor,tumor,False,FT,0.718031
restored,perspective_warp,"C:\Users\micha\OneDrive\שולחן העבודה\wordsFiles\Brain_Mri\data\Data 1 with distortion\all_images\no_tumor__N17_7\restoration\perspective_warp_restored.png",no_tumor,tumor,False,FT,0.714914
restored,perspective_warp,"C:\Users\micha\OneDrive\שולחן העבודה\wordsFiles\Brain_Mri\data\Data 1 with distortion\all_images\no_tumor__N21_34\restoration\perspective_warp_restored.png",no_tumor,no_tumor,True,FF,0.104262
restored,perspective_warp,"C:\Users\micha\OneDrive\שולחן העבודה\wordsFiles\Brain_Mri\data\Data 1 with distortion\all_images\no_tumor__N22_31\restoration\perspective_warp_restored.png",no_tumor,tumor,False,FT,0.590462
restored,perspective_warp,"C:\Users\micha\OneDrive\שולחן העבודה\wordsFiles\Brain_Mri\data\Data 1 with distortion\all_images\no_tumor__N26_21\restoration\perspective_warp_restored.png",no_tumor,tumor,False,FT,0.764012
restored,perspective_warp,"C:\Users\micha\OneDrive\שולחן העבודה\wordsFiles\Brain_Mri\data\Data 1 with distortion\all_images\no_tumor__No21_6\restoration\perspective_warp_restored.png",no_tumor,no_tumor,True,FF,0.387010
restored,perspective_warp,"C:\Users\micha\OneDrive\שולחן העבודה\wordsFiles\Brain_Mri\data\Data 1 with distortion\all_images\tumor__Y115_5\restoration\perspective_warp_restored.png",tumor,tumor,True,TT,0.741545
restored,perspective_warp,"C:\Users\micha\OneDrive\שולחן העבודה\wordsFiles\Brain_Mri\data\Data 1 with distortion\all_images\tumor__Y116_17\restoration\perspective_warp_restored.png",tumor,tumor,True,TT,0.555454
restored,perspective_warp,"C:\Users\micha\OneDrive\שולחן העבודה\wordsFiles\Brain_Mri\data\Data 1 with distortion\all_images\tumor__Y155_24\restoration\perspective_warp_restored.png",tumor,tumor,True,TT,0.970050
restored,perspective_warp,"C:\Users\micha\OneDrive\שולחן העבודה\wordsFiles\Brain_Mri\data\Data 1 with distortion\all_images\tumor__Y162_27\restoration\perspective_warp_restored.png",tumor,no_tumor,False,TF,0.387337
restored,perspective_warp,"C:\Users\micha\OneDrive\שולחן העבודה\wordsFiles\Brain_Mri\data\Data 1 with distortion\all_images\tumor__Y180_33\restoration\perspective_warp_restored.png",tumor,tumor,True,TT,0.998878
restored,perspective_warp,"C:\Users\micha\OneDrive\שולחן העבודה\wordsFiles\Brain_Mri\data\Data 1 with distortion\all_images\tumor__Y1_22\restoration\perspective_warp_restored.png",tumor,tumor,True,TT,0.615798
restored,perspective_warp,"C:\Users\micha\OneDrive\שולחן העבודה\wordsFiles\Brain_Mri\data\Data 1 with distortion\all_images\tumor__Y20_15\restoration\perspective_warp_restored.png",tumor,tumor,True,TT,0.696362
restored,perspective_warp,"C:\Users\micha\OneDrive\שולחן העבודה\wordsFiles\Brain_Mri\data\Data 1 with distortion\all_images\tumor__Y21_36\restoration\perspective_warp_restored.png",tumor,tumor,True,TT,0.671872
restored,perspective_warp,"C:\Users\micha\OneDrive\שולחן העבודה\wordsFiles\Brain_Mri\data\Data 1 with distortion\all_images\tumor__Y257_9\restoration\perspective_warp_restored.png",tumor,tumor,True,TT,0.757404
restored,perspective_warp,"C:\Users\micha\OneDrive\שולחן העבודה\wordsFiles\Brain_Mri\data\Data 1 with distortion\all_images\tumor__Y258_32\restoration\perspective_warp_restored.png",tumor,tumor,True,TT,0.666872
restored,perspective_warp,"C:\Users\micha\OneDrive\שולחן העבודה\wordsFiles\Brain_Mri\data\Data 1 with distortion\all_images\tumor__Y35_37\restoration\perspective_warp_restored.png",tumor,tumor,True,TT,0.623033
restored,perspective_warp,"C:\Users\micha\OneDrive\שולחן העבודה\wordsFiles\Brain_Mri\data\Data 1 with distortion\all_images\tumor__Y36_23\restoration\perspective_warp_restored.png",tumor,tumor,True,TT,0.934398
restored,perspective_warp,"C:\Users\micha\OneDrive\שולחן העבודה\wordsFiles\Brain_Mri\data\Data 1 with distortion\all_images\tumor__Y37_20\restoration\perspective_warp_restored.png",tumor,tumor,True,TT,0.958051
restored,perspective_warp,"C:\Users\micha\OneDrive\שולחן העבודה\wordsFiles\Brain_Mri\data\Data 1 with distortion\all_images\tumor__Y3_35\restoration\perspective_warp_restored.png",tumor,tumor,True,TT,0.715956
restored,perspective_warp,"C:\Users\micha\OneDrive\שולחן העבודה\wordsFiles\Brain_Mri\data\Data 1 with distortion\all_images\tumor__Y41_14\restoration\perspective_warp_restored.png",tumor,tumor,True,TT,0.936669
restored,perspective_warp,"C:\Users\micha\OneDrive\שולחן העבודה\wordsFiles\Brain_Mri\data\Data 1 with distortion\all_images\tumor__Y54_18\restoration\perspective_warp_restored.png",tumor,tumor,True,TT,0.900589
restored,perspective_warp,"C:\Users\micha\OneDrive\שולחן העבודה\wordsFiles\Brain_Mri\data\Data 1 with distortion\all_images\tumor__Y61_12\restoration\perspective_warp_restored.png",tumor,tumor,True,TT,0.660090
restored,perspective_warp,"C:\Users\micha\OneDrive\שולחן העבודה\wordsFiles\Brain_Mri\data\Data 1 with distortion\all_images\tumor__Y6_4\restoration\perspective_warp_restored.png",tumor,tumor,True,TT,0.725622
restored,perspective_warp,"C:\Users\micha\OneDrive\שולחן העבודה\wordsFiles\Brain_Mri\data\Data 1 with distortion\all_images\tumor__Y73_29\restoration\perspective_warp_restored.png",tumor,tumor,True,TT,0.774138
restored,perspective_warp,"C:\Users\micha\OneDrive\שולחן העבודה\wordsFiles\Brain_Mri\data\Data 1 with distortion\all_images\tumor__Y78_30\restoration\perspective_warp_restored.png",tumor,tumor,True,TT,0.502872
restored,perspective_warp,"C:\Users\micha\OneDrive\שולחן העבודה\wordsFiles\Brain_Mri\data\Data 1 with distortion\all_images\tumor__Y79_13\restoration\perspective_warp_restored.png",tumor,tumor,True,TT,0.951853
restored,perspective_warp,"C:\Users\micha\OneDrive\שולחן העבודה\wordsFiles\Brain_Mri\data\Data 1 with distortion\all_images\tumor__Y90_3\restoration\perspective_warp_restored.png",tumor,no_tumor,False,TF,0.209717
restored,perspective_warp,"C:\Users\micha\OneDrive\שולחן העבודה\wordsFiles\Brain_Mri\data\Data 1 with distortion\all_images\tumor__Y95_8\restoration\perspective_warp_restored.png",tumor,no_tumor,False,TF,0.375383
distorted,barrel_distortion,"C:\Users\micha\OneDrive\שולחן העבודה\wordsFiles\Brain_Mri\data\Data 1 with distortion\all_images\no_tumor__14 no_28\distortions\barrel_distortion.png",no_tumor,no_tumor,True,FF,0.109609
distorted,barrel_distortion,"C:\Users\micha\OneDrive\שולחן העבודה\wordsFiles\Brain_Mri\data\Data 1 with distortion\all_images\no_tumor__19 no_16\distortions\barrel_distortion.png",no_tumor,no_tumor,True,FF,0.089111
distorted,barrel_distortion,"C:\Users\micha\OneDrive\שולחן העבודה\wordsFiles\Brain_Mri\data\Data 1 with distortion\all_images\no_tumor__20 no_19\distortions\barrel_distortion.png",no_tumor,tumor,False,FT,0.921723
distorted,barrel_distortion,"C:\Users\micha\OneDrive\שולחן העבודה\wordsFiles\Brain_Mri\data\Data 1 with distortion\all_images\no_tumor__27 no_2\distortions\barrel_distortion.png",no_tumor,no_tumor,True,FF,0.202411
distorted,barrel_distortion,"C:\Users\micha\OneDrive\שולחן העבודה\wordsFiles\Brain_Mri\data\Data 1 with distortion\all_images\no_tumor__32 no_1\distortions\barrel_distortion.png",no_tumor,no_tumor,True,FF,0.384909
distorted,barrel_distortion,"C:\Users\micha\OneDrive\שולחן העבודה\wordsFiles\Brain_Mri\data\Data 1 with distortion\all_images\no_tumor__34 no_0\distortions\barrel_distortion.png",no_tumor,tumor,False,FT,0.685788
distorted,barrel_distortion,"C:\Users\micha\OneDrive\שולחן העבודה\wordsFiles\Brain_Mri\data\Data 1 with distortion\all_images\no_tumor__39 no_11\distortions\barrel_distortion.png",no_tumor,no_tumor,True,FF,0.314972
distorted,barrel_distortion,"C:\Users\micha\OneDrive\שולחן העבודה\wordsFiles\Brain_Mri\data\Data 1 with distortion\all_images\no_tumor__N11_25\distortions\barrel_distortion.png",no_tumor,no_tumor,True,FF,0.288330
distorted,barrel_distortion,"C:\Users\micha\OneDrive\שולחן העבודה\wordsFiles\Brain_Mri\data\Data 1 with distortion\all_images\no_tumor__N15_10\distortions\barrel_distortion.png",no_tumor,no_tumor,True,FF,0.175698
distorted,barrel_distortion,"C:\Users\micha\OneDrive\שולחן העבודה\wordsFiles\Brain_Mri\data\Data 1 with distortion\all_images\no_tumor__N16_26\distortions\barrel_distortion.png",no_tumor,tumor,False,FT,0.954922
distorted,barrel_distortion,"C:\Users\micha\OneDrive\שולחן העבודה\wordsFiles\Brain_Mri\data\Data 1 with distortion\all_images\no_tumor__N17_7\distortions\barrel_distortion.png",no_tumor,tumor,False,FT,0.938524
distorted,barrel_distortion,"C:\Users\micha\OneDrive\שולחן העבודה\wordsFiles\Brain_Mri\data\Data 1 with distortion\all_images\no_tumor__N21_34\distortions\barrel_distortion.png",no_tumor,no_tumor,True,FF,0.092874
distorted,barrel_distortion,"C:\Users\micha\OneDrive\שולחן העבודה\wordsFiles\Brain_Mri\data\Data 1 with distortion\all_images\no_tumor__N22_31\distortions\barrel_distortion.png",no_tumor,no_tumor,True,FF,0.379199
distorted,barrel_distortion,"C:\Users\micha\OneDrive\שולחן העבודה\wordsFiles\Brain_Mri\data\Data 1 with distortion\all_images\no_tumor__N26_21\distortions\barrel_distortion.png",no_tumor,tumor,False,FT,0.595703
distorted,barrel_distortion,"C:\Users\micha\OneDrive\שולחן העבודה\wordsFiles\Brain_Mri\data\Data 1 with distortion\all_images\no_tumor__No21_6\distortions\barrel_distortion.png",no_tumor,no_tumor,True,FF,0.387712
distorted,barrel_distortion,"C:\Users\micha\OneDrive\שולחן העבודה\wordsFiles\Brain_Mri\data\Data 1 with distortion\all_images\tumor__Y115_5\distortions\barrel_distortion.png",tumor,no_tumor,False,TF,0.490899
distorted,barrel_distortion,"C:\Users\micha\OneDrive\שולחן העבודה\wordsFiles\Brain_Mri\data\Data 1 with distortion\all_images\tumor__Y116_17\distortions\barrel_distortion.png",tumor,no_tumor,False,TF,0.373017
distorted,barrel_distortion,"C:\Users\micha\OneDrive\שולחן העבודה\wordsFiles\Brain_Mri\data\Data 1 with distortion\all_images\tumor__Y155_24\distortions\barrel_distortion.png",tumor,tumor,True,TT,0.902807
distorted,barrel_distortion,"C:\Users\micha\OneDrive\שולחן העבודה\wordsFiles\Brain_Mri\data\Data 1 with distortion\all_images\tumor__Y162_27\distortions\barrel_distortion.png",tumor,no_tumor,False,TF,0.239865
distorted,barrel_distortion,"C:\Users\micha\OneDrive\שולחן העבודה\wordsFiles\Brain_Mri\data\Data 1 with distortion\all_images\tumor__Y180_33\distortions\barrel_distortion.png",tumor,tumor,True,TT,0.997827
distorted,barrel_distortion,"C:\Users\micha\OneDrive\שולחן העבודה\wordsFiles\Brain_Mri\data\Data 1 with distortion\all_images\tumor__Y1_22\distortions\barrel_distortion.png",tumor,no_tumor,False,TF,0.459549
distorted,barrel_distortion,"C:\Users\micha\OneDrive\שולחן העבודה\wordsFiles\Brain_Mri\data\Data 1 with distortion\all_images\tumor__Y20_15\distortions\barrel_distortion.png",tumor,no_tumor,False,TF,0.471075
distorted,barrel_distortion,"C:\Users\micha\OneDrive\שולחן העבודה\wordsFiles\Brain_Mri\data\Data 1 with distortion\all_images\tumor__Y21_36\distortions\barrel_distortion.png",tumor,no_tumor,False,TF,0.474896
distorted,barrel_distortion,"C:\Users\micha\OneDrive\שולחן העבודה\wordsFiles\Brain_Mri\data\Data 1 with distortion\all_images\tumor__Y257_9\distortions\barrel_distortion.png",tumor,tumor,True,TT,0.507688
distorted,barrel_distortion,"C:\Users\micha\OneDrive\שולחן העבודה\wordsFiles\Brain_Mri\data\Data 1 with distortion\all_images\tumor__Y258_32\distortions\barrel_distortion.png",tumor,no_tumor,False,TF,0.446882
distorted,barrel_distortion,"C:\Users\micha\OneDrive\שולחן העבודה\wordsFiles\Brain_Mri\data\Data 1 with distortion\all_images\tumor__Y35_37\distortions\barrel_distortion.png",tumor,tumor,True,TT,0.848336
distorted,barrel_distortion,"C:\Users\micha\OneDrive\שולחן העבודה\wordsFiles\Brain_Mri\data\Data 1 with distortion\all_images\tumor__Y36_23\distortions\barrel_distortion.png",tumor,tumor,True,TT,0.800203
distorted,barrel_distortion,"C:\Users\micha\OneDrive\שולחן העבודה\wordsFiles\Brain_Mri\data\Data 1 with distortion\all_images\tumor__Y37_20\distortions\barrel_distortion.png",tumor,tumor,True,TT,0.998107
distorted,barrel_distortion,"C:\Users\micha\OneDrive\שולחן העבודה\wordsFiles\Brain_Mri\data\Data 1 with distortion\all_images\tumor__Y3_35\distortions\barrel_distortion.png",tumor,no_tumor,False,TF,0.499087
distorted,barrel_distortion,"C:\Users\micha\OneDrive\שולחן העבודה\wordsFiles\Brain_Mri\data\Data 1 with distortion\all_images\tumor__Y41_14\distortions\barrel_distortion.png",tumor,tumor,True,TT,0.702923
distorted,barrel_distortion,"C:\Users\micha\OneDrive\שולחן העבודה\wordsFiles\Brain_Mri\data\Data 1 with distortion\all_images\tumor__Y54_18\distortions\barrel_distortion.png",tumor,tumor,True,TT,0.719544
distorted,barrel_distortion,"C:\Users\micha\OneDrive\שולחן העבודה\wordsFiles\Brain_Mri\data\Data 1 with distortion\all_images\tumor__Y61_12\distortions\barrel_distortion.png",tumor,no_tumor,False,TF,0.487145
distorted,barrel_distortion,"C:\Users\micha\OneDrive\שולחן העבודה\wordsFiles\Brain_Mri\data\Data 1 with distortion\all_images\tumor__Y6_4\distortions\barrel_distortion.png",tumor,tumor,True,TT,0.521121
distorted,barrel_distortion,"C:\Users\micha\OneDrive\שולחן העבודה\wordsFiles\Brain_Mri\data\Data 1 with distortion\all_images\tumor__Y73_29\distortions\barrel_distortion.png",tumor,no_tumor,False,TF,0.400031
distorted,barrel_distortion,"C:\Users\micha\OneDrive\שולחן העבודה\wordsFiles\Brain_Mri\data\Data 1 with distortion\all_images\tumor__Y78_30\distortions\barrel_distortion.png",tumor,no_tumor,False,TF,0.408539
distorted,barrel_distortion,"C:\Users\micha\OneDrive\שולחן העבודה\wordsFiles\Brain_Mri\data\Data 1 with distortion\all_images\tumor__Y79_13\distortions\barrel_distortion.png",tumor,tumor,True,TT,0.805877
distorted,barrel_distortion,"C:\Users\micha\OneDrive\שולחן העבודה\wordsFiles\Brain_Mri\data\Data 1 with distortion\all_images\tumor__Y90_3\distortions\barrel_distortion.png",tumor,no_tumor,False,TF,0.156958
distorted,barrel_distortion,"C:\Users\micha\OneDrive\שולחן העבודה\wordsFiles\Brain_Mri\data\Data 1 with distortion\all_images\tumor__Y95_8\distortions\barrel_distortion.png",tumor,tumor,True,TT,0.603889
restored,barrel_distortion,"C:\Users\micha\OneDrive\שולחן העבודה\wordsFiles\Brain_Mri\data\Data 1 with distortion\all_images\no_tumor__14 no_28\restoration\barrel_distortion_restored.png",no_tumor,no_tumor,True,FF,0.200981
restored,barrel_distortion,"C:\Users\micha\OneDrive\שולחן העבודה\wordsFiles\Brain_Mri\data\Data 1 with distortion\all_images\no_tumor__19 no_16\restoration\barrel_distortion_restored.png",no_tumor,no_tumor,True,FF,0.132178
restored,barrel_distortion,"C:\Users\micha\OneDrive\שולחן העבודה\wordsFiles\Brain_Mri\data\Data 1 with distortion\all_images\no_tumor__20 no_19\restoration\barrel_distortion_restored.png",no_tumor,tumor,False,FT,0.579473
restored,barrel_distortion,"C:\Users\micha\OneDrive\שולחן העבודה\wordsFiles\Brain_Mri\data\Data 1 with distortion\all_images\no_tumor__27 no_2\restoration\barrel_distortion_restored.png",no_tumor,no_tumor,True,FF,0.381625
restored,barrel_distortion,"C:\Users\micha\OneDrive\שולחן העבודה\wordsFiles\Brain_Mri\data\Data 1 with distortion\all_images\no_tumor__32 no_1\restoration\barrel_distortion_restored.png",no_tumor,no_tumor,True,FF,0.112050
restored,barrel_distortion,"C:\Users\micha\OneDrive\שולחן העבודה\wordsFiles\Brain_Mri\data\Data 1 with distortion\all_images\no_tumor__34 no_0\restoration\barrel_distortion_restored.png",no_tumor,tumor,False,FT,0.914423
restored,barrel_distortion,"C:\Users\micha\OneDrive\שולחן העבודה\wordsFiles\Brain_Mri\data\Data 1 with distortion\all_images\no_tumor__39 no_11\restoration\barrel_distortion_restored.png",no_tumor,no_tumor,True,FF,0.439665
restored,barrel_distortion,"C:\Users\micha\OneDrive\שולחן העבודה\wordsFiles\Brain_Mri\data\Data 1 with distortion\all_images\no_tumor__N11_25\restoration\barrel_distortion_restored.png",no_tumor,tumor,False,FT,0.501501
restored,barrel_distortion,"C:\Users\micha\OneDrive\שולחן העבודה\wordsFiles\Brain_Mri\data\Data 1 with distortion\all_images\no_tumor__N15_10\restoration\barrel_distortion_restored.png",no_tumor,no_tumor,True,FF,0.427807
restored,barrel_distortion,"C:\Users\micha\OneDrive\שולחן העבודה\wordsFiles\Brain_Mri\data\Data 1 with distortion\all_images\no_tumor__N16_26\restoration\barrel_distortion_restored.png",no_tumor,tumor,False,FT,0.779529
restored,barrel_distortion,"C:\Users\micha\OneDrive\שולחן העבודה\wordsFiles\Brain_Mri\data\Data 1 with distortion\all_images\no_tumor__N17_7\restoration\barrel_distortion_restored.png",no_tumor,tumor,False,FT,0.775759
restored,barrel_distortion,"C:\Users\micha\OneDrive\שולחן העבודה\wordsFiles\Brain_Mri\data\Data 1 with distortion\all_images\no_tumor__N21_34\restoration\barrel_distortion_restored.png",no_tumor,no_tumor,True,FF,0.145237
restored,barrel_distortion,"C:\Users\micha\OneDrive\שולחן העבודה\wordsFiles\Brain_Mri\data\Data 1 with distortion\all_images\no_tumor__N22_31\restoration\barrel_distortion_restored.png",no_tumor,tumor,False,FT,0.706543
restored,barrel_distortion,"C:\Users\micha\OneDrive\שולחן העבודה\wordsFiles\Brain_Mri\data\Data 1 with distortion\all_images\no_tumor__N26_21\restoration\barrel_distortion_restored.png",no_tumor,tumor,False,FT,0.827079
restored,barrel_distortion,"C:\Users\micha\OneDrive\שולחן העבודה\wordsFiles\Brain_Mri\data\Data 1 with distortion\all_images\no_tumor__No21_6\restoration\barrel_distortion_restored.png",no_tumor,no_tumor,True,FF,0.478183
restored,barrel_distortion,"C:\Users\micha\OneDrive\שולחן העבודה\wordsFiles\Brain_Mri\data\Data 1 with distortion\all_images\tumor__Y115_5\restoration\barrel_distortion_restored.png",tumor,tumor,True,TT,0.802354
restored,barrel_distortion,"C:\Users\micha\OneDrive\שולחן העבודה\wordsFiles\Brain_Mri\data\Data 1 with distortion\all_images\tumor__Y116_17\restoration\barrel_distortion_restored.png",tumor,tumor,True,TT,0.631331
restored,barrel_distortion,"C:\Users\micha\OneDrive\שולחן העבודה\wordsFiles\Brain_Mri\data\Data 1 with distortion\all_images\tumor__Y155_24\restoration\barrel_distortion_restored.png",tumor,tumor,True,TT,0.983333
restored,barrel_distortion,"C:\Users\micha\OneDrive\שולחן העבודה\wordsFiles\Brain_Mri\data\Data 1 with distortion\all_images\tumor__Y162_27\restoration\barrel_distortion_restored.png",tumor,no_tumor,False,TF,0.457170
restored,barrel_distortion,"C:\Users\micha\OneDrive\שולחן העבודה\wordsFiles\Brain_Mri\data\Data 1 with distortion\all_images\tumor__Y180_33\restoration\barrel_distortion_restored.png",tumor,tumor,True,TT,0.999478
restored,barrel_distortion,"C:\Users\micha\OneDrive\שולחן העבודה\wordsFiles\Brain_Mri\data\Data 1 with distortion\all_images\tumor__Y1_22\restoration\barrel_distortion_restored.png",tumor,tumor,True,TT,0.704285
restored,barrel_distortion,"C:\Users\micha\OneDrive\שולחן העבודה\wordsFiles\Brain_Mri\data\Data 1 with distortion\all_images\tumor__Y20_15\restoration\barrel_distortion_restored.png",tumor,tumor,True,TT,0.768578
restored,barrel_distortion,"C:\Users\micha\OneDrive\שולחן העבודה\wordsFiles\Brain_Mri\data\Data 1 with distortion\all_images\tumor__Y21_36\restoration\barrel_distortion_restored.png",tumor,tumor,True,TT,0.745215
restored,barrel_distortion,"C:\Users\micha\OneDrive\שולחן העבודה\wordsFiles\Brain_Mri\data\Data 1 with distortion\all_images\tumor__Y257_9\restoration\barrel_distortion_restored.png",tumor,tumor,True,TT,0.844133
restored,barrel_distortion,"C:\Users\micha\OneDrive\שולחן העבודה\wordsFiles\Brain_Mri\data\Data 1 with distortion\all_images\tumor__Y258_32\restoration\barrel_distortion_restored.png",tumor,tumor,True,TT,0.758351
restored,barrel_distortion,"C:\Users\micha\OneDrive\שולחן העבודה\wordsFiles\Brain_Mri\data\Data 1 with distortion\all_images\tumor__Y35_37\restoration\barrel_distortion_restored.png",tumor,tumor,True,TT,0.731462
restored,barrel_distortion,"C:\Users\micha\OneDrive\שולחן העבודה\wordsFiles\Brain_Mri\data\Data 1 with distortion\all_images\tumor__Y36_23\restoration\barrel_distortion_restored.png",tumor,tumor,True,TT,0.952951
restored,barrel_distortion,"C:\Users\micha\OneDrive\שולחן העבודה\wordsFiles\Brain_Mri\data\Data 1 with distortion\all_images\tumor__Y37_20\restoration\barrel_distortion_restored.png",tumor,tumor,True,TT,0.989310
restored,barrel_distortion,"C:\Users\micha\OneDrive\שולחן העבודה\wordsFiles\Brain_Mri\data\Data 1 with distortion\all_images\tumor__Y3_35\restoration\barrel_distortion_restored.png",tumor,tumor,True,TT,0.796108
restored,barrel_distortion,"C:\Users\micha\OneDrive\שולחן העבודה\wordsFiles\Brain_Mri\data\Data 1 with distortion\all_images\tumor__Y41_14\restoration\barrel_distortion_restored.png",tumor,tumor,True,TT,0.959428
restored,barrel_distortion,"C:\Users\micha\OneDrive\שולחן העבודה\wordsFiles\Brain_Mri\data\Data 1 with distortion\all_images\tumor__Y54_18\restoration\barrel_distortion_restored.png",tumor,tumor,True,TT,0.936916
restored,barrel_distortion,"C:\Users\micha\OneDrive\שולחן העבודה\wordsFiles\Brain_Mri\data\Data 1 with distortion\all_images\tumor__Y61_12\restoration\barrel_distortion_restored.png",tumor,tumor,True,TT,0.738529
restored,barrel_distortion,"C:\Users\micha\OneDrive\שולחן העבודה\wordsFiles\Brain_Mri\data\Data 1 with distortion\all_images\tumor__Y6_4\restoration\barrel_distortion_restored.png",tumor,tumor,True,TT,0.761247
restored,barrel_distortion,"C:\Users\micha\OneDrive\שולחן העבודה\wordsFiles\Brain_Mri\data\Data 1 with distortion\all_images\tumor__Y73_29\restoration\barrel_distortion_restored.png",tumor,tumor,True,TT,0.870838
restored,barrel_distortion,"C:\Users\micha\OneDrive\שולחן העבודה\wordsFiles\Brain_Mri\data\Data 1 with distortion\all_images\tumor__Y78_30\restoration\barrel_distortion_restored.png",tumor,tumor,True,TT,0.605135
restored,barrel_distortion,"C:\Users\micha\OneDrive\שולחן העבודה\wordsFiles\Brain_Mri\data\Data 1 with distortion\all_images\tumor__Y79_13\restoration\barrel_distortion_restored.png",tumor,tumor,True,TT,0.974715
restored,barrel_distortion,"C:\Users\micha\OneDrive\שולחן העבודה\wordsFiles\Brain_Mri\data\Data 1 with distortion\all_images\tumor__Y90_3\restoration\barrel_distortion_restored.png",tumor,no_tumor,False,TF,0.249754
restored,barrel_distortion,"C:\Users\micha\OneDrive\שולחן העבודה\wordsFiles\Brain_Mri\data\Data 1 with distortion\all_images\tumor__Y95_8\restoration\barrel_distortion_restored.png",tumor,no_tumor,False,TF,0.405182
distorted,pixelation,"C:\Users\micha\OneDrive\שולחן העבודה\wordsFiles\Brain_Mri\data\Data 1 with distortion\all_images\no_tumor__14 no_28\distortions\pixelation.png",no_tumor,tumor,False,FT,0.919829
distorted,pixelation,"C:\Users\micha\OneDrive\שולחן העבודה\wordsFiles\Brain_Mri\data\Data 1 with distortion\all_images\no_tumor__19 no_16\distortions\pixelation.png",no_tumor,tumor,False,FT,0.714733
distorted,pixelation,"C:\Users\micha\OneDrive\שולחן העבודה\wordsFiles\Brain_Mri\data\Data 1 with distortion\all_images\no_tumor__20 no_19\distortions\pixelation.png",no_tumor,tumor,False,FT,0.949896
distorted,pixelation,"C:\Users\micha\OneDrive\שולחן העבודה\wordsFiles\Brain_Mri\data\Data 1 with distortion\all_images\no_tumor__27 no_2\distortions\pixelation.png",no_tumor,tumor,False,FT,0.975961
distorted,pixelation,"C:\Users\micha\OneDrive\שולחן העבודה\wordsFiles\Brain_Mri\data\Data 1 with distortion\all_images\no_tumor__32 no_1\distortions\pixelation.png",no_tumor,tumor,False,FT,0.677209
distorted,pixelation,"C:\Users\micha\OneDrive\שולחן העבודה\wordsFiles\Brain_Mri\data\Data 1 with distortion\all_images\no_tumor__34 no_0\distortions\pixelation.png",no_tumor,tumor,False,FT,0.996907
distorted,pixelation,"C:\Users\micha\OneDrive\שולחן העבודה\wordsFiles\Brain_Mri\data\Data 1 with distortion\all_images\no_tumor__39 no_11\distortions\pixelation.png",no_tumor,tumor,False,FT,0.954383
distorted,pixelation,"C:\Users\micha\OneDrive\שולחן העבודה\wordsFiles\Brain_Mri\data\Data 1 with distortion\all_images\no_tumor__N11_25\distortions\pixelation.png",no_tumor,tumor,False,FT,0.968724
distorted,pixelation,"C:\Users\micha\OneDrive\שולחן העבודה\wordsFiles\Brain_Mri\data\Data 1 with distortion\all_images\no_tumor__N15_10\distortions\pixelation.png",no_tumor,tumor,False,FT,0.779718
distorted,pixelation,"C:\Users\micha\OneDrive\שולחן העבודה\wordsFiles\Brain_Mri\data\Data 1 with distortion\all_images\no_tumor__N16_26\distortions\pixelation.png",no_tumor,tumor,False,FT,0.975103
distorted,pixelation,"C:\Users\micha\OneDrive\שולחן העבודה\wordsFiles\Brain_Mri\data\Data 1 with distortion\all_images\no_tumor__N17_7\distortions\pixelation.png",no_tumor,tumor,False,FT,0.974410
distorted,pixelation,"C:\Users\micha\OneDrive\שולחן העבודה\wordsFiles\Brain_Mri\data\Data 1 with distortion\all_images\no_tumor__N21_34\distortions\pixelation.png",no_tumor,tumor,False,FT,0.863545
distorted,pixelation,"C:\Users\micha\OneDrive\שולחן העבודה\wordsFiles\Brain_Mri\data\Data 1 with distortion\all_images\no_tumor__N22_31\distortions\pixelation.png",no_tumor,tumor,False,FT,0.978932
distorted,pixelation,"C:\Users\micha\OneDrive\שולחן העבודה\wordsFiles\Brain_Mri\data\Data 1 with distortion\all_images\no_tumor__N26_21\distortions\pixelation.png",no_tumor,tumor,False,FT,0.871138
distorted,pixelation,"C:\Users\micha\OneDrive\שולחן העבודה\wordsFiles\Brain_Mri\data\Data 1 with distortion\all_images\no_tumor__No21_6\distortions\pixelation.png",no_tumor,tumor,False,FT,0.944027
distorted,pixelation,"C:\Users\micha\OneDrive\שולחן העבודה\wordsFiles\Brain_Mri\data\Data 1 with distortion\all_images\tumor__Y115_5\distortions\pixelation.png",tumor,tumor,True,TT,0.960194
distorted,pixelation,"C:\Users\micha\OneDrive\שולחן העבודה\wordsFiles\Brain_Mri\data\Data 1 with distortion\all_images\tumor__Y116_17\distortions\pixelation.png",tumor,tumor,True,TT,0.960749
distorted,pixelation,"C:\Users\micha\OneDrive\שולחן העבודה\wordsFiles\Brain_Mri\data\Data 1 with distortion\all_images\tumor__Y155_24\distortions\pixelation.png",tumor,tumor,True,TT,0.992115
distorted,pixelation,"C:\Users\micha\OneDrive\שולחן העבודה\wordsFiles\Brain_Mri\data\Data 1 with distortion\all_images\tumor__Y162_27\distortions\pixelation.png",tumor,tumor,True,TT,0.915116
distorted,pixelation,"C:\Users\micha\OneDrive\שולחן העבודה\wordsFiles\Brain_Mri\data\Data 1 with distortion\all_images\tumor__Y180_33\distortions\pixelation.png",tumor,tumor,True,TT,0.998746
distorted,pixelation,"C:\Users\micha\OneDrive\שולחן העבודה\wordsFiles\Brain_Mri\data\Data 1 with distortion\all_images\tumor__Y1_22\distortions\pixelation.png",tumor,tumor,True,TT,0.983972
distorted,pixelation,"C:\Users\micha\OneDrive\שולחן העבודה\wordsFiles\Brain_Mri\data\Data 1 with distortion\all_images\tumor__Y20_15\distortions\pixelation.png",tumor,tumor,True,TT,0.991295
distorted,pixelation,"C:\Users\micha\OneDrive\שולחן העבודה\wordsFiles\Brain_Mri\data\Data 1 with distortion\all_images\tumor__Y21_36\distortions\pixelation.png",tumor,tumor,True,TT,0.980568
distorted,pixelation,"C:\Users\micha\OneDrive\שולחן העבודה\wordsFiles\Brain_Mri\data\Data 1 with distortion\all_images\tumor__Y257_9\distortions\pixelation.png",tumor,tumor,True,TT,0.994751
distorted,pixelation,"C:\Users\micha\OneDrive\שולחן העבודה\wordsFiles\Brain_Mri\data\Data 1 with distortion\all_images\tumor__Y258_32\distortions\pixelation.png",tumor,tumor,True,TT,0.991194
distorted,pixelation,"C:\Users\micha\OneDrive\שולחן העבודה\wordsFiles\Brain_Mri\data\Data 1 with distortion\all_images\tumor__Y35_37\distortions\pixelation.png",tumor,tumor,True,TT,0.962243
distorted,pixelation,"C:\Users\micha\OneDrive\שולחן העבודה\wordsFiles\Brain_Mri\data\Data 1 with distortion\all_images\tumor__Y36_23\distortions\pixelation.png",tumor,tumor,True,TT,0.989711
distorted,pixelation,"C:\Users\micha\OneDrive\שולחן העבודה\wordsFiles\Brain_Mri\data\Data 1 with distortion\all_images\tumor__Y37_20\distortions\pixelation.png",tumor,tumor,True,TT,0.991326
distorted,pixelation,"C:\Users\micha\OneDrive\שולחן העבודה\wordsFiles\Brain_Mri\data\Data 1 with distortion\all_images\tumor__Y3_35\distortions\pixelation.png",tumor,tumor,True,TT,0.988913
distorted,pixelation,"C:\Users\micha\OneDrive\שולחן העבודה\wordsFiles\Brain_Mri\data\Data 1 with distortion\all_images\tumor__Y41_14\distortions\pixelation.png",tumor,tumor,True,TT,0.970822
distorted,pixelation,"C:\Users\micha\OneDrive\שולחן העבודה\wordsFiles\Brain_Mri\data\Data 1 with distortion\all_images\tumor__Y54_18\distortions\pixelation.png",tumor,tumor,True,TT,0.996197
distorted,pixelation,"C:\Users\micha\OneDrive\שולחן העבודה\wordsFiles\Brain_Mri\data\Data 1 with distortion\all_images\tumor__Y61_12\distortions\pixelation.png",tumor,tumor,True,TT,0.968301
distorted,pixelation,"C:\Users\micha\OneDrive\שולחן העבודה\wordsFiles\Brain_Mri\data\Data 1 with distortion\all_images\tumor__Y6_4\distortions\pixelation.png",tumor,tumor,True,TT,0.983618
distorted,pixelation,"C:\Users\micha\OneDrive\שולחן העבודה\wordsFiles\Brain_Mri\data\Data 1 with distortion\all_images\tumor__Y73_29\distortions\pixelation.png",tumor,tumor,True,TT,0.951307
distorted,pixelation,"C:\Users\micha\OneDrive\שולחן העבודה\wordsFiles\Brain_Mri\data\Data 1 with distortion\all_images\tumor__Y78_30\distortions\pixelation.png",tumor,tumor,True,TT,0.984249
distorted,pixelation,"C:\Users\micha\OneDrive\שולחן העבודה\wordsFiles\Brain_Mri\data\Data 1 with distortion\all_images\tumor__Y79_13\distortions\pixelation.png",tumor,tumor,True,TT,0.991655
distorted,pixelation,"C:\Users\micha\OneDrive\שולחן העבודה\wordsFiles\Brain_Mri\data\Data 1 with distortion\all_images\tumor__Y90_3\distortions\pixelation.png",tumor,tumor,True,TT,0.813652
distorted,pixelation,"C:\Users\micha\OneDrive\שולחן העבודה\wordsFiles\Brain_Mri\data\Data 1 with distortion\all_images\tumor__Y95_8\distortions\pixelation.png",tumor,tumor,True,TT,0.898406
restored,pixelation,"C:\Users\micha\OneDrive\שולחן העבודה\wordsFiles\Brain_Mri\data\Data 1 with distortion\all_images\no_tumor__14 no_28\restoration\pixelation_restored.png",no_tumor,tumor,False,FT,0.828962
restored,pixelation,"C:\Users\micha\OneDrive\שולחן העבודה\wordsFiles\Brain_Mri\data\Data 1 with distortion\all_images\no_tumor__19 no_16\restoration\pixelation_restored.png",no_tumor,tumor,False,FT,0.555772
restored,pixelation,"C:\Users\micha\OneDrive\שולחן העבודה\wordsFiles\Brain_Mri\data\Data 1 with distortion\all_images\no_tumor__20 no_19\restoration\pixelation_restored.png",no_tumor,tumor,False,FT,0.895150
restored,pixelation,"C:\Users\micha\OneDrive\שולחן העבודה\wordsFiles\Brain_Mri\data\Data 1 with distortion\all_images\no_tumor__27 no_2\restoration\pixelation_restored.png",no_tumor,tumor,False,FT,0.954664
restored,pixelation,"C:\Users\micha\OneDrive\שולחן העבודה\wordsFiles\Brain_Mri\data\Data 1 with distortion\all_images\no_tumor__32 no_1\restoration\pixelation_restored.png",no_tumor,tumor,False,FT,0.569308
restored,pixelation,"C:\Users\micha\OneDrive\שולחן העבודה\wordsFiles\Brain_Mri\data\Data 1 with distortion\all_images\no_tumor__34 no_0\restoration\pixelation_restored.png",no_tumor,tumor,False,FT,0.993301
restored,pixelation,"C:\Users\micha\OneDrive\שולחן העבודה\wordsFiles\Brain_Mri\data\Data 1 with distortion\all_images\no_tumor__39 no_11\restoration\pixelation_restored.png",no_tumor,tumor,False,FT,0.916651
restored,pixelation,"C:\Users\micha\OneDrive\שולחן העבודה\wordsFiles\Brain_Mri\data\Data 1 with distortion\all_images\no_tumor__N11_25\restoration\pixelation_restored.png",no_tumor,tumor,False,FT,0.944254
restored,pixelation,"C:\Users\micha\OneDrive\שולחן העבודה\wordsFiles\Brain_Mri\data\Data 1 with distortion\all_images\no_tumor__N15_10\restoration\pixelation_restored.png",no_tumor,tumor,False,FT,0.621591
restored,pixelation,"C:\Users\micha\OneDrive\שולחן העבודה\wordsFiles\Brain_Mri\data\Data 1 with distortion\all_images\no_tumor__N16_26\restoration\pixelation_restored.png",no_tumor,tumor,False,FT,0.947837
restored,pixelation,"C:\Users\micha\OneDrive\שולחן העבודה\wordsFiles\Brain_Mri\data\Data 1 with distortion\all_images\no_tumor__N17_7\restoration\pixelation_restored.png",no_tumor,tumor,False,FT,0.946298
restored,pixelation,"C:\Users\micha\OneDrive\שולחן העבודה\wordsFiles\Brain_Mri\data\Data 1 with distortion\all_images\no_tumor__N21_34\restoration\pixelation_restored.png",no_tumor,tumor,False,FT,0.761242
restored,pixelation,"C:\Users\micha\OneDrive\שולחן העבודה\wordsFiles\Brain_Mri\data\Data 1 with distortion\all_images\no_tumor__N22_31\restoration\pixelation_restored.png",no_tumor,tumor,False,FT,0.958183
restored,pixelation,"C:\Users\micha\OneDrive\שולחן העבודה\wordsFiles\Brain_Mri\data\Data 1 with distortion\all_images\no_tumor__N26_21\restoration\pixelation_restored.png",no_tumor,tumor,False,FT,0.763482
restored,pixelation,"C:\Users\micha\OneDrive\שולחן העבודה\wordsFiles\Brain_Mri\data\Data 1 with distortion\all_images\no_tumor__No21_6\restoration\pixelation_restored.png",no_tumor,tumor,False,FT,0.890926
restored,pixelation,"C:\Users\micha\OneDrive\שולחן העבודה\wordsFiles\Brain_Mri\data\Data 1 with distortion\all_images\tumor__Y115_5\restoration\pixelation_restored.png",tumor,tumor,True,TT,0.917011
restored,pixelation,"C:\Users\micha\OneDrive\שולחן העבודה\wordsFiles\Brain_Mri\data\Data 1 with distortion\all_images\tumor__Y116_17\restoration\pixelation_restored.png",tumor,tumor,True,TT,0.923838
restored,pixelation,"C:\Users\micha\OneDrive\שולחן העבודה\wordsFiles\Brain_Mri\data\Data 1 with distortion\all_images\tumor__Y155_24\restoration\pixelation_restored.png",tumor,tumor,True,TT,0.980264
restored,pixelation,"C:\Users\micha\OneDrive\שולחן העבודה\wordsFiles\Brain_Mri\data\Data 1 with distortion\all_images\tumor__Y162_27\restoration\pixelation_restored.png",tumor,tumor,True,TT,0.829053
restored,pixelation,"C:\Users\micha\OneDrive\שולחן העבודה\wordsFiles\Brain_Mri\data\Data 1 with distortion\all_images\tumor__Y180_33\restoration\pixelation_restored.png",tumor,tumor,True,TT,0.997678
restored,pixelation,"C:\Users\micha\OneDrive\שולחן העבודה\wordsFiles\Brain_Mri\data\Data 1 with distortion\all_images\tumor__Y1_22\restoration\pixelation_restored.png",tumor,tumor,True,TT,0.968368
restored,pixelation,"C:\Users\micha\OneDrive\שולחן העבודה\wordsFiles\Brain_Mri\data\Data 1 with distortion\all_images\tumor__Y20_15\restoration\pixelation_restored.png",tumor,tumor,True,TT,0.984323
restored,pixelation,"C:\Users\micha\OneDrive\שולחן העבודה\wordsFiles\Brain_Mri\data\Data 1 with distortion\all_images\tumor__Y21_36\restoration\pixelation_restored.png",tumor,tumor,True,TT,0.960784
restored,pixelation,"C:\Users\micha\OneDrive\שולחן העבודה\wordsFiles\Brain_Mri\data\Data 1 with distortion\all_images\tumor__Y257_9\restoration\pixelation_restored.png",tumor,tumor,True,TT,0.990253
restored,pixelation,"C:\Users\micha\OneDrive\שולחן העבודה\wordsFiles\Brain_Mri\data\Data 1 with distortion\all_images\tumor__Y258_32\restoration\pixelation_restored.png",tumor,tumor,True,TT,0.983208
restored,pixelation,"C:\Users\micha\OneDrive\שולחן העבודה\wordsFiles\Brain_Mri\data\Data 1 with distortion\all_images\tumor__Y35_37\restoration\pixelation_restored.png",tumor,tumor,True,TT,0.941745
restored,pixelation,"C:\Users\micha\OneDrive\שולחן העבודה\wordsFiles\Brain_Mri\data\Data 1 with distortion\all_images\tumor__Y36_23\restoration\pixelation_restored.png",tumor,tumor,True,TT,0.979285
restored,pixelation,"C:\Users\micha\OneDrive\שולחן העבודה\wordsFiles\Brain_Mri\data\Data 1 with distortion\all_images\tumor__Y37_20\restoration\pixelation_restored.png",tumor,tumor,True,TT,0.981827
restored,pixelation,"C:\Users\micha\OneDrive\שולחן העבודה\wordsFiles\Brain_Mri\data\Data 1 with distortion\all_images\tumor__Y3_35\restoration\pixelation_restored.png",tumor,tumor,True,TT,0.979238
restored,pixelation,"C:\Users\micha\OneDrive\שולחן העבודה\wordsFiles\Brain_Mri\data\Data 1 with distortion\all_images\tumor__Y41_14\restoration\pixelation_restored.png",tumor,tumor,True,TT,0.929202
restored,pixelation,"C:\Users\micha\OneDrive\שולחן העבודה\wordsFiles\Brain_Mri\data\Data 1 with distortion\all_images\tumor__Y54_18\restoration\pixelation_restored.png",tumor,tumor,True,TT,0.992685
restored,pixelation,"C:\Users\micha\OneDrive\שולחן העבודה\wordsFiles\Brain_Mri\data\Data 1 with distortion\all_images\tumor__Y61_12\restoration\pixelation_restored.png",tumor,tumor,True,TT,0.933527
restored,pixelation,"C:\Users\micha\OneDrive\שולחן העבודה\wordsFiles\Brain_Mri\data\Data 1 with distortion\all_images\tumor__Y6_4\restoration\pixelation_restored.png",tumor,tumor,True,TT,0.975440
restored,pixelation,"C:\Users\micha\OneDrive\שולחן העבודה\wordsFiles\Brain_Mri\data\Data 1 with distortion\all_images\tumor__Y73_29\restoration\pixelation_restored.png",tumor,tumor,True,TT,0.886554
restored,pixelation,"C:\Users\micha\OneDrive\שולחן העבודה\wordsFiles\Brain_Mri\data\Data 1 with distortion\all_images\tumor__Y78_30\restoration\pixelation_restored.png",tumor,tumor,True,TT,0.965380
restored,pixelation,"C:\Users\micha\OneDrive\שולחן העבודה\wordsFiles\Brain_Mri\data\Data 1 with distortion\all_images\tumor__Y79_13\restoration\pixelation_restored.png",tumor,tumor,True,TT,0.981075
restored,pixelation,"C:\Users\micha\OneDrive\שולחן העבודה\wordsFiles\Brain_Mri\data\Data 1 with distortion\all_images\tumor__Y90_3\restoration\pixelation_restored.png",tumor,tumor,True,TT,0.699298
restored,pixelation,"C:\Users\micha\OneDrive\שולחן העבודה\wordsFiles\Brain_Mri\data\Data 1 with distortion\all_images\tumor__Y95_8\restoration\pixelation_restored.png",tumor,tumor,True,TT,0.852264
distorted,gaussian_noise_snr_5db,"C:\Users\micha\OneDrive\שולחן העבודה\wordsFiles\Brain_Mri\data\Data 1 with distortion\all_images\no_tumor__14 no_28\distortions\gaussian_noise_snr_5db.png",no_tumor,no_tumor,True,FF,0.417158
distorted,gaussian_noise_snr_5db,"C:\Users\micha\OneDrive\שולחן העבודה\wordsFiles\Brain_Mri\data\Data 1 with distortion\all_images\no_tumor__19 no_16\distortions\gaussian_noise_snr_5db.png",no_tumor,no_tumor,True,FF,0.462190
distorted,gaussian_noise_snr_5db,"C:\Users\micha\OneDrive\שולחן העבודה\wordsFiles\Brain_Mri\data\Data 1 with distortion\all_images\no_tumor__20 no_19\distortions\gaussian_noise_snr_5db.png",no_tumor,tumor,False,FT,0.559032
distorted,gaussian_noise_snr_5db,"C:\Users\micha\OneDrive\שולחן העבודה\wordsFiles\Brain_Mri\data\Data 1 with distortion\all_images\no_tumor__27 no_2\distortions\gaussian_noise_snr_5db.png",no_tumor,no_tumor,True,FF,0.124380
distorted,gaussian_noise_snr_5db,"C:\Users\micha\OneDrive\שולחן העבודה\wordsFiles\Brain_Mri\data\Data 1 with distortion\all_images\no_tumor__32 no_1\distortions\gaussian_noise_snr_5db.png",no_tumor,no_tumor,True,FF,0.340851
distorted,gaussian_noise_snr_5db,"C:\Users\micha\OneDrive\שולחן העבודה\wordsFiles\Brain_Mri\data\Data 1 with distortion\all_images\no_tumor__34 no_0\distortions\gaussian_noise_snr_5db.png",no_tumor,no_tumor,True,FF,0.266207
distorted,gaussian_noise_snr_5db,"C:\Users\micha\OneDrive\שולחן העבודה\wordsFiles\Brain_Mri\data\Data 1 with distortion\all_images\no_tumor__39 no_11\distortions\gaussian_noise_snr_5db.png",no_tumor,no_tumor,True,FF,0.229293
distorted,gaussian_noise_snr_5db,"C:\Users\micha\OneDrive\שולחן העבודה\wordsFiles\Brain_Mri\data\Data 1 with distortion\all_images\no_tumor__N11_25\distortions\gaussian_noise_snr_5db.png",no_tumor,no_tumor,True,FF,0.265282
distorted,gaussian_noise_snr_5db,"C:\Users\micha\OneDrive\שולחן העבודה\wordsFiles\Brain_Mri\data\Data 1 with distortion\all_images\no_tumor__N15_10\distortions\gaussian_noise_snr_5db.png",no_tumor,no_tumor,True,FF,0.484708
distorted,gaussian_noise_snr_5db,"C:\Users\micha\OneDrive\שולחן העבודה\wordsFiles\Brain_Mri\data\Data 1 with distortion\all_images\no_tumor__N16_26\distortions\gaussian_noise_snr_5db.png",no_tumor,no_tumor,True,FF,0.381436
distorted,gaussian_noise_snr_5db,"C:\Users\micha\OneDrive\שולחן העבודה\wordsFiles\Brain_Mri\data\Data 1 with distortion\all_images\no_tumor__N17_7\distortions\gaussian_noise_snr_5db.png",no_tumor,no_tumor,True,FF,0.381415
distorted,gaussian_noise_snr_5db,"C:\Users\micha\OneDrive\שולחן העבודה\wordsFiles\Brain_Mri\data\Data 1 with distortion\all_images\no_tumor__N21_34\distortions\gaussian_noise_snr_5db.png",no_tumor,no_tumor,True,FF,0.167538
distorted,gaussian_noise_snr_5db,"C:\Users\micha\OneDrive\שולחן העבודה\wordsFiles\Brain_Mri\data\Data 1 with distortion\all_images\no_tumor__N22_31\distortions\gaussian_noise_snr_5db.png",no_tumor,tumor,False,FT,0.551615
distorted,gaussian_noise_snr_5db,"C:\Users\micha\OneDrive\שולחן העבודה\wordsFiles\Brain_Mri\data\Data 1 with distortion\all_images\no_tumor__N26_21\distortions\gaussian_noise_snr_5db.png",no_tumor,tumor,False,FT,0.802539
distorted,gaussian_noise_snr_5db,"C:\Users\micha\OneDrive\שולחן העבודה\wordsFiles\Brain_Mri\data\Data 1 with distortion\all_images\no_tumor__No21_6\distortions\gaussian_noise_snr_5db.png",no_tumor,no_tumor,True,FF,0.291157
distorted,gaussian_noise_snr_5db,"C:\Users\micha\OneDrive\שולחן העבודה\wordsFiles\Brain_Mri\data\Data 1 with distortion\all_images\tumor__Y115_5\distortions\gaussian_noise_snr_5db.png",tumor,tumor,True,TT,0.558114
distorted,gaussian_noise_snr_5db,"C:\Users\micha\OneDrive\שולחן העבודה\wordsFiles\Brain_Mri\data\Data 1 with distortion\all_images\tumor__Y116_17\distortions\gaussian_noise_snr_5db.png",tumor,no_tumor,False,TF,0.405202
distorted,gaussian_noise_snr_5db,"C:\Users\micha\OneDrive\שולחן העבודה\wordsFiles\Brain_Mri\data\Data 1 with distortion\all_images\tumor__Y155_24\distortions\gaussian_noise_snr_5db.png",tumor,tumor,True,TT,0.545388
distorted,gaussian_noise_snr_5db,"C:\Users\micha\OneDrive\שולחן העבודה\wordsFiles\Brain_Mri\data\Data 1 with distortion\all_images\tumor__Y162_27\distortions\gaussian_noise_snr_5db.png",tumor,no_tumor,False,TF,0.383619
distorted,gaussian_noise_snr_5db,"C:\Users\micha\OneDrive\שולחן העבודה\wordsFiles\Brain_Mri\data\Data 1 with distortion\all_images\tumor__Y180_33\distortions\gaussian_noise_snr_5db.png",tumor,no_tumor,False,TF,0.280756
distorted,gaussian_noise_snr_5db,"C:\Users\micha\OneDrive\שולחן העבודה\wordsFiles\Brain_Mri\data\Data 1 with distortion\all_images\tumor__Y1_22\distortions\gaussian_noise_snr_5db.png",tumor,no_tumor,False,TF,0.406096
distorted,gaussian_noise_snr_5db,"C:\Users\micha\OneDrive\שולחן העבודה\wordsFiles\Brain_Mri\data\Data 1 with distortion\all_images\tumor__Y20_15\distortions\gaussian_noise_snr_5db.png",tumor,no_tumor,False,TF,0.180559
distorted,gaussian_noise_snr_5db,"C:\Users\micha\OneDrive\שולחן העבודה\wordsFiles\Brain_Mri\data\Data 1 with distortion\all_images\tumor__Y21_36\distortions\gaussian_noise_snr_5db.png",tumor,tumor,True,TT,0.762166
distorted,gaussian_noise_snr_5db,"C:\Users\micha\OneDrive\שולחן העבודה\wordsFiles\Brain_Mri\data\Data 1 with distortion\all_images\tumor__Y257_9\distortions\gaussian_noise_snr_5db.png",tumor,no_tumor,False,TF,0.196184
distorted,gaussian_noise_snr_5db,"C:\Users\micha\OneDrive\שולחן העבודה\wordsFiles\Brain_Mri\data\Data 1 with distortion\all_images\tumor__Y258_32\distortions\gaussian_noise_snr_5db.png",tumor,no_tumor,False,TF,0.155023
distorted,gaussian_noise_snr_5db,"C:\Users\micha\OneDrive\שולחן העבודה\wordsFiles\Brain_Mri\data\Data 1 with distortion\all_images\tumor__Y35_37\distortions\gaussian_noise_snr_5db.png",tumor,no_tumor,False,TF,0.465692
distorted,gaussian_noise_snr_5db,"C:\Users\micha\OneDrive\שולחן העבודה\wordsFiles\Brain_Mri\data\Data 1 with distortion\all_images\tumor__Y36_23\distortions\gaussian_noise_snr_5db.png",tumor,tumor,True,TT,0.659618
distorted,gaussian_noise_snr_5db,"C:\Users\micha\OneDrive\שולחן העבודה\wordsFiles\Brain_Mri\data\Data 1 with distortion\all_images\tumor__Y37_20\distortions\gaussian_noise_snr_5db.png",tumor,tumor,True,TT,0.527443
distorted,gaussian_noise_snr_5db,"C:\Users\micha\OneDrive\שולחן העבודה\wordsFiles\Brain_Mri\data\Data 1 with distortion\all_images\tumor__Y3_35\distortions\gaussian_noise_snr_5db.png",tumor,no_tumor,False,TF,0.190213
distorted,gaussian_noise_snr_5db,"C:\Users\micha\OneDrive\שולחן העבודה\wordsFiles\Brain_Mri\data\Data 1 with distortion\all_images\tumor__Y41_14\distortions\gaussian_noise_snr_5db.png",tumor,no_tumor,False,TF,0.354679
distorted,gaussian_noise_snr_5db,"C:\Users\micha\OneDrive\שולחן העבודה\wordsFiles\Brain_Mri\data\Data 1 with distortion\all_images\tumor__Y54_18\distortions\gaussian_noise_snr_5db.png",tumor,no_tumor,False,TF,0.232471
distorted,gaussian_noise_snr_5db,"C:\Users\micha\OneDrive\שולחן העבודה\wordsFiles\Brain_Mri\data\Data 1 with distortion\all_images\tumor__Y61_12\distortions\gaussian_noise_snr_5db.png",tumor,no_tumor,False,TF,0.324522
distorted,gaussian_noise_snr_5db,"C:\Users\micha\OneDrive\שולחן העבודה\wordsFiles\Brain_Mri\data\Data 1 with distortion\all_images\tumor__Y6_4\distortions\gaussian_noise_snr_5db.png",tumor,no_tumor,False,TF,0.335844
distorted,gaussian_noise_snr_5db,"C:\Users\micha\OneDrive\שולחן העבודה\wordsFiles\Brain_Mri\data\Data 1 with distortion\all_images\tumor__Y73_29\distortions\gaussian_noise_snr_5db.png",tumor,tumor,True,TT,0.673498
distorted,gaussian_noise_snr_5db,"C:\Users\micha\OneDrive\שולחן העבודה\wordsFiles\Brain_Mri\data\Data 1 with distortion\all_images\tumor__Y78_30\distortions\gaussian_noise_snr_5db.png",tumor,no_tumor,False,TF,0.194511
distorted,gaussian_noise_snr_5db,"C:\Users\micha\OneDrive\שולחן העבודה\wordsFiles\Brain_Mri\data\Data 1 with distortion\all_images\tumor__Y79_13\distortions\gaussian_noise_snr_5db.png",tumor,no_tumor,False,TF,0.175189
distorted,gaussian_noise_snr_5db,"C:\Users\micha\OneDrive\שולחן העבודה\wordsFiles\Brain_Mri\data\Data 1 with distortion\all_images\tumor__Y90_3\distortions\gaussian_noise_snr_5db.png",tumor,no_tumor,False,TF,0.459842
distorted,gaussian_noise_snr_5db,"C:\Users\micha\OneDrive\שולחן העבודה\wordsFiles\Brain_Mri\data\Data 1 with distortion\all_images\tumor__Y95_8\distortions\gaussian_noise_snr_5db.png",tumor,no_tumor,False,TF,0.379406
restored,gaussian_noise_snr_5db,"C:\Users\micha\OneDrive\שולחן העבודה\wordsFiles\Brain_Mri\data\Data 1 with distortion\all_images\no_tumor__14 no_28\restoration\gaussian_noise_snr_5db_restored.png",no_tumor,tumor,False,FT,0.785190
restored,gaussian_noise_snr_5db,"C:\Users\micha\OneDrive\שולחן העבודה\wordsFiles\Brain_Mri\data\Data 1 with distortion\all_images\no_tumor__19 no_16\restoration\gaussian_noise_snr_5db_restored.png",no_tumor,tumor,False,FT,0.545572
restored,gaussian_noise_snr_5db,"C:\Users\micha\OneDrive\שולחן העבודה\wordsFiles\Brain_Mri\data\Data 1 with distortion\all_images\no_tumor__20 no_19\restoration\gaussian_noise_snr_5db_restored.png",no_tumor,tumor,False,FT,0.881963
restored,gaussian_noise_snr_5db,"C:\Users\micha\OneDrive\שולחן העבודה\wordsFiles\Brain_Mri\data\Data 1 with distortion\all_images\no_tumor__27 no_2\restoration\gaussian_noise_snr_5db_restored.png",no_tumor,tumor,False,FT,0.783667
restored,gaussian_noise_snr_5db,"C:\Users\micha\OneDrive\שולחן העבודה\wordsFiles\Brain_Mri\data\Data 1 with distortion\all_images\no_tumor__32 no_1\restoration\gaussian_noise_snr_5db_restored.png",no_tumor,tumor,False,FT,0.532653
restored,gaussian_noise_snr_5db,"C:\Users\micha\OneDrive\שולחן העבודה\wordsFiles\Brain_Mri\data\Data 1 with distortion\all_images\no_tumor__34 no_0\restoration\gaussian_noise_snr_5db_restored.png",no_tumor,tumor,False,FT,0.951890
restored,gaussian_noise_snr_5db,"C:\Users\micha\OneDrive\שולחן העבודה\wordsFiles\Brain_Mri\data\Data 1 with distortion\all_images\no_tumor__39 no_11\restoration\gaussian_noise_snr_5db_restored.png",no_tumor,tumor,False,FT,0.852208
restored,gaussian_noise_snr_5db,"C:\Users\micha\OneDrive\שולחן העבודה\wordsFiles\Brain_Mri\data\Data 1 with distortion\all_images\no_tumor__N11_25\restoration\gaussian_noise_snr_5db_restored.png",no_tumor,tumor,False,FT,0.840888
restored,gaussian_noise_snr_5db,"C:\Users\micha\OneDrive\שולחן העבודה\wordsFiles\Brain_Mri\data\Data 1 with distortion\all_images\no_tumor__N15_10\restoration\gaussian_noise_snr_5db_restored.png",no_tumor,tumor,False,FT,0.853825
restored,gaussian_noise_snr_5db,"C:\Users\micha\OneDrive\שולחן העבודה\wordsFiles\Brain_Mri\data\Data 1 with distortion\all_images\no_tumor__N16_26\restoration\gaussian_noise_snr_5db_restored.png",no_tumor,tumor,False,FT,0.939403
restored,gaussian_noise_snr_5db,"C:\Users\micha\OneDrive\שולחן העבודה\wordsFiles\Brain_Mri\data\Data 1 with distortion\all_images\no_tumor__N17_7\restoration\gaussian_noise_snr_5db_restored.png",no_tumor,tumor,False,FT,0.938577
restored,gaussian_noise_snr_5db,"C:\Users\micha\OneDrive\שולחן העבודה\wordsFiles\Brain_Mri\data\Data 1 with distortion\all_images\no_tumor__N21_34\restoration\gaussian_noise_snr_5db_restored.png",no_tumor,tumor,False,FT,0.635868
restored,gaussian_noise_snr_5db,"C:\Users\micha\OneDrive\שולחן העבודה\wordsFiles\Brain_Mri\data\Data 1 with distortion\all_images\no_tumor__N22_31\restoration\gaussian_noise_snr_5db_restored.png",no_tumor,tumor,False,FT,0.888144
restored,gaussian_noise_snr_5db,"C:\Users\micha\OneDrive\שולחן העבודה\wordsFiles\Brain_Mri\data\Data 1 with distortion\all_images\no_tumor__N26_21\restoration\gaussian_noise_snr_5db_restored.png",no_tumor,tumor,False,FT,0.966167
restored,gaussian_noise_snr_5db,"C:\Users\micha\OneDrive\שולחן העבודה\wordsFiles\Brain_Mri\data\Data 1 with distortion\all_images\no_tumor__No21_6\restoration\gaussian_noise_snr_5db_restored.png",no_tumor,tumor,False,FT,0.867518
restored,gaussian_noise_snr_5db,"C:\Users\micha\OneDrive\שולחן העבודה\wordsFiles\Brain_Mri\data\Data 1 with distortion\all_images\tumor__Y115_5\restoration\gaussian_noise_snr_5db_restored.png",tumor,tumor,True,TT,0.958290
restored,gaussian_noise_snr_5db,"C:\Users\micha\OneDrive\שולחן העבודה\wordsFiles\Brain_Mri\data\Data 1 with distortion\all_images\tumor__Y116_17\restoration\gaussian_noise_snr_5db_restored.png",tumor,tumor,True,TT,0.923631
restored,gaussian_noise_snr_5db,"C:\Users\micha\OneDrive\שולחן העבודה\wordsFiles\Brain_Mri\data\Data 1 with distortion\all_images\tumor__Y155_24\restoration\gaussian_noise_snr_5db_restored.png",tumor,tumor,True,TT,0.988815
restored,gaussian_noise_snr_5db,"C:\Users\micha\OneDrive\שולחן העבודה\wordsFiles\Brain_Mri\data\Data 1 with distortion\all_images\tumor__Y162_27\restoration\gaussian_noise_snr_5db_restored.png",tumor,tumor,True,TT,0.867049
restored,gaussian_noise_snr_5db,"C:\Users\micha\OneDrive\שולחן העבודה\wordsFiles\Brain_Mri\data\Data 1 with distortion\all_images\tumor__Y180_33\restoration\gaussian_noise_snr_5db_restored.png",tumor,tumor,True,TT,0.996101
restored,gaussian_noise_snr_5db,"C:\Users\micha\OneDrive\שולחן העבודה\wordsFiles\Brain_Mri\data\Data 1 with distortion\all_images\tumor__Y1_22\restoration\gaussian_noise_snr_5db_restored.png",tumor,tumor,True,TT,0.943107
restored,gaussian_noise_snr_5db,"C:\Users\micha\OneDrive\שולחן העבודה\wordsFiles\Brain_Mri\data\Data 1 with distortion\all_images\tumor__Y20_15\restoration\gaussian_noise_snr_5db_restored.png",tumor,tumor,True,TT,0.930261
restored,gaussian_noise_snr_5db,"C:\Users\micha\OneDrive\שולחן העבודה\wordsFiles\Brain_Mri\data\Data 1 with distortion\all_images\tumor__Y21_36\restoration\gaussian_noise_snr_5db_restored.png",tumor,tumor,True,TT,0.958451
restored,gaussian_noise_snr_5db,"C:\Users\micha\OneDrive\שולחן העבודה\wordsFiles\Brain_Mri\data\Data 1 with distortion\all_images\tumor__Y257_9\restoration\gaussian_noise_snr_5db_restored.png",tumor,tumor,True,TT,0.938607
restored,gaussian_noise_snr_5db,"C:\Users\micha\OneDrive\שולחן העבודה\wordsFiles\Brain_Mri\data\Data 1 with distortion\all_images\tumor__Y258_32\restoration\gaussian_noise_snr_5db_restored.png",tumor,tumor,True,TT,0.922440
restored,gaussian_noise_snr_5db,"C:\Users\micha\OneDrive\שולחן העבודה\wordsFiles\Brain_Mri\data\Data 1 with distortion\all_images\tumor__Y35_37\restoration\gaussian_noise_snr_5db_restored.png",tumor,tumor,True,TT,0.912266
restored,gaussian_noise_snr_5db,"C:\Users\micha\OneDrive\שולחן העבודה\wordsFiles\Brain_Mri\data\Data 1 with distortion\all_images\tumor__Y36_23\restoration\gaussian_noise_snr_5db_restored.png",tumor,tumor,True,TT,0.981183
restored,gaussian_noise_snr_5db,"C:\Users\micha\OneDrive\שולחן העבודה\wordsFiles\Brain_Mri\data\Data 1 with distortion\all_images\tumor__Y37_20\restoration\gaussian_noise_snr_5db_restored.png",tumor,tumor,True,TT,0.970792
restored,gaussian_noise_snr_5db,"C:\Users\micha\OneDrive\שולחן העבודה\wordsFiles\Brain_Mri\data\Data 1 with distortion\all_images\tumor__Y3_35\restoration\gaussian_noise_snr_5db_restored.png",tumor,tumor,True,TT,0.936940
restored,gaussian_noise_snr_5db,"C:\Users\micha\OneDrive\שולחן העבודה\wordsFiles\Brain_Mri\data\Data 1 with distortion\all_images\tumor__Y41_14\restoration\gaussian_noise_snr_5db_restored.png",tumor,tumor,True,TT,0.979347
restored,gaussian_noise_snr_5db,"C:\Users\micha\OneDrive\שולחן העבודה\wordsFiles\Brain_Mri\data\Data 1 with distortion\all_images\tumor__Y54_18\restoration\gaussian_noise_snr_5db_restored.png",tumor,tumor,True,TT,0.968819
restored,gaussian_noise_snr_5db,"C:\Users\micha\OneDrive\שולחן העבודה\wordsFiles\Brain_Mri\data\Data 1 with distortion\all_images\tumor__Y61_12\restoration\gaussian_noise_snr_5db_restored.png",tumor,tumor,True,TT,0.944973
restored,gaussian_noise_snr_5db,"C:\Users\micha\OneDrive\שולחן העבודה\wordsFiles\Brain_Mri\data\Data 1 with distortion\all_images\tumor__Y6_4\restoration\gaussian_noise_snr_5db_restored.png",tumor,tumor,True,TT,0.928483
restored,gaussian_noise_snr_5db,"C:\Users\micha\OneDrive\שולחן העבודה\wordsFiles\Brain_Mri\data\Data 1 with distortion\all_images\tumor__Y73_29\restoration\gaussian_noise_snr_5db_restored.png",tumor,tumor,True,TT,0.954280
restored,gaussian_noise_snr_5db,"C:\Users\micha\OneDrive\שולחן העבודה\wordsFiles\Brain_Mri\data\Data 1 with distortion\all_images\tumor__Y78_30\restoration\gaussian_noise_snr_5db_restored.png",tumor,tumor,True,TT,0.900544
restored,gaussian_noise_snr_5db,"C:\Users\micha\OneDrive\שולחן העבודה\wordsFiles\Brain_Mri\data\Data 1 with distortion\all_images\tumor__Y79_13\restoration\gaussian_noise_snr_5db_restored.png",tumor,tumor,True,TT,0.968731
restored,gaussian_noise_snr_5db,"C:\Users\micha\OneDrive\שולחן העבודה\wordsFiles\Brain_Mri\data\Data 1 with distortion\all_images\tumor__Y90_3\restoration\gaussian_noise_snr_5db_restored.png",tumor,tumor,True,TT,0.811630
restored,gaussian_noise_snr_5db,"C:\Users\micha\OneDrive\שולחן העבודה\wordsFiles\Brain_Mri\data\Data 1 with distortion\all_images\tumor__Y95_8\restoration\gaussian_noise_snr_5db_restored.png",tumor,tumor,True,TT,0.814642
distorted,gaussian_noise_snr_10db,"C:\Users\micha\OneDrive\שולחן העבודה\wordsFiles\Brain_Mri\data\Data 1 with distortion\all_images\no_tumor__14 no_28\distortions\gaussian_noise_snr_10db.png",no_tumor,tumor,False,FT,0.544454
distorted,gaussian_noise_snr_10db,"C:\Users\micha\OneDrive\שולחן העבודה\wordsFiles\Brain_Mri\data\Data 1 with distortion\all_images\no_tumor__19 no_16\distortions\gaussian_noise_snr_10db.png",no_tumor,no_tumor,True,FF,0.374994
distorted,gaussian_noise_snr_10db,"C:\Users\micha\OneDrive\שולחן העבודה\wordsFiles\Brain_Mri\data\Data 1 with distortion\all_images\no_tumor__20 no_19\distortions\gaussian_noise_snr_10db.png",no_tumor,tumor,False,FT,0.789854
distorted,gaussian_noise_snr_10db,"C:\Users\micha\OneDrive\שולחן העבודה\wordsFiles\Brain_Mri\data\Data 1 with distortion\all_images\no_tumor__27 no_2\distortions\gaussian_noise_snr_10db.png",no_tumor,no_tumor,True,FF,0.354471
distorted,gaussian_noise_snr_10db,"C:\Users\micha\OneDrive\שולחן העבודה\wordsFiles\Brain_Mri\data\Data 1 with distortion\all_images\no_tumor__32 no_1\distortions\gaussian_noise_snr_10db.png",no_tumor,no_tumor,True,FF,0.311628
distorted,gaussian_noise_snr_10db,"C:\Users\micha\OneDrive\שולחן העבודה\wordsFiles\Brain_Mri\data\Data 1 with distortion\all_images\no_tumor__34 no_0\distortions\gaussian_noise_snr_10db.png",no_tumor,tumor,False,FT,0.717010
distorted,gaussian_noise_snr_10db,"C:\Users\micha\OneDrive\שולחן העבודה\wordsFiles\Brain_Mri\data\Data 1 with distortion\all_images\no_tumor__39 no_11\distortions\gaussian_noise_snr_10db.png",no_tumor,tumor,False,FT,0.529559
distorted,gaussian_noise_snr_10db,"C:\Users\micha\OneDrive\שולחן העבודה\wordsFiles\Brain_Mri\data\Data 1 with distortion\all_images\no_tumor__N11_25\distortions\gaussian_noise_snr_10db.png",no_tumor,tumor,False,FT,0.519768
distorted,gaussian_noise_snr_10db,"C:\Users\micha\OneDrive\שולחן העבודה\wordsFiles\Brain_Mri\data\Data 1 with distortion\all_images\no_tumor__N15_10\distortions\gaussian_noise_snr_10db.png",no_tumor,tumor,False,FT,0.688490
distorted,gaussian_noise_snr_10db,"C:\Users\micha\OneDrive\שולחן העבודה\wordsFiles\Brain_Mri\data\Data 1 with distortion\all_images\no_tumor__N16_26\distortions\gaussian_noise_snr_10db.png",no_tumor,tumor,False,FT,0.743144
distorted,gaussian_noise_snr_10db,"C:\Users\micha\OneDrive\שולחן העבודה\wordsFiles\Brain_Mri\data\Data 1 with distortion\all_images\no_tumor__N17_7\distortions\gaussian_noise_snr_10db.png",no_tumor,tumor,False,FT,0.739757
distorted,gaussian_noise_snr_10db,"C:\Users\micha\OneDrive\שולחן העבודה\wordsFiles\Brain_Mri\data\Data 1 with distortion\all_images\no_tumor__N21_34\distortions\gaussian_noise_snr_10db.png",no_tumor,no_tumor,True,FF,0.274191
distorted,gaussian_noise_snr_10db,"C:\Users\micha\OneDrive\שולחן העבודה\wordsFiles\Brain_Mri\data\Data 1 with distortion\all_images\no_tumor__N22_31\distortions\gaussian_noise_snr_10db.png",no_tumor,tumor,False,FT,0.730487
distorted,gaussian_noise_snr_10db,"C:\Users\micha\OneDrive\שולחן העבודה\wordsFiles\Brain_Mri\data\Data 1 with distortion\all_images\no_tumor__N26_21\distortions\gaussian_noise_snr_10db.png",no_tumor,tumor,False,FT,0.945902
distorted,gaussian_noise_snr_10db,"C:\Users\micha\OneDrive\שולחן העבודה\wordsFiles\Brain_Mri\data\Data 1 with distortion\all_images\no_tumor__No21_6\distortions\gaussian_noise_snr_10db.png",no_tumor,tumor,False,FT,0.588153
distorted,gaussian_noise_snr_10db,"C:\Users\micha\OneDrive\שולחן העבודה\wordsFiles\Brain_Mri\data\Data 1 with distortion\all_images\tumor__Y115_5\distortions\gaussian_noise_snr_10db.png",tumor,tumor,True,TT,0.869765
distorted,gaussian_noise_snr_10db,"C:\Users\micha\OneDrive\שולחן העבודה\wordsFiles\Brain_Mri\data\Data 1 with distortion\all_images\tumor__Y116_17\distortions\gaussian_noise_snr_10db.png",tumor,tumor,True,TT,0.739172
distorted,gaussian_noise_snr_10db,"C:\Users\micha\OneDrive\שולחן העבודה\wordsFiles\Brain_Mri\data\Data 1 with distortion\all_images\tumor__Y155_24\distortions\gaussian_noise_snr_10db.png",tumor,tumor,True,TT,0.931610
distorted,gaussian_noise_snr_10db,"C:\Users\micha\OneDrive\שולחן העבודה\wordsFiles\Brain_Mri\data\Data 1 with distortion\all_images\tumor__Y162_27\distortions\gaussian_noise_snr_10db.png",tumor,tumor,True,TT,0.622533
distorted,gaussian_noise_snr_10db,"C:\Users\micha\OneDrive\שולחן העבודה\wordsFiles\Brain_Mri\data\Data 1 with distortion\all_images\tumor__Y180_33\distortions\gaussian_noise_snr_10db.png",tumor,tumor,True,TT,0.935986
distorted,gaussian_noise_snr_10db,"C:\Users\micha\OneDrive\שולחן העבודה\wordsFiles\Brain_Mri\data\Data 1 with distortion\all_images\tumor__Y1_22\distortions\gaussian_noise_snr_10db.png",tumor,tumor,True,TT,0.780226
distorted,gaussian_noise_snr_10db,"C:\Users\micha\OneDrive\שולחן העבודה\wordsFiles\Brain_Mri\data\Data 1 with distortion\all_images\tumor__Y20_15\distortions\gaussian_noise_snr_10db.png",tumor,tumor,True,TT,0.629160
distorted,gaussian_noise_snr_10db,"C:\Users\micha\OneDrive\שולחן העבודה\wordsFiles\Brain_Mri\data\Data 1 with distortion\all_images\tumor__Y21_36\distortions\gaussian_noise_snr_10db.png",tumor,tumor,True,TT,0.920532
distorted,gaussian_noise_snr_10db,"C:\Users\micha\OneDrive\שולחן העבודה\wordsFiles\Brain_Mri\data\Data 1 with distortion\all_images\tumor__Y257_9\distortions\gaussian_noise_snr_10db.png",tumor,tumor,True,TT,0.635798
distorted,gaussian_noise_snr_10db,"C:\Users\micha\OneDrive\שולחן העבודה\wordsFiles\Brain_Mri\data\Data 1 with distortion\all_images\tumor__Y258_32\distortions\gaussian_noise_snr_10db.png",tumor,tumor,True,TT,0.557379
distorted,gaussian_noise_snr_10db,"C:\Users\micha\OneDrive\שולחן העבודה\wordsFiles\Brain_Mri\data\Data 1 with distortion\all_images\tumor__Y35_37\distortions\gaussian_noise_snr_10db.png",tumor,tumor,True,TT,0.745658
distorted,gaussian_noise_snr_10db,"C:\Users\micha\OneDrive\שולחן העבודה\wordsFiles\Brain_Mri\data\Data 1 with distortion\all_images\tumor__Y36_23\distortions\gaussian_noise_snr_10db.png",tumor,tumor,True,TT,0.939465
distorted,gaussian_noise_snr_10db,"C:\Users\micha\OneDrive\שולחן העבודה\wordsFiles\Brain_Mri\data\Data 1 with distortion\all_images\tumor__Y37_20\distortions\gaussian_noise_snr_10db.png",tumor,tumor,True,TT,0.889510
distorted,gaussian_noise_snr_10db,"C:\Users\micha\OneDrive\שולחן העבודה\wordsFiles\Brain_Mri\data\Data 1 with distortion\all_images\tumor__Y3_35\distortions\gaussian_noise_snr_10db.png",tumor,tumor,True,TT,0.618568
distorted,gaussian_noise_snr_10db,"C:\Users\micha\OneDrive\שולחן העבודה\wordsFiles\Brain_Mri\data\Data 1 with distortion\all_images\tumor__Y41_14\distortions\gaussian_noise_snr_10db.png",tumor,tumor,True,TT,0.866771
distorted,gaussian_noise_snr_10db,"C:\Users\micha\OneDrive\שולחן העבודה\wordsFiles\Brain_Mri\data\Data 1 with distortion\all_images\tumor__Y54_18\distortions\gaussian_noise_snr_10db.png",tumor,tumor,True,TT,0.745424
distorted,gaussian_noise_snr_10db,"C:\Users\micha\OneDrive\שולחן העבודה\wordsFiles\Brain_Mri\data\Data 1 with distortion\all_images\tumor__Y61_12\distortions\gaussian_noise_snr_10db.png",tumor,tumor,True,TT,0.726464
distorted,gaussian_noise_snr_10db,"C:\Users\micha\OneDrive\שולחן העבודה\wordsFiles\Brain_Mri\data\Data 1 with distortion\all_images\tumor__Y6_4\distortions\gaussian_noise_snr_10db.png",tumor,tumor,True,TT,0.676992
distorted,gaussian_noise_snr_10db,"C:\Users\micha\OneDrive\שולחן העבודה\wordsFiles\Brain_Mri\data\Data 1 with distortion\all_images\tumor__Y73_29\distortions\gaussian_noise_snr_10db.png",tumor,tumor,True,TT,0.886258
distorted,gaussian_noise_snr_10db,"C:\Users\micha\OneDrive\שולחן העבודה\wordsFiles\Brain_Mri\data\Data 1 with distortion\all_images\tumor__Y78_30\distortions\gaussian_noise_snr_10db.png",tumor,tumor,True,TT,0.524164
distorted,gaussian_noise_snr_10db,"C:\Users\micha\OneDrive\שולחן העבודה\wordsFiles\Brain_Mri\data\Data 1 with distortion\all_images\tumor__Y79_13\distortions\gaussian_noise_snr_10db.png",tumor,tumor,True,TT,0.760427
distorted,gaussian_noise_snr_10db,"C:\Users\micha\OneDrive\שולחן העבודה\wordsFiles\Brain_Mri\data\Data 1 with distortion\all_images\tumor__Y90_3\distortions\gaussian_noise_snr_10db.png",tumor,tumor,True,TT,0.588022
distorted,gaussian_noise_snr_10db,"C:\Users\micha\OneDrive\שולחן העבודה\wordsFiles\Brain_Mri\data\Data 1 with distortion\all_images\tumor__Y95_8\distortions\gaussian_noise_snr_10db.png",tumor,tumor,True,TT,0.521312
restored,gaussian_noise_snr_10db,"C:\Users\micha\OneDrive\שולחן העבודה\wordsFiles\Brain_Mri\data\Data 1 with distortion\all_images\no_tumor__14 no_28\restoration\gaussian_noise_snr_10db_restored.png",no_tumor,tumor,False,FT,0.584113
restored,gaussian_noise_snr_10db,"C:\Users\micha\OneDrive\שולחן העבודה\wordsFiles\Brain_Mri\data\Data 1 with distortion\all_images\no_tumor__19 no_16\restoration\gaussian_noise_snr_10db_restored.png",no_tumor,no_tumor,True,FF,0.355911
restored,gaussian_noise_snr_10db,"C:\Users\micha\OneDrive\שולחן העבודה\wordsFiles\Brain_Mri\data\Data 1 with distortion\all_images\no_tumor__20 no_19\restoration\gaussian_noise_snr_10db_restored.png",no_tumor,tumor,False,FT,0.772197
restored,gaussian_noise_snr_10db,"C:\Users\micha\OneDrive\שולחן העבודה\wordsFiles\Brain_Mri\data\Data 1 with distortion\all_images\no_tumor__27 no_2\restoration\gaussian_noise_snr_10db_restored.png",no_tumor,tumor,False,FT,0.685073
restored,gaussian_noise_snr_10db,"C:\Users\micha\OneDrive\שולחן העבודה\wordsFiles\Brain_Mri\data\Data 1 with distortion\all_images\no_tumor__32 no_1\restoration\gaussian_noise_snr_10db_restored.png",no_tumor,no_tumor,True,FF,0.340753
restored,gaussian_noise_snr_10db,"C:\Users\micha\OneDrive\שולחן העבודה\wordsFiles\Brain_Mri\data\Data 1 with distortion\all_images\no_tumor__34 no_0\restoration\gaussian_noise_snr_10db_restored.png",no_tumor,tumor,False,FT,0.948207
restored,gaussian_noise_snr_10db,"C:\Users\micha\OneDrive\שולחן העבודה\wordsFiles\Brain_Mri\data\Data 1 with distortion\all_images\no_tumor__39 no_11\restoration\gaussian_noise_snr_10db_restored.png",no_tumor,tumor,False,FT,0.744372
restored,gaussian_noise_snr_10db,"C:\Users\micha\OneDrive\שולחן העבודה\wordsFiles\Brain_Mri\data\Data 1 with distortion\all_images\no_tumor__N11_25\restoration\gaussian_noise_snr_10db_restored.png",no_tumor,tumor,False,FT,0.769765
restored,gaussian_noise_snr_10db,"C:\Users\micha\OneDrive\שולחן העבודה\wordsFiles\Brain_Mri\data\Data 1 with distortion\all_images\no_tumor__N15_10\restoration\gaussian_noise_snr_10db_restored.png",no_tumor,tumor,False,FT,0.719958
restored,gaussian_noise_snr_10db,"C:\Users\micha\OneDrive\שולחן העבודה\wordsFiles\Brain_Mri\data\Data 1 with distortion\all_images\no_tumor__N16_26\restoration\gaussian_noise_snr_10db_restored.png",no_tumor,tumor,False,FT,0.908798
restored,gaussian_noise_snr_10db,"C:\Users\micha\OneDrive\שולחן העבודה\wordsFiles\Brain_Mri\data\Data 1 with distortion\all_images\no_tumor__N17_7\restoration\gaussian_noise_snr_10db_restored.png",no_tumor,tumor,False,FT,0.907218
restored,gaussian_noise_snr_10db,"C:\Users\micha\OneDrive\שולחן העבודה\wordsFiles\Brain_Mri\data\Data 1 with distortion\all_images\no_tumor__N21_34\restoration\gaussian_noise_snr_10db_restored.png",no_tumor,no_tumor,True,FF,0.440490
restored,gaussian_noise_snr_10db,"C:\Users\micha\OneDrive\שולחן העבודה\wordsFiles\Brain_Mri\data\Data 1 with distortion\all_images\no_tumor__N22_31\restoration\gaussian_noise_snr_10db_restored.png",no_tumor,tumor,False,FT,0.842677
restored,gaussian_noise_snr_10db,"C:\Users\micha\OneDrive\שולחן העבודה\wordsFiles\Brain_Mri\data\Data 1 with distortion\all_images\no_tumor__N26_21\restoration\gaussian_noise_snr_10db_restored.png",no_tumor,tumor,False,FT,0.931038
restored,gaussian_noise_snr_10db,"C:\Users\micha\OneDrive\שולחן העבודה\wordsFiles\Brain_Mri\data\Data 1 with distortion\all_images\no_tumor__No21_6\restoration\gaussian_noise_snr_10db_restored.png",no_tumor,tumor,False,FT,0.761882
restored,gaussian_noise_snr_10db,"C:\Users\micha\OneDrive\שולחן העבודה\wordsFiles\Brain_Mri\data\Data 1 with distortion\all_images\tumor__Y115_5\restoration\gaussian_noise_snr_10db_restored.png",tumor,tumor,True,TT,0.929701
restored,gaussian_noise_snr_10db,"C:\Users\micha\OneDrive\שולחן העבודה\wordsFiles\Brain_Mri\data\Data 1 with distortion\all_images\tumor__Y116_17\restoration\gaussian_noise_snr_10db_restored.png",tumor,tumor,True,TT,0.870282
restored,gaussian_noise_snr_10db,"C:\Users\micha\OneDrive\שולחן העבודה\wordsFiles\Brain_Mri\data\Data 1 with distortion\all_images\tumor__Y155_24\restoration\gaussian_noise_snr_10db_restored.png",tumor,tumor,True,TT,0.988805
restored,gaussian_noise_snr_10db,"C:\Users\micha\OneDrive\שולחן העבודה\wordsFiles\Brain_Mri\data\Data 1 with distortion\all_images\tumor__Y162_27\restoration\gaussian_noise_snr_10db_restored.png",tumor,tumor,True,TT,0.765593
restored,gaussian_noise_snr_10db,"C:\Users\micha\OneDrive\שולחן העבודה\wordsFiles\Brain_Mri\data\Data 1 with distortion\all_images\tumor__Y180_33\restoration\gaussian_noise_snr_10db_restored.png",tumor,tumor,True,TT,0.998790
restored,gaussian_noise_snr_10db,"C:\Users\micha\OneDrive\שולחן העבודה\wordsFiles\Brain_Mri\data\Data 1 with distortion\all_images\tumor__Y1_22\restoration\gaussian_noise_snr_10db_restored.png",tumor,tumor,True,TT,0.906674
restored,gaussian_noise_snr_10db,"C:\Users\micha\OneDrive\שולחן העבודה\wordsFiles\Brain_Mri\data\Data 1 with distortion\all_images\tumor__Y20_15\restoration\gaussian_noise_snr_10db_restored.png",tumor,tumor,True,TT,0.914251
restored,gaussian_noise_snr_10db,"C:\Users\micha\OneDrive\שולחן העבודה\wordsFiles\Brain_Mri\data\Data 1 with distortion\all_images\tumor__Y21_36\restoration\gaussian_noise_snr_10db_restored.png",tumor,tumor,True,TT,0.922364
restored,gaussian_noise_snr_10db,"C:\Users\micha\OneDrive\שולחן העבודה\wordsFiles\Brain_Mri\data\Data 1 with distortion\all_images\tumor__Y257_9\restoration\gaussian_noise_snr_10db_restored.png",tumor,tumor,True,TT,0.934262
restored,gaussian_noise_snr_10db,"C:\Users\micha\OneDrive\שולחן העבודה\wordsFiles\Brain_Mri\data\Data 1 with distortion\all_images\tumor__Y258_32\restoration\gaussian_noise_snr_10db_restored.png",tumor,tumor,True,TT,0.905154
restored,gaussian_noise_snr_10db,"C:\Users\micha\OneDrive\שולחן העבודה\wordsFiles\Brain_Mri\data\Data 1 with distortion\all_images\tumor__Y35_37\restoration\gaussian_noise_snr_10db_restored.png",tumor,tumor,True,TT,0.854058
restored,gaussian_noise_snr_10db,"C:\Users\micha\OneDrive\שולחן העבודה\wordsFiles\Brain_Mri\data\Data 1 with distortion\all_images\tumor__Y36_23\restoration\gaussian_noise_snr_10db_restored.png",tumor,tumor,True,TT,0.976419
restored,gaussian_noise_snr_10db,"C:\Users\micha\OneDrive\שולחן העבודה\wordsFiles\Brain_Mri\data\Data 1 with distortion\all_images\tumor__Y37_20\restoration\gaussian_noise_snr_10db_restored.png",tumor,tumor,True,TT,0.976270
restored,gaussian_noise_snr_10db,"C:\Users\micha\OneDrive\שולחן העבודה\wordsFiles\Brain_Mri\data\Data 1 with distortion\all_images\tumor__Y3_35\restoration\gaussian_noise_snr_10db_restored.png",tumor,tumor,True,TT,0.926138
restored,gaussian_noise_snr_10db,"C:\Users\micha\OneDrive\שולחן העבודה\wordsFiles\Brain_Mri\data\Data 1 with distortion\all_images\tumor__Y41_14\restoration\gaussian_noise_snr_10db_restored.png",tumor,tumor,True,TT,0.978080
restored,gaussian_noise_snr_10db,"C:\Users\micha\OneDrive\שולחן העבודה\wordsFiles\Brain_Mri\data\Data 1 with distortion\all_images\tumor__Y54_18\restoration\gaussian_noise_snr_10db_restored.png",tumor,tumor,True,TT,0.969932
restored,gaussian_noise_snr_10db,"C:\Users\micha\OneDrive\שולחן העבודה\wordsFiles\Brain_Mri\data\Data 1 with distortion\all_images\tumor__Y61_12\restoration\gaussian_noise_snr_10db_restored.png",tumor,tumor,True,TT,0.919951
restored,gaussian_noise_snr_10db,"C:\Users\micha\OneDrive\שולחן העבודה\wordsFiles\Brain_Mri\data\Data 1 with distortion\all_images\tumor__Y6_4\restoration\gaussian_noise_snr_10db_restored.png",tumor,tumor,True,TT,0.908473
restored,gaussian_noise_snr_10db,"C:\Users\micha\OneDrive\שולחן העבודה\wordsFiles\Brain_Mri\data\Data 1 with distortion\all_images\tumor__Y73_29\restoration\gaussian_noise_snr_10db_restored.png",tumor,tumor,True,TT,0.935064
restored,gaussian_noise_snr_10db,"C:\Users\micha\OneDrive\שולחן העבודה\wordsFiles\Brain_Mri\data\Data 1 with distortion\all_images\tumor__Y78_30\restoration\gaussian_noise_snr_10db_restored.png",tumor,tumor,True,TT,0.857219
restored,gaussian_noise_snr_10db,"C:\Users\micha\OneDrive\שולחן העבודה\wordsFiles\Brain_Mri\data\Data 1 with distortion\all_images\tumor__Y79_13\restoration\gaussian_noise_snr_10db_restored.png",tumor,tumor,True,TT,0.975891
restored,gaussian_noise_snr_10db,"C:\Users\micha\OneDrive\שולחן העבודה\wordsFiles\Brain_Mri\data\Data 1 with distortion\all_images\tumor__Y90_3\restoration\gaussian_noise_snr_10db_restored.png",tumor,tumor,True,TT,0.627821
restored,gaussian_noise_snr_10db,"C:\Users\micha\OneDrive\שולחן העבודה\wordsFiles\Brain_Mri\data\Data 1 with distortion\all_images\tumor__Y95_8\restoration\gaussian_noise_snr_10db_restored.png",tumor,tumor,True,TT,0.729353
distorted,gaussian_noise_snr_15db,"C:\Users\micha\OneDrive\שולחן העבודה\wordsFiles\Brain_Mri\data\Data 1 with distortion\all_images\no_tumor__14 no_28\distortions\gaussian_noise_snr_15db.png",no_tumor,no_tumor,True,FF,0.424915
distorted,gaussian_noise_snr_15db,"C:\Users\micha\OneDrive\שולחן העבודה\wordsFiles\Brain_Mri\data\Data 1 with distortion\all_images\no_tumor__19 no_16\distortions\gaussian_noise_snr_15db.png",no_tumor,no_tumor,True,FF,0.257354
distorted,gaussian_noise_snr_15db,"C:\Users\micha\OneDrive\שולחן העבודה\wordsFiles\Brain_Mri\data\Data 1 with distortion\all_images\no_tumor__20 no_19\distortions\gaussian_noise_snr_15db.png",no_tumor,tumor,False,FT,0.727451
distorted,gaussian_noise_snr_15db,"C:\Users\micha\OneDrive\שולחן העבודה\wordsFiles\Brain_Mri\data\Data 1 with distortion\all_images\no_tumor__27 no_2\distortions\gaussian_noise_snr_15db.png",no_tumor,no_tumor,True,FF,0.423860
distorted,gaussian_noise_snr_15db,"C:\Users\micha\OneDrive\שולחן העבודה\wordsFiles\Brain_Mri\data\Data 1 with distortion\all_images\no_tumor__32 no_1\distortions\gaussian_noise_snr_15db.png",no_tumor,no_tumor,True,FF,0.218215
distorted,gaussian_noise_snr_15db,"C:\Users\micha\OneDrive\שולחן העבודה\wordsFiles\Brain_Mri\data\Data 1 with distortion\all_images\no_tumor__34 no_0\distortions\gaussian_noise_snr_15db.png",no_tumor,tumor,False,FT,0.845262
distorted,gaussian_noise_snr_15db,"C:\Users\micha\OneDrive\שולחן העבודה\wordsFiles\Brain_Mri\data\Data 1 with distortion\all_images\no_tumor__39 no_11\distortions\gaussian_noise_snr_15db.png",no_tumor,tumor,False,FT,0.547661
distorted,gaussian_noise_snr_15db,"C:\Users\micha\OneDrive\שולחן העבודה\wordsFiles\Brain_Mri\data\Data 1 with distortion\all_images\no_tumor__N11_25\distortions\gaussian_noise_snr_15db.png",no_tumor,tumor,False,FT,0.562634
distorted,gaussian_noise_snr_15db,"C:\Users\micha\OneDrive\שולחן העבודה\wordsFiles\Brain_Mri\data\Data 1 with distortion\all_images\no_tumor__N15_10\distortions\gaussian_noise_snr_15db.png",no_tumor,tumor,False,FT,0.622600
distorted,gaussian_noise_snr_15db,"C:\Users\micha\OneDrive\שולחן העבודה\wordsFiles\Brain_Mri\data\Data 1 with distortion\all_images\no_tumor__N16_26\distortions\gaussian_noise_snr_15db.png",no_tumor,tumor,False,FT,0.804236
distorted,gaussian_noise_snr_15db,"C:\Users\micha\OneDrive\שולחן העבודה\wordsFiles\Brain_Mri\data\Data 1 with distortion\all_images\no_tumor__N17_7\distortions\gaussian_noise_snr_15db.png",no_tumor,tumor,False,FT,0.800099
distorted,gaussian_noise_snr_15db,"C:\Users\micha\OneDrive\שולחן העבודה\wordsFiles\Brain_Mri\data\Data 1 with distortion\all_images\no_tumor__N21_34\distortions\gaussian_noise_snr_15db.png",no_tumor,no_tumor,True,FF,0.240727
distorted,gaussian_noise_snr_15db,"C:\Users\micha\OneDrive\שולחן העבודה\wordsFiles\Brain_Mri\data\Data 1 with distortion\all_images\no_tumor__N22_31\distortions\gaussian_noise_snr_15db.png",no_tumor,tumor,False,FT,0.747476
distorted,gaussian_noise_snr_15db,"C:\Users\micha\OneDrive\שולחן העבודה\wordsFiles\Brain_Mri\data\Data 1 with distortion\all_images\no_tumor__N26_21\distortions\gaussian_noise_snr_15db.png",no_tumor,tumor,False,FT,0.928142
distorted,gaussian_noise_snr_15db,"C:\Users\micha\OneDrive\שולחן העבודה\wordsFiles\Brain_Mri\data\Data 1 with distortion\all_images\no_tumor__No21_6\distortions\gaussian_noise_snr_15db.png",no_tumor,tumor,False,FT,0.588346
distorted,gaussian_noise_snr_15db,"C:\Users\micha\OneDrive\שולחן העבודה\wordsFiles\Brain_Mri\data\Data 1 with distortion\all_images\tumor__Y115_5\distortions\gaussian_noise_snr_15db.png",tumor,tumor,True,TT,0.885343
distorted,gaussian_noise_snr_15db,"C:\Users\micha\OneDrive\שולחן העבודה\wordsFiles\Brain_Mri\data\Data 1 with distortion\all_images\tumor__Y116_17\distortions\gaussian_noise_snr_15db.png",tumor,tumor,True,TT,0.755286
distorted,gaussian_noise_snr_15db,"C:\Users\micha\OneDrive\שולחן העבודה\wordsFiles\Brain_Mri\data\Data 1 with distortion\all_images\tumor__Y155_24\distortions\gaussian_noise_snr_15db.png",tumor,tumor,True,TT,0.971591
distorted,gaussian_noise_snr_15db,"C:\Users\micha\OneDrive\שולחן העבודה\wordsFiles\Brain_Mri\data\Data 1 with distortion\all_images\tumor__Y162_27\distortions\gaussian_noise_snr_15db.png",tumor,tumor,True,TT,0.604475
distorted,gaussian_noise_snr_15db,"C:\Users\micha\OneDrive\שולחן העבודה\wordsFiles\Brain_Mri\data\Data 1 with distortion\all_images\tumor__Y180_33\distortions\gaussian_noise_snr_15db.png",tumor,tumor,True,TT,0.994580
distorted,gaussian_noise_snr_15db,"C:\Users\micha\OneDrive\שולחן העבודה\wordsFiles\Brain_Mri\data\Data 1 with distortion\all_images\tumor__Y1_22\distortions\gaussian_noise_snr_15db.png",tumor,tumor,True,TT,0.809593
distorted,gaussian_noise_snr_15db,"C:\Users\micha\OneDrive\שולחן העבודה\wordsFiles\Brain_Mri\data\Data 1 with distortion\all_images\tumor__Y20_15\distortions\gaussian_noise_snr_15db.png",tumor,tumor,True,TT,0.765494
distorted,gaussian_noise_snr_15db,"C:\Users\micha\OneDrive\שולחן העבודה\wordsFiles\Brain_Mri\data\Data 1 with distortion\all_images\tumor__Y21_36\distortions\gaussian_noise_snr_15db.png",tumor,tumor,True,TT,0.897334
distorted,gaussian_noise_snr_15db,"C:\Users\micha\OneDrive\שולחן העבודה\wordsFiles\Brain_Mri\data\Data 1 with distortion\all_images\tumor__Y257_9\distortions\gaussian_noise_snr_15db.png",tumor,tumor,True,TT,0.788075
distorted,gaussian_noise_snr_15db,"C:\Users\micha\OneDrive\שולחן העבודה\wordsFiles\Brain_Mri\data\Data 1 with distortion\all_images\tumor__Y258_32\distortions\gaussian_noise_snr_15db.png",tumor,tumor,True,TT,0.711874
distorted,gaussian_noise_snr_15db,"C:\Users\micha\OneDrive\שולחן העבודה\wordsFiles\Brain_Mri\data\Data 1 with distortion\all_images\tumor__Y35_37\distortions\gaussian_noise_snr_15db.png",tumor,tumor,True,TT,0.762461
distorted,gaussian_noise_snr_15db,"C:\Users\micha\OneDrive\שולחן העבודה\wordsFiles\Brain_Mri\data\Data 1 with distortion\all_images\tumor__Y36_23\distortions\gaussian_noise_snr_15db.png",tumor,tumor,True,TT,0.965564
distorted,gaussian_noise_snr_15db,"C:\Users\micha\OneDrive\שולחן העבודה\wordsFiles\Brain_Mri\data\Data 1 with distortion\all_images\tumor__Y37_20\distortions\gaussian_noise_snr_15db.png",tumor,tumor,True,TT,0.959029
distorted,gaussian_noise_snr_15db,"C:\Users\micha\OneDrive\שולחן העבודה\wordsFiles\Brain_Mri\data\Data 1 with distortion\all_images\tumor__Y3_35\distortions\gaussian_noise_snr_15db.png",tumor,tumor,True,TT,0.759618
distorted,gaussian_noise_snr_15db,"C:\Users\micha\OneDrive\שולחן העבודה\wordsFiles\Brain_Mri\data\Data 1 with distortion\all_images\tumor__Y41_14\distortions\gaussian_noise_snr_15db.png",tumor,tumor,True,TT,0.943633
distorted,gaussian_noise_snr_15db,"C:\Users\micha\OneDrive\שולחן העבודה\wordsFiles\Brain_Mri\data\Data 1 with distortion\all_images\tumor__Y54_18\distortions\gaussian_noise_snr_15db.png",tumor,tumor,True,TT,0.883010
distorted,gaussian_noise_snr_15db,"C:\Users\micha\OneDrive\שולחן העבודה\wordsFiles\Brain_Mri\data\Data 1 with distortion\all_images\tumor__Y61_12\distortions\gaussian_noise_snr_15db.png",tumor,tumor,True,TT,0.789927
distorted,gaussian_noise_snr_15db,"C:\Users\micha\OneDrive\שולחן העבודה\wordsFiles\Brain_Mri\data\Data 1 with distortion\all_images\tumor__Y6_4\distortions\gaussian_noise_snr_15db.png",tumor,tumor,True,TT,0.758399
distorted,gaussian_noise_snr_15db,"C:\Users\micha\OneDrive\שולחן העבודה\wordsFiles\Brain_Mri\data\Data 1 with distortion\all_images\tumor__Y73_29\distortions\gaussian_noise_snr_15db.png",tumor,tumor,True,TT,0.895242
distorted,gaussian_noise_snr_15db,"C:\Users\micha\OneDrive\שולחן העבודה\wordsFiles\Brain_Mri\data\Data 1 with distortion\all_images\tumor__Y78_30\distortions\gaussian_noise_snr_15db.png",tumor,tumor,True,TT,0.616467
distorted,gaussian_noise_snr_15db,"C:\Users\micha\OneDrive\שולחן העבודה\wordsFiles\Brain_Mri\data\Data 1 with distortion\all_images\tumor__Y79_13\distortions\gaussian_noise_snr_15db.png",tumor,tumor,True,TT,0.927240
distorted,gaussian_noise_snr_15db,"C:\Users\micha\OneDrive\שולחן העבודה\wordsFiles\Brain_Mri\data\Data 1 with distortion\all_images\tumor__Y90_3\distortions\gaussian_noise_snr_15db.png",tumor,no_tumor,False,TF,0.473881
distorted,gaussian_noise_snr_15db,"C:\Users\micha\OneDrive\שולחן העבודה\wordsFiles\Brain_Mri\data\Data 1 with distortion\all_images\tumor__Y95_8\distortions\gaussian_noise_snr_15db.png",tumor,tumor,True,TT,0.511330
restored,gaussian_noise_snr_15db,"C:\Users\micha\OneDrive\שולחן העבודה\wordsFiles\Brain_Mri\data\Data 1 with distortion\all_images\no_tumor__14 no_28\restoration\gaussian_noise_snr_15db_restored.png",no_tumor,no_tumor,True,FF,0.453762
restored,gaussian_noise_snr_15db,"C:\Users\micha\OneDrive\שולחן העבודה\wordsFiles\Brain_Mri\data\Data 1 with distortion\all_images\no_tumor__19 no_16\restoration\gaussian_noise_snr_15db_restored.png",no_tumor,no_tumor,True,FF,0.284137
restored,gaussian_noise_snr_15db,"C:\Users\micha\OneDrive\שולחן העבודה\wordsFiles\Brain_Mri\data\Data 1 with distortion\all_images\no_tumor__20 no_19\restoration\gaussian_noise_snr_15db_restored.png",no_tumor,tumor,False,FT,0.671693
restored,gaussian_noise_snr_15db,"C:\Users\micha\OneDrive\שולחן העבודה\wordsFiles\Brain_Mri\data\Data 1 with distortion\all_images\no_tumor__27 no_2\restoration\gaussian_noise_snr_15db_restored.png",no_tumor,tumor,False,FT,0.616502
restored,gaussian_noise_snr_15db,"C:\Users\micha\OneDrive\שולחן העבודה\wordsFiles\Brain_Mri\data\Data 1 with distortion\all_images\no_tumor__32 no_1\restoration\gaussian_noise_snr_15db_restored.png",no_tumor,no_tumor,True,FF,0.267062
restored,gaussian_noise_snr_15db,"C:\Users\micha\OneDrive\שולחן העבודה\wordsFiles\Brain_Mri\data\Data 1 with distortion\all_images\no_tumor__34 no_0\restoration\gaussian_noise_snr_15db_restored.png",no_tumor,tumor,False,FT,0.943096
restored,gaussian_noise_snr_15db,"C:\Users\micha\OneDrive\שולחן העבודה\wordsFiles\Brain_Mri\data\Data 1 with distortion\all_images\no_tumor__39 no_11\restoration\gaussian_noise_snr_15db_restored.png",no_tumor,tumor,False,FT,0.665250
restored,gaussian_noise_snr_15db,"C:\Users\micha\OneDrive\שולחן העבודה\wordsFiles\Brain_Mri\data\Data 1 with distortion\all_images\no_tumor__N11_25\restoration\gaussian_noise_snr_15db_restored.png",no_tumor,tumor,False,FT,0.727226
restored,gaussian_noise_snr_15db,"C:\Users\micha\OneDrive\שולחן העבודה\wordsFiles\Brain_Mri\data\Data 1 with distortion\all_images\no_tumor__N15_10\restoration\gaussian_noise_snr_15db_restored.png",no_tumor,tumor,False,FT,0.617241
restored,gaussian_noise_snr_15db,"C:\Users\micha\OneDrive\שולחן העבודה\wordsFiles\Brain_Mri\data\Data 1 with distortion\all_images\no_tumor__N16_26\restoration\gaussian_noise_snr_15db_restored.png",no_tumor,tumor,False,FT,0.883037
restored,gaussian_noise_snr_15db,"C:\Users\micha\OneDrive\שולחן העבודה\wordsFiles\Brain_Mri\data\Data 1 with distortion\all_images\no_tumor__N17_7\restoration\gaussian_noise_snr_15db_restored.png",no_tumor,tumor,False,FT,0.880271
restored,gaussian_noise_snr_15db,"C:\Users\micha\OneDrive\שולחן העבודה\wordsFiles\Brain_Mri\data\Data 1 with distortion\all_images\no_tumor__N21_34\restoration\gaussian_noise_snr_15db_restored.png",no_tumor,no_tumor,True,FF,0.337347
restored,gaussian_noise_snr_15db,"C:\Users\micha\OneDrive\שולחן העבודה\wordsFiles\Brain_Mri\data\Data 1 with distortion\all_images\no_tumor__N22_31\restoration\gaussian_noise_snr_15db_restored.png",no_tumor,tumor,False,FT,0.823701
restored,gaussian_noise_snr_15db,"C:\Users\micha\OneDrive\שולחן העבודה\wordsFiles\Brain_Mri\data\Data 1 with distortion\all_images\no_tumor__N26_21\restoration\gaussian_noise_snr_15db_restored.png",no_tumor,tumor,False,FT,0.895676
restored,gaussian_noise_snr_15db,"C:\Users\micha\OneDrive\שולחן העבודה\wordsFiles\Brain_Mri\data\Data 1 with distortion\all_images\no_tumor__No21_6\restoration\gaussian_noise_snr_15db_restored.png",no_tumor,tumor,False,FT,0.691267
restored,gaussian_noise_snr_15db,"C:\Users\micha\OneDrive\שולחן העבודה\wordsFiles\Brain_Mri\data\Data 1 with distortion\all_images\tumor__Y115_5\restoration\gaussian_noise_snr_15db_restored.png",tumor,tumor,True,TT,0.902341
restored,gaussian_noise_snr_15db,"C:\Users\micha\OneDrive\שולחן העבודה\wordsFiles\Brain_Mri\data\Data 1 with distortion\all_images\tumor__Y116_17\restoration\gaussian_noise_snr_15db_restored.png",tumor,tumor,True,TT,0.820795
restored,gaussian_noise_snr_15db,"C:\Users\micha\OneDrive\שולחן העבודה\wordsFiles\Brain_Mri\data\Data 1 with distortion\all_images\tumor__Y155_24\restoration\gaussian_noise_snr_15db_restored.png",tumor,tumor,True,TT,0.988046
restored,gaussian_noise_snr_15db,"C:\Users\micha\OneDrive\שולחן העבודה\wordsFiles\Brain_Mri\data\Data 1 with distortion\all_images\tumor__Y162_27\restoration\gaussian_noise_snr_15db_restored.png",tumor,tumor,True,TT,0.690464
restored,gaussian_noise_snr_15db,"C:\Users\micha\OneDrive\שולחן העבודה\wordsFiles\Brain_Mri\data\Data 1 with distortion\all_images\tumor__Y180_33\restoration\gaussian_noise_snr_15db_restored.png",tumor,tumor,True,TT,0.999336
restored,gaussian_noise_snr_15db,"C:\Users\micha\OneDrive\שולחן העבודה\wordsFiles\Brain_Mri\data\Data 1 with distortion\all_images\tumor__Y1_22\restoration\gaussian_noise_snr_15db_restored.png",tumor,tumor,True,TT,0.869881
restored,gaussian_noise_snr_15db,"C:\Users\micha\OneDrive\שולחן העבודה\wordsFiles\Brain_Mri\data\Data 1 with distortion\all_images\tumor__Y20_15\restoration\gaussian_noise_snr_15db_restored.png",tumor,tumor,True,TT,0.897953
restored,gaussian_noise_snr_15db,"C:\Users\micha\OneDrive\שולחן העבודה\wordsFiles\Brain_Mri\data\Data 1 with distortion\all_images\tumor__Y21_36\restoration\gaussian_noise_snr_15db_restored.png",tumor,tumor,True,TT,0.882146
restored,gaussian_noise_snr_15db,"C:\Users\micha\OneDrive\שולחן העבודה\wordsFiles\Brain_Mri\data\Data 1 with distortion\all_images\tumor__Y257_9\restoration\gaussian_noise_snr_15db_restored.png",tumor,tumor,True,TT,0.931517
restored,gaussian_noise_snr_15db,"C:\Users\micha\OneDrive\שולחן העבודה\wordsFiles\Brain_Mri\data\Data 1 with distortion\all_images\tumor__Y258_32\restoration\gaussian_noise_snr_15db_restored.png",tumor,tumor,True,TT,0.888429
restored,gaussian_noise_snr_15db,"C:\Users\micha\OneDrive\שולחן העבודה\wordsFiles\Brain_Mri\data\Data 1 with distortion\all_images\tumor__Y35_37\restoration\gaussian_noise_snr_15db_restored.png",tumor,tumor,True,TT,0.813299
restored,gaussian_noise_snr_15db,"C:\Users\micha\OneDrive\שולחן העבודה\wordsFiles\Brain_Mri\data\Data 1 with distortion\all_images\tumor__Y36_23\restoration\gaussian_noise_snr_15db_restored.png",tumor,tumor,True,TT,0.971048
restored,gaussian_noise_snr_15db,"C:\Users\micha\OneDrive\שולחן העבודה\wordsFiles\Brain_Mri\data\Data 1 with distortion\all_images\tumor__Y37_20\restoration\gaussian_noise_snr_15db_restored.png",tumor,tumor,True,TT,0.977586
restored,gaussian_noise_snr_15db,"C:\Users\micha\OneDrive\שולחן העבודה\wordsFiles\Brain_Mri\data\Data 1 with distortion\all_images\tumor__Y3_35\restoration\gaussian_noise_snr_15db_restored.png",tumor,tumor,True,TT,0.914404
restored,gaussian_noise_snr_15db,"C:\Users\micha\OneDrive\שולחן העבודה\wordsFiles\Brain_Mri\data\Data 1 with distortion\all_images\tumor__Y41_14\restoration\gaussian_noise_snr_15db_restored.png",tumor,tumor,True,TT,0.975627
restored,gaussian_noise_snr_15db,"C:\Users\micha\OneDrive\שולחן העבודה\wordsFiles\Brain_Mri\data\Data 1 with distortion\all_images\tumor__Y54_18\restoration\gaussian_noise_snr_15db_restored.png",tumor,tumor,True,TT,0.968848
restored,gaussian_noise_snr_15db,"C:\Users\micha\OneDrive\שולחן העבודה\wordsFiles\Brain_Mri\data\Data 1 with distortion\all_images\tumor__Y61_12\restoration\gaussian_noise_snr_15db_restored.png",tumor,tumor,True,TT,0.894930
restored,gaussian_noise_snr_15db,"C:\Users\micha\OneDrive\שולחן העבודה\wordsFiles\Brain_Mri\data\Data 1 with distortion\all_images\tumor__Y6_4\restoration\gaussian_noise_snr_15db_restored.png",tumor,tumor,True,TT,0.891627
restored,gaussian_noise_snr_15db,"C:\Users\micha\OneDrive\שולחן העבודה\wordsFiles\Brain_Mri\data\Data 1 with distortion\all_images\tumor__Y73_29\restoration\gaussian_noise_snr_15db_restored.png",tumor,tumor,True,TT,0.917109
restored,gaussian_noise_snr_15db,"C:\Users\micha\OneDrive\שולחן העבודה\wordsFiles\Brain_Mri\data\Data 1 with distortion\all_images\tumor__Y78_30\restoration\gaussian_noise_snr_15db_restored.png",tumor,tumor,True,TT,0.821956
restored,gaussian_noise_snr_15db,"C:\Users\micha\OneDrive\שולחן העבודה\wordsFiles\Brain_Mri\data\Data 1 with distortion\all_images\tumor__Y79_13\restoration\gaussian_noise_snr_15db_restored.png",tumor,tumor,True,TT,0.976749
restored,gaussian_noise_snr_15db,"C:\Users\micha\OneDrive\שולחן העבודה\wordsFiles\Brain_Mri\data\Data 1 with distortion\all_images\tumor__Y90_3\restoration\gaussian_noise_snr_15db_restored.png",tumor,tumor,True,TT,0.503583
restored,gaussian_noise_snr_15db,"C:\Users\micha\OneDrive\שולחן העבודה\wordsFiles\Brain_Mri\data\Data 1 with distortion\all_images\tumor__Y95_8\restoration\gaussian_noise_snr_15db_restored.png",tumor,tumor,True,TT,0.677360
distorted,gaussian_noise_snr_20db,"C:\Users\micha\OneDrive\שולחן העבודה\wordsFiles\Brain_Mri\data\Data 1 with distortion\all_images\no_tumor__14 no_28\distortions\gaussian_noise_snr_20db.png",no_tumor,no_tumor,True,FF,0.310661
distorted,gaussian_noise_snr_20db,"C:\Users\micha\OneDrive\שולחן העבודה\wordsFiles\Brain_Mri\data\Data 1 with distortion\all_images\no_tumor__19 no_16\distortions\gaussian_noise_snr_20db.png",no_tumor,no_tumor,True,FF,0.190931
distorted,gaussian_noise_snr_20db,"C:\Users\micha\OneDrive\שולחן העבודה\wordsFiles\Brain_Mri\data\Data 1 with distortion\all_images\no_tumor__20 no_19\distortions\gaussian_noise_snr_20db.png",no_tumor,tumor,False,FT,0.622618
distorted,gaussian_noise_snr_20db,"C:\Users\micha\OneDrive\שולחן העבודה\wordsFiles\Brain_Mri\data\Data 1 with distortion\all_images\no_tumor__27 no_2\distortions\gaussian_noise_snr_20db.png",no_tumor,no_tumor,True,FF,0.411340
distorted,gaussian_noise_snr_20db,"C:\Users\micha\OneDrive\שולחן העבודה\wordsFiles\Brain_Mri\data\Data 1 with distortion\all_images\no_tumor__32 no_1\distortions\gaussian_noise_snr_20db.png",no_tumor,no_tumor,True,FF,0.167595
distorted,gaussian_noise_snr_20db,"C:\Users\micha\OneDrive\שולחן העבודה\wordsFiles\Brain_Mri\data\Data 1 with distortion\all_images\no_tumor__34 no_0\distortions\gaussian_noise_snr_20db.png",no_tumor,tumor,False,FT,0.873727
distorted,gaussian_noise_snr_20db,"C:\Users\micha\OneDrive\שולחן העבודה\wordsFiles\Brain_Mri\data\Data 1 with distortion\all_images\no_tumor__39 no_11\distortions\gaussian_noise_snr_20db.png",no_tumor,no_tumor,True,FF,0.499360
distorted,gaussian_noise_snr_20db,"C:\Users\micha\OneDrive\שולחן העבודה\wordsFiles\Brain_Mri\data\Data 1 with distortion\all_images\no_tumor__N11_25\distortions\gaussian_noise_snr_20db.png",no_tumor,tumor,False,FT,0.550767
distorted,gaussian_noise_snr_20db,"C:\Users\micha\OneDrive\שולחן העבודה\wordsFiles\Brain_Mri\data\Data 1 with distortion\all_images\no_tumor__N15_10\distortions\gaussian_noise_snr_20db.png",no_tumor,tumor,False,FT,0.529413
distorted,gaussian_noise_snr_20db,"C:\Users\micha\OneDrive\שולחן העבודה\wordsFiles\Brain_Mri\data\Data 1 with distortion\all_images\no_tumor__N16_26\distortions\gaussian_noise_snr_20db.png",no_tumor,tumor,False,FT,0.798781
distorted,gaussian_noise_snr_20db,"C:\Users\micha\OneDrive\שולחן העבודה\wordsFiles\Brain_Mri\data\Data 1 with distortion\all_images\no_tumor__N17_7\distortions\gaussian_noise_snr_20db.png",no_tumor,tumor,False,FT,0.793335
distorted,gaussian_noise_snr_20db,"C:\Users\micha\OneDrive\שולחן העבודה\wordsFiles\Brain_Mri\data\Data 1 with distortion\all_images\no_tumor__N21_34\distortions\gaussian_noise_snr_20db.png",no_tumor,no_tumor,True,FF,0.192206
distorted,gaussian_noise_snr_20db,"C:\Users\micha\OneDrive\שולחן העבודה\wordsFiles\Brain_Mri\data\Data 1 with distortion\all_images\no_tumor__N22_31\distortions\gaussian_noise_snr_20db.png",no_tumor,tumor,False,FT,0.723756
distorted,gaussian_noise_snr_20db,"C:\Users\micha\OneDrive\שולחן העבודה\wordsFiles\Brain_Mri\data\Data 1 with distortion\all_images\no_tumor__N26_21\distortions\gaussian_noise_snr_20db.png",no_tumor,tumor,False,FT,0.885060
distorted,gaussian_noise_snr_20db,"C:\Users\micha\OneDrive\שולחן העבודה\wordsFiles\Brain_Mri\data\Data 1 with distortion\all_images\no_tumor__No21_6\distortions\gaussian_noise_snr_20db.png",no_tumor,tumor,False,FT,0.541291
distorted,gaussian_noise_snr_20db,"C:\Users\micha\OneDrive\שולחן העבודה\wordsFiles\Brain_Mri\data\Data 1 with distortion\all_images\tumor__Y115_5\distortions\gaussian_noise_snr_20db.png",tumor,tumor,True,TT,0.859533
distorted,gaussian_noise_snr_20db,"C:\Users\micha\OneDrive\שולחן העבודה\wordsFiles\Brain_Mri\data\Data 1 with distortion\all_images\tumor__Y116_17\distortions\gaussian_noise_snr_20db.png",tumor,tumor,True,TT,0.708696
distorted,gaussian_noise_snr_20db,"C:\Users\micha\OneDrive\שולחן העבודה\wordsFiles\Brain_Mri\data\Data 1 with distortion\all_images\tumor__Y155_24\distortions\gaussian_noise_snr_20db.png",tumor,tumor,True,TT,0.977197
distorted,gaussian_noise_snr_20db,"C:\Users\micha\OneDrive\שולחן העבודה\wordsFiles\Brain_Mri\data\Data 1 with distortion\all_images\tumor__Y162_27\distortions\gaussian_noise_snr_20db.png",tumor,tumor,True,TT,0.541120
distorted,gaussian_noise_snr_20db,"C:\Users\micha\OneDrive\שולחן העבודה\wordsFiles\Brain_Mri\data\Data 1 with distortion\all_images\tumor__Y180_33\distortions\gaussian_noise_snr_20db.png",tumor,tumor,True,TT,0.998341
distorted,gaussian_noise_snr_20db,"C:\Users\micha\OneDrive\שולחן העבודה\wordsFiles\Brain_Mri\data\Data 1 with distortion\all_images\tumor__Y1_22\distortions\gaussian_noise_snr_20db.png",tumor,tumor,True,TT,0.775298
distorted,gaussian_noise_snr_20db,"C:\Users\micha\OneDrive\שולחן העבודה\wordsFiles\Brain_Mri\data\Data 1 with distortion\all_images\tumor__Y20_15\distortions\gaussian_noise_snr_20db.png",tumor,tumor,True,TT,0.781330
distorted,gaussian_noise_snr_20db,"C:\Users\micha\OneDrive\שולחן העבודה\wordsFiles\Brain_Mri\data\Data 1 with distortion\all_images\tumor__Y21_36\distortions\gaussian_noise_snr_20db.png",tumor,tumor,True,TT,0.841646
distorted,gaussian_noise_snr_20db,"C:\Users\micha\OneDrive\שולחן העבודה\wordsFiles\Brain_Mri\data\Data 1 with distortion\all_images\tumor__Y257_9\distortions\gaussian_noise_snr_20db.png",tumor,tumor,True,TT,0.820836
distorted,gaussian_noise_snr_20db,"C:\Users\micha\OneDrive\שולחן העבודה\wordsFiles\Brain_Mri\data\Data 1 with distortion\all_images\tumor__Y258_32\distortions\gaussian_noise_snr_20db.png",tumor,tumor,True,TT,0.739439
distorted,gaussian_noise_snr_20db,"C:\Users\micha\OneDrive\שולחן העבודה\wordsFiles\Brain_Mri\data\Data 1 with distortion\all_images\tumor__Y35_37\distortions\gaussian_noise_snr_20db.png",tumor,tumor,True,TT,0.735794
distorted,gaussian_noise_snr_20db,"C:\Users\micha\OneDrive\שולחן העבודה\wordsFiles\Brain_Mri\data\Data 1 with distortion\all_images\tumor__Y36_23\distortions\gaussian_noise_snr_20db.png",tumor,tumor,True,TT,0.964284
distorted,gaussian_noise_snr_20db,"C:\Users\micha\OneDrive\שולחן העבודה\wordsFiles\Brain_Mri\data\Data 1 with distortion\all_images\tumor__Y37_20\distortions\gaussian_noise_snr_20db.png",tumor,tumor,True,TT,0.969805
distorted,gaussian_noise_snr_20db,"C:\Users\micha\OneDrive\שולחן העבודה\wordsFiles\Brain_Mri\data\Data 1 with distortion\all_images\tumor__Y3_35\distortions\gaussian_noise_snr_20db.png",tumor,tumor,True,TT,0.782121
distorted,gaussian_noise_snr_20db,"C:\Users\micha\OneDrive\שולחן העבודה\wordsFiles\Brain_Mri\data\Data 1 with distortion\all_images\tumor__Y41_14\distortions\gaussian_noise_snr_20db.png",tumor,tumor,True,TT,0.953843
distorted,gaussian_noise_snr_20db,"C:\Users\micha\OneDrive\שולחן העבודה\wordsFiles\Brain_Mri\data\Data 1 with distortion\all_images\tumor__Y54_18\distortions\gaussian_noise_snr_20db.png",tumor,tumor,True,TT,0.912568
distorted,gaussian_noise_snr_20db,"C:\Users\micha\OneDrive\שולחן העבודה\wordsFiles\Brain_Mri\data\Data 1 with distortion\all_images\tumor__Y61_12\distortions\gaussian_noise_snr_20db.png",tumor,tumor,True,TT,0.778214
distorted,gaussian_noise_snr_20db,"C:\Users\micha\OneDrive\שולחן העבודה\wordsFiles\Brain_Mri\data\Data 1 with distortion\all_images\tumor__Y6_4\distortions\gaussian_noise_snr_20db.png",tumor,tumor,True,TT,0.774701
distorted,gaussian_noise_snr_20db,"C:\Users\micha\OneDrive\שולחן העבודה\wordsFiles\Brain_Mri\data\Data 1 with distortion\all_images\tumor__Y73_29\distortions\gaussian_noise_snr_20db.png",tumor,tumor,True,TT,0.873135
distorted,gaussian_noise_snr_20db,"C:\Users\micha\OneDrive\שולחן העבודה\wordsFiles\Brain_Mri\data\Data 1 with distortion\all_images\tumor__Y78_30\distortions\gaussian_noise_snr_20db.png",tumor,tumor,True,TT,0.613448
distorted,gaussian_noise_snr_20db,"C:\Users\micha\OneDrive\שולחן העבודה\wordsFiles\Brain_Mri\data\Data 1 with distortion\all_images\tumor__Y79_13\distortions\gaussian_noise_snr_20db.png",tumor,tumor,True,TT,0.953798
distorted,gaussian_noise_snr_20db,"C:\Users\micha\OneDrive\שולחן העבודה\wordsFiles\Brain_Mri\data\Data 1 with distortion\all_images\tumor__Y90_3\distortions\gaussian_noise_snr_20db.png",tumor,no_tumor,False,TF,0.361966
distorted,gaussian_noise_snr_20db,"C:\Users\micha\OneDrive\שולחן העבודה\wordsFiles\Brain_Mri\data\Data 1 with distortion\all_images\tumor__Y95_8\distortions\gaussian_noise_snr_20db.png",tumor,no_tumor,False,TF,0.481304
restored,gaussian_noise_snr_20db,"C:\Users\micha\OneDrive\שולחן העבודה\wordsFiles\Brain_Mri\data\Data 1 with distortion\all_images\no_tumor__14 no_28\restoration\gaussian_noise_snr_20db_restored.png",no_tumor,no_tumor,True,FF,0.401709
restored,gaussian_noise_snr_20db,"C:\Users\micha\OneDrive\שולחן העבודה\wordsFiles\Brain_Mri\data\Data 1 with distortion\all_images\no_tumor__19 no_16\restoration\gaussian_noise_snr_20db_restored.png",no_tumor,no_tumor,True,FF,0.259508
restored,gaussian_noise_snr_20db,"C:\Users\micha\OneDrive\שולחן העבודה\wordsFiles\Brain_Mri\data\Data 1 with distortion\all_images\no_tumor__20 no_19\restoration\gaussian_noise_snr_20db_restored.png",no_tumor,tumor,False,FT,0.619082
restored,gaussian_noise_snr_20db,"C:\Users\micha\OneDrive\שולחן העבודה\wordsFiles\Brain_Mri\data\Data 1 with distortion\all_images\no_tumor__27 no_2\restoration\gaussian_noise_snr_20db_restored.png",no_tumor,tumor,False,FT,0.586101
restored,gaussian_noise_snr_20db,"C:\Users\micha\OneDrive\שולחן העבודה\wordsFiles\Brain_Mri\data\Data 1 with distortion\all_images\no_tumor__32 no_1\restoration\gaussian_noise_snr_20db_restored.png",no_tumor,no_tumor,True,FF,0.241763
restored,gaussian_noise_snr_20db,"C:\Users\micha\OneDrive\שולחן העבודה\wordsFiles\Brain_Mri\data\Data 1 with distortion\all_images\no_tumor__34 no_0\restoration\gaussian_noise_snr_20db_restored.png",no_tumor,tumor,False,FT,0.940053
restored,gaussian_noise_snr_20db,"C:\Users\micha\OneDrive\שולחן העבודה\wordsFiles\Brain_Mri\data\Data 1 with distortion\all_images\no_tumor__39 no_11\restoration\gaussian_noise_snr_20db_restored.png",no_tumor,tumor,False,FT,0.629138
restored,gaussian_noise_snr_20db,"C:\Users\micha\OneDrive\שולחן העבודה\wordsFiles\Brain_Mri\data\Data 1 with distortion\all_images\no_tumor__N11_25\restoration\gaussian_noise_snr_20db_restored.png",no_tumor,tumor,False,FT,0.709315
restored,gaussian_noise_snr_20db,"C:\Users\micha\OneDrive\שולחן העבודה\wordsFiles\Brain_Mri\data\Data 1 with distortion\all_images\no_tumor__N15_10\restoration\gaussian_noise_snr_20db_restored.png",no_tumor,tumor,False,FT,0.573555
restored,gaussian_noise_snr_20db,"C:\Users\micha\OneDrive\שולחן העבודה\wordsFiles\Brain_Mri\data\Data 1 with distortion\all_images\no_tumor__N16_26\restoration\gaussian_noise_snr_20db_restored.png",no_tumor,tumor,False,FT,0.867324
restored,gaussian_noise_snr_20db,"C:\Users\micha\OneDrive\שולחן העבודה\wordsFiles\Brain_Mri\data\Data 1 with distortion\all_images\no_tumor__N17_7\restoration\gaussian_noise_snr_20db_restored.png",no_tumor,tumor,False,FT,0.864185
restored,gaussian_noise_snr_20db,"C:\Users\micha\OneDrive\שולחן העבודה\wordsFiles\Brain_Mri\data\Data 1 with distortion\all_images\no_tumor__N21_34\restoration\gaussian_noise_snr_20db_restored.png",no_tumor,no_tumor,True,FF,0.299913
restored,gaussian_noise_snr_20db,"C:\Users\micha\OneDrive\שולחן העבודה\wordsFiles\Brain_Mri\data\Data 1 with distortion\all_images\no_tumor__N22_31\restoration\gaussian_noise_snr_20db_restored.png",no_tumor,tumor,False,FT,0.814766
restored,gaussian_noise_snr_20db,"C:\Users\micha\OneDrive\שולחן העבודה\wordsFiles\Brain_Mri\data\Data 1 with distortion\all_images\no_tumor__N26_21\restoration\gaussian_noise_snr_20db_restored.png",no_tumor,tumor,False,FT,0.876252
restored,gaussian_noise_snr_20db,"C:\Users\micha\OneDrive\שולחן העבודה\wordsFiles\Brain_Mri\data\Data 1 with distortion\all_images\no_tumor__No21_6\restoration\gaussian_noise_snr_20db_restored.png",no_tumor,tumor,False,FT,0.667799
restored,gaussian_noise_snr_20db,"C:\Users\micha\OneDrive\שולחן העבודה\wordsFiles\Brain_Mri\data\Data 1 with distortion\all_images\tumor__Y115_5\restoration\gaussian_noise_snr_20db_restored.png",tumor,tumor,True,TT,0.885666
restored,gaussian_noise_snr_20db,"C:\Users\micha\OneDrive\שולחן העבודה\wordsFiles\Brain_Mri\data\Data 1 with distortion\all_images\tumor__Y116_17\restoration\gaussian_noise_snr_20db_restored.png",tumor,tumor,True,TT,0.792873
restored,gaussian_noise_snr_20db,"C:\Users\micha\OneDrive\שולחן העבודה\wordsFiles\Brain_Mri\data\Data 1 with distortion\all_images\tumor__Y155_24\restoration\gaussian_noise_snr_20db_restored.png",tumor,tumor,True,TT,0.987318
restored,gaussian_noise_snr_20db,"C:\Users\micha\OneDrive\שולחן העבודה\wordsFiles\Brain_Mri\data\Data 1 with distortion\all_images\tumor__Y162_27\restoration\gaussian_noise_snr_20db_restored.png",tumor,tumor,True,TT,0.657456
restored,gaussian_noise_snr_20db,"C:\Users\micha\OneDrive\שולחן העבודה\wordsFiles\Brain_Mri\data\Data 1 with distortion\all_images\tumor__Y180_33\restoration\gaussian_noise_snr_20db_restored.png",tumor,tumor,True,TT,0.999471
restored,gaussian_noise_snr_20db,"C:\Users\micha\OneDrive\שולחן העבודה\wordsFiles\Brain_Mri\data\Data 1 with distortion\all_images\tumor__Y1_22\restoration\gaussian_noise_snr_20db_restored.png",tumor,tumor,True,TT,0.844601
restored,gaussian_noise_snr_20db,"C:\Users\micha\OneDrive\שולחן העבודה\wordsFiles\Brain_Mri\data\Data 1 with distortion\all_images\tumor__Y20_15\restoration\gaussian_noise_snr_20db_restored.png",tumor,tumor,True,TT,0.888846
restored,gaussian_noise_snr_20db,"C:\Users\micha\OneDrive\שולחן העבודה\wordsFiles\Brain_Mri\data\Data 1 with distortion\all_images\tumor__Y21_36\restoration\gaussian_noise_snr_20db_restored.png",tumor,tumor,True,TT,0.858688
restored,gaussian_noise_snr_20db,"C:\Users\micha\OneDrive\שולחן העבודה\wordsFiles\Brain_Mri\data\Data 1 with distortion\all_images\tumor__Y257_9\restoration\gaussian_noise_snr_20db_restored.png",tumor,tumor,True,TT,0.929721
restored,gaussian_noise_snr_20db,"C:\Users\micha\OneDrive\שולחן העבודה\wordsFiles\Brain_Mri\data\Data 1 with distortion\all_images\tumor__Y258_32\restoration\gaussian_noise_snr_20db_restored.png",tumor,tumor,True,TT,0.878963
restored,gaussian_noise_snr_20db,"C:\Users\micha\OneDrive\שולחן העבודה\wordsFiles\Brain_Mri\data\Data 1 with distortion\all_images\tumor__Y35_37\restoration\gaussian_noise_snr_20db_restored.png",tumor,tumor,True,TT,0.799772
restored,gaussian_noise_snr_20db,"C:\Users\micha\OneDrive\שולחן העבודה\wordsFiles\Brain_Mri\data\Data 1 with distortion\all_images\tumor__Y36_23\restoration\gaussian_noise_snr_20db_restored.png",tumor,tumor,True,TT,0.967280
restored,gaussian_noise_snr_20db,"C:\Users\micha\OneDrive\שולחן העבודה\wordsFiles\Brain_Mri\data\Data 1 with distortion\all_images\tumor__Y37_20\restoration\gaussian_noise_snr_20db_restored.png",tumor,tumor,True,TT,0.978696
restored,gaussian_noise_snr_20db,"C:\Users\micha\OneDrive\שולחן העבודה\wordsFiles\Brain_Mri\data\Data 1 with distortion\all_images\tumor__Y3_35\restoration\gaussian_noise_snr_20db_restored.png",tumor,tumor,True,TT,0.906873
restored,gaussian_noise_snr_20db,"C:\Users\micha\OneDrive\שולחן העבודה\wordsFiles\Brain_Mri\data\Data 1 with distortion\all_images\tumor__Y41_14\restoration\gaussian_noise_snr_20db_restored.png",tumor,tumor,True,TT,0.973547
restored,gaussian_noise_snr_20db,"C:\Users\micha\OneDrive\שולחן העבודה\wordsFiles\Brain_Mri\data\Data 1 with distortion\all_images\tumor__Y54_18\restoration\gaussian_noise_snr_20db_restored.png",tumor,tumor,True,TT,0.968058
restored,gaussian_noise_snr_20db,"C:\Users\micha\OneDrive\שולחן העבודה\wordsFiles\Brain_Mri\data\Data 1 with distortion\all_images\tumor__Y61_12\restoration\gaussian_noise_snr_20db_restored.png",tumor,tumor,True,TT,0.878477
restored,gaussian_noise_snr_20db,"C:\Users\micha\OneDrive\שולחן העבודה\wordsFiles\Brain_Mri\data\Data 1 with distortion\all_images\tumor__Y6_4\restoration\gaussian_noise_snr_20db_restored.png",tumor,tumor,True,TT,0.883480
restored,gaussian_noise_snr_20db,"C:\Users\micha\OneDrive\שולחן העבודה\wordsFiles\Brain_Mri\data\Data 1 with distortion\all_images\tumor__Y73_29\restoration\gaussian_noise_snr_20db_restored.png",tumor,tumor,True,TT,0.907661
restored,gaussian_noise_snr_20db,"C:\Users\micha\OneDrive\שולחן העבודה\wordsFiles\Brain_Mri\data\Data 1 with distortion\all_images\tumor__Y78_30\restoration\gaussian_noise_snr_20db_restored.png",tumor,tumor,True,TT,0.805684
restored,gaussian_noise_snr_20db,"C:\Users\micha\OneDrive\שולחן העבודה\wordsFiles\Brain_Mri\data\Data 1 with distortion\all_images\tumor__Y79_13\restoration\gaussian_noise_snr_20db_restored.png",tumor,tumor,True,TT,0.976160
restored,gaussian_noise_snr_20db,"C:\Users\micha\OneDrive\שולחן העבודה\wordsFiles\Brain_Mri\data\Data 1 with distortion\all_images\tumor__Y90_3\restoration\gaussian_noise_snr_20db_restored.png",tumor,no_tumor,False,TF,0.456216
restored,gaussian_noise_snr_20db,"C:\Users\micha\OneDrive\שולחן העבודה\wordsFiles\Brain_Mri\data\Data 1 with distortion\all_images\tumor__Y95_8\restoration\gaussian_noise_snr_20db_restored.png",tumor,tumor,True,TT,0.654652
distorted,gaussian_noise_snr_30db,"C:\Users\micha\OneDrive\שולחן העבודה\wordsFiles\Brain_Mri\data\Data 1 with distortion\all_images\no_tumor__14 no_28\distortions\gaussian_noise_snr_30db.png",no_tumor,no_tumor,True,FF,0.222920
distorted,gaussian_noise_snr_30db,"C:\Users\micha\OneDrive\שולחן העבודה\wordsFiles\Brain_Mri\data\Data 1 with distortion\all_images\no_tumor__19 no_16\distortions\gaussian_noise_snr_30db.png",no_tumor,no_tumor,True,FF,0.141239
distorted,gaussian_noise_snr_30db,"C:\Users\micha\OneDrive\שולחן העבודה\wordsFiles\Brain_Mri\data\Data 1 with distortion\all_images\no_tumor__20 no_19\distortions\gaussian_noise_snr_30db.png",no_tumor,no_tumor,True,FF,0.499452
distorted,gaussian_noise_snr_30db,"C:\Users\micha\OneDrive\שולחן העבודה\wordsFiles\Brain_Mri\data\Data 1 with distortion\all_images\no_tumor__27 no_2\distortions\gaussian_noise_snr_30db.png",no_tumor,no_tumor,True,FF,0.372976
distorted,gaussian_noise_snr_30db,"C:\Users\micha\OneDrive\שולחן העבודה\wordsFiles\Brain_Mri\data\Data 1 with distortion\all_images\no_tumor__32 no_1\distortions\gaussian_noise_snr_30db.png",no_tumor,no_tumor,True,FF,0.129406
distorted,gaussian_noise_snr_30db,"C:\Users\micha\OneDrive\שולחן העבודה\wordsFiles\Brain_Mri\data\Data 1 with distortion\all_images\no_tumor__34 no_0\distortions\gaussian_noise_snr_30db.png",no_tumor,tumor,False,FT,0.878668
distorted,gaussian_noise_snr_30db,"C:\Users\micha\OneDrive\שולחן העבודה\wordsFiles\Brain_Mri\data\Data 1 with distortion\all_images\no_tumor__39 no_11\distortions\gaussian_noise_snr_30db.png",no_tumor,no_tumor,True,FF,0.438253
distorted,gaussian_noise_snr_30db,"C:\Users\micha\OneDrive\שולחן העבודה\wordsFiles\Brain_Mri\data\Data 1 with distortion\all_images\no_tumor__N11_25\distortions\gaussian_noise_snr_30db.png",no_tumor,tumor,False,FT,0.512834
distorted,gaussian_noise_snr_30db,"C:\Users\micha\OneDrive\שולחן העבודה\wordsFiles\Brain_Mri\data\Data 1 with distortion\all_images\no_tumor__N15_10\distortions\gaussian_noise_snr_30db.png",no_tumor,no_tumor,True,FF,0.437591
distorted,gaussian_noise_snr_30db,"C:\Users\micha\OneDrive\שולחן העבודה\wordsFiles\Brain_Mri\data\Data 1 with distortion\all_images\no_tumor__N16_26\distortions\gaussian_noise_snr_30db.png",no_tumor,tumor,False,FT,0.774974
distorted,gaussian_noise_snr_30db,"C:\Users\micha\OneDrive\שולחן העבודה\wordsFiles\Brain_Mri\data\Data 1 with distortion\all_images\no_tumor__N17_7\distortions\gaussian_noise_snr_30db.png",no_tumor,tumor,False,FT,0.768602
distorted,gaussian_noise_snr_30db,"C:\Users\micha\OneDrive\שולחן העבודה\wordsFiles\Brain_Mri\data\Data 1 with distortion\all_images\no_tumor__N21_34\distortions\gaussian_noise_snr_30db.png",no_tumor,no_tumor,True,FF,0.148033
distorted,gaussian_noise_snr_30db,"C:\Users\micha\OneDrive\שולחן העבודה\wordsFiles\Brain_Mri\data\Data 1 with distortion\all_images\no_tumor__N22_31\distortions\gaussian_noise_snr_30db.png",no_tumor,tumor,False,FT,0.674764
distorted,gaussian_noise_snr_30db,"C:\Users\micha\OneDrive\שולחן העבודה\wordsFiles\Brain_Mri\data\Data 1 with distortion\all_images\no_tumor__N26_21\distortions\gaussian_noise_snr_30db.png",no_tumor,tumor,False,FT,0.822737
distorted,gaussian_noise_snr_30db,"C:\Users\micha\OneDrive\שולחן העבודה\wordsFiles\Brain_Mri\data\Data 1 with distortion\all_images\no_tumor__No21_6\distortions\gaussian_noise_snr_30db.png",no_tumor,no_tumor,True,FF,0.484777
distorted,gaussian_noise_snr_30db,"C:\Users\micha\OneDrive\שולחן העבודה\wordsFiles\Brain_Mri\data\Data 1 with distortion\all_images\tumor__Y115_5\distortions\gaussian_noise_snr_30db.png",tumor,tumor,True,TT,0.813133
distorted,gaussian_noise_snr_30db,"C:\Users\micha\OneDrive\שולחן העבודה\wordsFiles\Brain_Mri\data\Data 1 with distortion\all_images\tumor__Y116_17\distortions\gaussian_noise_snr_30db.png",tumor,tumor,True,TT,0.639159
distorted,gaussian_noise_snr_30db,"C:\Users\micha\OneDrive\שולחן העבודה\wordsFiles\Brain_Mri\data\Data 1 with distortion\all_images\tumor__Y155_24\distortions\gaussian_noise_snr_30db.png",tumor,tumor,True,TT,0.976640
distorted,gaussian_noise_snr_30db,"C:\Users\micha\OneDrive\שולחן העבודה\wordsFiles\Brain_Mri\data\Data 1 with distortion\all_images\tumor__Y162_27\distortions\gaussian_noise_snr_30db.png",tumor,no_tumor,False,TF,0.468381
distorted,gaussian_noise_snr_30db,"C:\Users\micha\OneDrive\שולחן העבודה\wordsFiles\Brain_Mri\data\Data 1 with distortion\all_images\tumor__Y180_33\distortions\gaussian_noise_snr_30db.png",tumor,tumor,True,TT,0.999088
distorted,gaussian_noise_snr_30db,"C:\Users\micha\OneDrive\שולחן העבודה\wordsFiles\Brain_Mri\data\Data 1 with distortion\all_images\tumor__Y1_22\distortions\gaussian_noise_snr_30db.png",tumor,tumor,True,TT,0.705121
distorted,gaussian_noise_snr_30db,"C:\Users\micha\OneDrive\שולחן העבודה\wordsFiles\Brain_Mri\data\Data 1 with distortion\all_images\tumor__Y20_15\distortions\gaussian_noise_snr_30db.png",tumor,tumor,True,TT,0.759859
distorted,gaussian_noise_snr_30db,"C:\Users\micha\OneDrive\שולחן העבודה\wordsFiles\Brain_Mri\data\Data 1 with distortion\all_images\tumor__Y21_36\distortions\gaussian_noise_snr_30db.png",tumor,tumor,True,TT,0.754949
distorted,gaussian_noise_snr_30db,"C:\Users\micha\OneDrive\שולחן העבודה\wordsFiles\Brain_Mri\data\Data 1 with distortion\all_images\tumor__Y257_9\distortions\gaussian_noise_snr_30db.png",tumor,tumor,True,TT,0.817782
distorted,gaussian_noise_snr_30db,"C:\Users\micha\OneDrive\שולחן העבודה\wordsFiles\Brain_Mri\data\Data 1 with distortion\all_images\tumor__Y258_32\distortions\gaussian_noise_snr_30db.png",tumor,tumor,True,TT,0.727712
distorted,gaussian_noise_snr_30db,"C:\Users\micha\OneDrive\שולחן העבודה\wordsFiles\Brain_Mri\data\Data 1 with distortion\all_images\tumor__Y35_37\distortions\gaussian_noise_snr_30db.png",tumor,tumor,True,TT,0.694449
distorted,gaussian_noise_snr_30db,"C:\Users\micha\OneDrive\שולחן העבודה\wordsFiles\Brain_Mri\data\Data 1 with distortion\all_images\tumor__Y36_23\distortions\gaussian_noise_snr_30db.png",tumor,tumor,True,TT,0.952702
distorted,gaussian_noise_snr_30db,"C:\Users\micha\OneDrive\שולחן העבודה\wordsFiles\Brain_Mri\data\Data 1 with distortion\all_images\tumor__Y37_20\distortions\gaussian_noise_snr_30db.png",tumor,tumor,True,TT,0.969334
distorted,gaussian_noise_snr_30db,"C:\Users\micha\OneDrive\שולחן העבודה\wordsFiles\Brain_Mri\data\Data 1 with distortion\all_images\tumor__Y3_35\distortions\gaussian_noise_snr_30db.png",tumor,tumor,True,TT,0.769874
distorted,gaussian_noise_snr_30db,"C:\Users\micha\OneDrive\שולחן העבודה\wordsFiles\Brain_Mri\data\Data 1 with distortion\all_images\tumor__Y41_14\distortions\gaussian_noise_snr_30db.png",tumor,tumor,True,TT,0.950994
distorted,gaussian_noise_snr_30db,"C:\Users\micha\OneDrive\שולחן העבודה\wordsFiles\Brain_Mri\data\Data 1 with distortion\all_images\tumor__Y54_18\distortions\gaussian_noise_snr_30db.png",tumor,tumor,True,TT,0.920884
distorted,gaussian_noise_snr_30db,"C:\Users\micha\OneDrive\שולחן העבודה\wordsFiles\Brain_Mri\data\Data 1 with distortion\all_images\tumor__Y61_12\distortions\gaussian_noise_snr_30db.png",tumor,tumor,True,TT,0.738364
distorted,gaussian_noise_snr_30db,"C:\Users\micha\OneDrive\שולחן העבודה\wordsFiles\Brain_Mri\data\Data 1 with distortion\all_images\tumor__Y6_4\distortions\gaussian_noise_snr_30db.png",tumor,tumor,True,TT,0.766068
distorted,gaussian_noise_snr_30db,"C:\Users\micha\OneDrive\שולחן העבודה\wordsFiles\Brain_Mri\data\Data 1 with distortion\all_images\tumor__Y73_29\distortions\gaussian_noise_snr_30db.png",tumor,tumor,True,TT,0.830581
distorted,gaussian_noise_snr_30db,"C:\Users\micha\OneDrive\שולחן העבודה\wordsFiles\Brain_Mri\data\Data 1 with distortion\all_images\tumor__Y78_30\distortions\gaussian_noise_snr_30db.png",tumor,tumor,True,TT,0.582618
distorted,gaussian_noise_snr_30db,"C:\Users\micha\OneDrive\שולחן העבודה\wordsFiles\Brain_Mri\data\Data 1 with distortion\all_images\tumor__Y79_13\distortions\gaussian_noise_snr_30db.png",tumor,tumor,True,TT,0.959122
distorted,gaussian_noise_snr_30db,"C:\Users\micha\OneDrive\שולחן העבודה\wordsFiles\Brain_Mri\data\Data 1 with distortion\all_images\tumor__Y90_3\distortions\gaussian_noise_snr_30db.png",tumor,no_tumor,False,TF,0.270759
distorted,gaussian_noise_snr_30db,"C:\Users\micha\OneDrive\שולחן העבודה\wordsFiles\Brain_Mri\data\Data 1 with distortion\all_images\tumor__Y95_8\distortions\gaussian_noise_snr_30db.png",tumor,no_tumor,False,TF,0.436586
restored,gaussian_noise_snr_30db,"C:\Users\micha\OneDrive\שולחן העבודה\wordsFiles\Brain_Mri\data\Data 1 with distortion\all_images\no_tumor__14 no_28\restoration\gaussian_noise_snr_30db_restored.png",no_tumor,no_tumor,True,FF,0.372376
restored,gaussian_noise_snr_30db,"C:\Users\micha\OneDrive\שולחן העבודה\wordsFiles\Brain_Mri\data\Data 1 with distortion\all_images\no_tumor__19 no_16\restoration\gaussian_noise_snr_30db_restored.png",no_tumor,no_tumor,True,FF,0.245072
restored,gaussian_noise_snr_30db,"C:\Users\micha\OneDrive\שולחן העבודה\wordsFiles\Brain_Mri\data\Data 1 with distortion\all_images\no_tumor__20 no_19\restoration\gaussian_noise_snr_30db_restored.png",no_tumor,tumor,False,FT,0.591189
restored,gaussian_noise_snr_30db,"C:\Users\micha\OneDrive\שולחן העבודה\wordsFiles\Brain_Mri\data\Data 1 with distortion\all_images\no_tumor__27 no_2\restoration\gaussian_noise_snr_30db_restored.png",no_tumor,tumor,False,FT,0.565908
restored,gaussian_noise_snr_30db,"C:\Users\micha\OneDrive\שולחן העבודה\wordsFiles\Brain_Mri\data\Data 1 with distortion\all_images\no_tumor__32 no_1\restoration\gaussian_noise_snr_30db_restored.png",no_tumor,no_tumor,True,FF,0.223777
restored,gaussian_noise_snr_30db,"C:\Users\micha\OneDrive\שולחן העבודה\wordsFiles\Brain_Mri\data\Data 1 with distortion\all_images\no_tumor__34 no_0\restoration\gaussian_noise_snr_30db_restored.png",no_tumor,tumor,False,FT,0.937745
restored,gaussian_noise_snr_30db,"C:\Users\micha\OneDrive\שולחן העבודה\wordsFiles\Brain_Mri\data\Data 1 with distortion\all_images\no_tumor__39 no_11\restoration\gaussian_noise_snr_30db_restored.png",no_tumor,tumor,False,FT,0.627378
restored,gaussian_noise_snr_30db,"C:\Users\micha\OneDrive\שולחן העבודה\wordsFiles\Brain_Mri\data\Data 1 with distortion\all_images\no_tumor__N11_25\restoration\gaussian_noise_snr_30db_restored.png",no_tumor,tumor,False,FT,0.692876
restored,gaussian_noise_snr_30db,"C:\Users\micha\OneDrive\שולחן העבודה\wordsFiles\Brain_Mri\data\Data 1 with distortion\all_images\no_tumor__N15_10\restoration\gaussian_noise_snr_30db_restored.png",no_tumor,tumor,False,FT,0.546124
restored,gaussian_noise_snr_30db,"C:\Users\micha\OneDrive\שולחן העבודה\wordsFiles\Brain_Mri\data\Data 1 with distortion\all_images\no_tumor__N16_26\restoration\gaussian_noise_snr_30db_restored.png",no_tumor,tumor,False,FT,0.860623
restored,gaussian_noise_snr_30db,"C:\Users\micha\OneDrive\שולחן העבודה\wordsFiles\Brain_Mri\data\Data 1 with distortion\all_images\no_tumor__N17_7\restoration\gaussian_noise_snr_30db_restored.png",no_tumor,tumor,False,FT,0.857854
restored,gaussian_noise_snr_30db,"C:\Users\micha\OneDrive\שולחן העבודה\wordsFiles\Brain_Mri\data\Data 1 with distortion\all_images\no_tumor__N21_34\restoration\gaussian_noise_snr_30db_restored.png",no_tumor,no_tumor,True,FF,0.277346
restored,gaussian_noise_snr_30db,"C:\Users\micha\OneDrive\שולחן העבודה\wordsFiles\Brain_Mri\data\Data 1 with distortion\all_images\no_tumor__N22_31\restoration\gaussian_noise_snr_30db_restored.png",no_tumor,tumor,False,FT,0.805226
restored,gaussian_noise_snr_30db,"C:\Users\micha\OneDrive\שולחן העבודה\wordsFiles\Brain_Mri\data\Data 1 with distortion\all_images\no_tumor__N26_21\restoration\gaussian_noise_snr_30db_restored.png",no_tumor,tumor,False,FT,0.866473
restored,gaussian_noise_snr_30db,"C:\Users\micha\OneDrive\שולחן העבודה\wordsFiles\Brain_Mri\data\Data 1 with distortion\all_images\no_tumor__No21_6\restoration\gaussian_noise_snr_30db_restored.png",no_tumor,tumor,False,FT,0.673330
restored,gaussian_noise_snr_30db,"C:\Users\micha\OneDrive\שולחן העבודה\wordsFiles\Brain_Mri\data\Data 1 with distortion\all_images\tumor__Y115_5\restoration\gaussian_noise_snr_30db_restored.png",tumor,tumor,True,TT,0.876552
restored,gaussian_noise_snr_30db,"C:\Users\micha\OneDrive\שולחן העבודה\wordsFiles\Brain_Mri\data\Data 1 with distortion\all_images\tumor__Y116_17\restoration\gaussian_noise_snr_30db_restored.png",tumor,tumor,True,TT,0.774316
restored,gaussian_noise_snr_30db,"C:\Users\micha\OneDrive\שולחן העבודה\wordsFiles\Brain_Mri\data\Data 1 with distortion\all_images\tumor__Y155_24\restoration\gaussian_noise_snr_30db_restored.png",tumor,tumor,True,TT,0.986684
restored,gaussian_noise_snr_30db,"C:\Users\micha\OneDrive\שולחן העבודה\wordsFiles\Brain_Mri\data\Data 1 with distortion\all_images\tumor__Y162_27\restoration\gaussian_noise_snr_30db_restored.png",tumor,tumor,True,TT,0.631889
restored,gaussian_noise_snr_30db,"C:\Users\micha\OneDrive\שולחן העבודה\wordsFiles\Brain_Mri\data\Data 1 with distortion\all_images\tumor__Y180_33\restoration\gaussian_noise_snr_30db_restored.png",tumor,tumor,True,TT,0.999522
restored,gaussian_noise_snr_30db,"C:\Users\micha\OneDrive\שולחן העבודה\wordsFiles\Brain_Mri\data\Data 1 with distortion\all_images\tumor__Y1_22\restoration\gaussian_noise_snr_30db_restored.png",tumor,tumor,True,TT,0.827862
restored,gaussian_noise_snr_30db,"C:\Users\micha\OneDrive\שולחן העבודה\wordsFiles\Brain_Mri\data\Data 1 with distortion\all_images\tumor__Y20_15\restoration\gaussian_noise_snr_30db_restored.png",tumor,tumor,True,TT,0.880223
restored,gaussian_noise_snr_30db,"C:\Users\micha\OneDrive\שולחן העבודה\wordsFiles\Brain_Mri\data\Data 1 with distortion\all_images\tumor__Y21_36\restoration\gaussian_noise_snr_30db_restored.png",tumor,tumor,True,TT,0.845421
restored,gaussian_noise_snr_30db,"C:\Users\micha\OneDrive\שולחן העבודה\wordsFiles\Brain_Mri\data\Data 1 with distortion\all_images\tumor__Y257_9\restoration\gaussian_noise_snr_30db_restored.png",tumor,tumor,True,TT,0.926835
restored,gaussian_noise_snr_30db,"C:\Users\micha\OneDrive\שולחן העבודה\wordsFiles\Brain_Mri\data\Data 1 with distortion\all_images\tumor__Y258_32\restoration\gaussian_noise_snr_30db_restored.png",tumor,tumor,True,TT,0.870960
restored,gaussian_noise_snr_30db,"C:\Users\micha\OneDrive\שולחן העבודה\wordsFiles\Brain_Mri\data\Data 1 with distortion\all_images\tumor__Y35_37\restoration\gaussian_noise_snr_30db_restored.png",tumor,tumor,True,TT,0.801691
restored,gaussian_noise_snr_30db,"C:\Users\micha\OneDrive\שולחן העבודה\wordsFiles\Brain_Mri\data\Data 1 with distortion\all_images\tumor__Y36_23\restoration\gaussian_noise_snr_30db_restored.png",tumor,tumor,True,TT,0.964673
restored,gaussian_noise_snr_30db,"C:\Users\micha\OneDrive\שולחן העבודה\wordsFiles\Brain_Mri\data\Data 1 with distortion\all_images\tumor__Y37_20\restoration\gaussian_noise_snr_30db_restored.png",tumor,tumor,True,TT,0.979761
restored,gaussian_noise_snr_30db,"C:\Users\micha\OneDrive\שולחן העבודה\wordsFiles\Brain_Mri\data\Data 1 with distortion\all_images\tumor__Y3_35\restoration\gaussian_noise_snr_30db_restored.png",tumor,tumor,True,TT,0.899086
restored,gaussian_noise_snr_30db,"C:\Users\micha\OneDrive\שולחן העבודה\wordsFiles\Brain_Mri\data\Data 1 with distortion\all_images\tumor__Y41_14\restoration\gaussian_noise_snr_30db_restored.png",tumor,tumor,True,TT,0.971953
restored,gaussian_noise_snr_30db,"C:\Users\micha\OneDrive\שולחן העבודה\wordsFiles\Brain_Mri\data\Data 1 with distortion\all_images\tumor__Y54_18\restoration\gaussian_noise_snr_30db_restored.png",tumor,tumor,True,TT,0.966873
restored,gaussian_noise_snr_30db,"C:\Users\micha\OneDrive\שולחן העבודה\wordsFiles\Brain_Mri\data\Data 1 with distortion\all_images\tumor__Y61_12\restoration\gaussian_noise_snr_30db_restored.png",tumor,tumor,True,TT,0.869826
restored,gaussian_noise_snr_30db,"C:\Users\micha\OneDrive\שולחן העבודה\wordsFiles\Brain_Mri\data\Data 1 with distortion\all_images\tumor__Y6_4\restoration\gaussian_noise_snr_30db_restored.png",tumor,tumor,True,TT,0.874877
restored,gaussian_noise_snr_30db,"C:\Users\micha\OneDrive\שולחן העבודה\wordsFiles\Brain_Mri\data\Data 1 with distortion\all_images\tumor__Y73_29\restoration\gaussian_noise_snr_30db_restored.png",tumor,tumor,True,TT,0.902673
restored,gaussian_noise_snr_30db,"C:\Users\micha\OneDrive\שולחן העבודה\wordsFiles\Brain_Mri\data\Data 1 with distortion\all_images\tumor__Y78_30\restoration\gaussian_noise_snr_30db_restored.png",tumor,tumor,True,TT,0.791331
restored,gaussian_noise_snr_30db,"C:\Users\micha\OneDrive\שולחן העבודה\wordsFiles\Brain_Mri\data\Data 1 with distortion\all_images\tumor__Y79_13\restoration\gaussian_noise_snr_30db_restored.png",tumor,tumor,True,TT,0.975304
restored,gaussian_noise_snr_30db,"C:\Users\micha\OneDrive\שולחן העבודה\wordsFiles\Brain_Mri\data\Data 1 with distortion\all_images\tumor__Y90_3\restoration\gaussian_noise_snr_30db_restored.png",tumor,no_tumor,False,TF,0.427359
restored,gaussian_noise_snr_30db,"C:\Users\micha\OneDrive\שולחן העבודה\wordsFiles\Brain_Mri\data\Data 1 with distortion\all_images\tumor__Y95_8\restoration\gaussian_noise_snr_30db_restored.png",tumor,tumor,True,TT,0.635927
distorted,salt_and_pepper_density_0_01,"C:\Users\micha\OneDrive\שולחן העבודה\wordsFiles\Brain_Mri\data\Data 1 with distortion\all_images\no_tumor__14 no_28\distortions\salt_and_pepper_density_0_01.png",no_tumor,no_tumor,True,FF,0.060699
distorted,salt_and_pepper_density_0_01,"C:\Users\micha\OneDrive\שולחן העבודה\wordsFiles\Brain_Mri\data\Data 1 with distortion\all_images\no_tumor__19 no_16\distortions\salt_and_pepper_density_0_01.png",no_tumor,no_tumor,True,FF,0.023334
distorted,salt_and_pepper_density_0_01,"C:\Users\micha\OneDrive\שולחן העבודה\wordsFiles\Brain_Mri\data\Data 1 with distortion\all_images\no_tumor__20 no_19\distortions\salt_and_pepper_density_0_01.png",no_tumor,no_tumor,True,FF,0.232565
distorted,salt_and_pepper_density_0_01,"C:\Users\micha\OneDrive\שולחן העבודה\wordsFiles\Brain_Mri\data\Data 1 with distortion\all_images\no_tumor__27 no_2\distortions\salt_and_pepper_density_0_01.png",no_tumor,no_tumor,True,FF,0.094092
distorted,salt_and_pepper_density_0_01,"C:\Users\micha\OneDrive\שולחן העבודה\wordsFiles\Brain_Mri\data\Data 1 with distortion\all_images\no_tumor__32 no_1\distortions\salt_and_pepper_density_0_01.png",no_tumor,no_tumor,True,FF,0.025114
distorted,salt_and_pepper_density_0_01,"C:\Users\micha\OneDrive\שולחן העבודה\wordsFiles\Brain_Mri\data\Data 1 with distortion\all_images\no_tumor__34 no_0\distortions\salt_and_pepper_density_0_01.png",no_tumor,tumor,False,FT,0.503117
distorted,salt_and_pepper_density_0_01,"C:\Users\micha\OneDrive\שולחן העבודה\wordsFiles\Brain_Mri\data\Data 1 with distortion\all_images\no_tumor__39 no_11\distortions\salt_and_pepper_density_0_01.png",no_tumor,no_tumor,True,FF,0.112413
distorted,salt_and_pepper_density_0_01,"C:\Users\micha\OneDrive\שולחן העבודה\wordsFiles\Brain_Mri\data\Data 1 with distortion\all_images\no_tumor__N11_25\distortions\salt_and_pepper_density_0_01.png",no_tumor,no_tumor,True,FF,0.138910
distorted,salt_and_pepper_density_0_01,"C:\Users\micha\OneDrive\שולחן העבודה\wordsFiles\Brain_Mri\data\Data 1 with distortion\all_images\no_tumor__N15_10\distortions\salt_and_pepper_density_0_01.png",no_tumor,no_tumor,True,FF,0.136769
distorted,salt_and_pepper_density_0_01,"C:\Users\micha\OneDrive\שולחן העבודה\wordsFiles\Brain_Mri\data\Data 1 with distortion\all_images\no_tumor__N16_26\distortions\salt_and_pepper_density_0_01.png",no_tumor,no_tumor,True,FF,0.321613
distorted,salt_and_pepper_density_0_01,"C:\Users\micha\OneDrive\שולחן העבודה\wordsFiles\Brain_Mri\data\Data 1 with distortion\all_images\no_tumor__N17_7\distortions\salt_and_pepper_density_0_01.png",no_tumor,no_tumor,True,FF,0.313295
distorted,salt_and_pepper_density_0_01,"C:\Users\micha\OneDrive\שולחן העבודה\wordsFiles\Brain_Mri\data\Data 1 with distortion\all_images\no_tumor__N21_34\distortions\salt_and_pepper_density_0_01.png",no_tumor,no_tumor,True,FF,0.033940
distorted,salt_and_pepper_density_0_01,"C:\Users\micha\OneDrive\שולחן העבודה\wordsFiles\Brain_Mri\data\Data 1 with distortion\all_images\no_tumor__N22_31\distortions\salt_and_pepper_density_0_01.png",no_tumor,no_tumor,True,FF,0.209085
distorted,salt_and_pepper_density_0_01,"C:\Users\micha\OneDrive\שולחן העבודה\wordsFiles\Brain_Mri\data\Data 1 with distortion\all_images\no_tumor__N26_21\distortions\salt_and_pepper_density_0_01.png",no_tumor,tumor,False,FT,0.536112
distorted,salt_and_pepper_density_0_01,"C:\Users\micha\OneDrive\שולחן העבודה\wordsFiles\Brain_Mri\data\Data 1 with distortion\all_images\no_tumor__No21_6\distortions\salt_and_pepper_density_0_01.png",no_tumor,no_tumor,True,FF,0.123369
distorted,salt_and_pepper_density_0_01,"C:\Users\micha\OneDrive\שולחן העבודה\wordsFiles\Brain_Mri\data\Data 1 with distortion\all_images\tumor__Y115_5\distortions\salt_and_pepper_density_0_01.png",tumor,no_tumor,False,TF,0.494165
distorted,salt_and_pepper_density_0_01,"C:\Users\micha\OneDrive\שולחן העבודה\wordsFiles\Brain_Mri\data\Data 1 with distortion\all_images\tumor__Y116_17\distortions\salt_and_pepper_density_0_01.png",tumor,no_tumor,False,TF,0.279447
distorted,salt_and_pepper_density_0_01,"C:\Users\micha\OneDrive\שולחן העבודה\wordsFiles\Brain_Mri\data\Data 1 with distortion\all_images\tumor__Y155_24\distortions\salt_and_pepper_density_0_01.png",tumor,tumor,True,TT,0.888442
distorted,salt_and_pepper_density_0_01,"C:\Users\micha\OneDrive\שולחן העבודה\wordsFiles\Brain_Mri\data\Data 1 with distortion\all_images\tumor__Y162_27\distortions\salt_and_pepper_density_0_01.png",tumor,no_tumor,False,TF,0.127740
distorted,salt_and_pepper_density_0_01,"C:\Users\micha\OneDrive\שולחן העבודה\wordsFiles\Brain_Mri\data\Data 1 with distortion\all_images\tumor__Y180_33\distortions\salt_and_pepper_density_0_01.png",tumor,tumor,True,TT,0.996325
distorted,salt_and_pepper_density_0_01,"C:\Users\micha\OneDrive\שולחן העבודה\wordsFiles\Brain_Mri\data\Data 1 with distortion\all_images\tumor__Y1_22\distortions\salt_and_pepper_density_0_01.png",tumor,no_tumor,False,TF,0.377066
distorted,salt_and_pepper_density_0_01,"C:\Users\micha\OneDrive\שולחן העבודה\wordsFiles\Brain_Mri\data\Data 1 with distortion\all_images\tumor__Y20_15\distortions\salt_and_pepper_density_0_01.png",tumor,no_tumor,False,TF,0.392136
distorted,salt_and_pepper_density_0_01,"C:\Users\micha\OneDrive\שולחן העבודה\wordsFiles\Brain_Mri\data\Data 1 with distortion\all_images\tumor__Y21_36\distortions\salt_and_pepper_density_0_01.png",tumor,tumor,True,TT,0.516134
distorted,salt_and_pepper_density_0_01,"C:\Users\micha\OneDrive\שולחן העבודה\wordsFiles\Brain_Mri\data\Data 1 with distortion\all_images\tumor__Y257_9\distortions\salt_and_pepper_density_0_01.png",tumor,no_tumor,False,TF,0.379056
distorted,salt_and_pepper_density_0_01,"C:\Users\micha\OneDrive\שולחן העבודה\wordsFiles\Brain_Mri\data\Data 1 with distortion\all_images\tumor__Y258_32\distortions\salt_and_pepper_density_0_01.png",tumor,no_tumor,False,TF,0.321055
distorted,salt_and_pepper_density_0_01,"C:\Users\micha\OneDrive\שולחן העבודה\wordsFiles\Brain_Mri\data\Data 1 with distortion\all_images\tumor__Y35_37\distortions\salt_and_pepper_density_0_01.png",tumor,no_tumor,False,TF,0.257269
distorted,salt_and_pepper_density_0_01,"C:\Users\micha\OneDrive\שולחן העבודה\wordsFiles\Brain_Mri\data\Data 1 with distortion\all_images\tumor__Y36_23\distortions\salt_and_pepper_density_0_01.png",tumor,tumor,True,TT,0.844501
distorted,salt_and_pepper_density_0_01,"C:\Users\micha\OneDrive\שולחן העבודה\wordsFiles\Brain_Mri\data\Data 1 with distortion\all_images\tumor__Y37_20\distortions\salt_and_pepper_density_0_01.png",tumor,tumor,True,TT,0.902017
distorted,salt_and_pepper_density_0_01,"C:\Users\micha\OneDrive\שולחן העבודה\wordsFiles\Brain_Mri\data\Data 1 with distortion\all_images\tumor__Y3_35\distortions\salt_and_pepper_density_0_01.png",tumor,no_tumor,False,TF,0.356715
distorted,salt_and_pepper_density_0_01,"C:\Users\micha\OneDrive\שולחן העבודה\wordsFiles\Brain_Mri\data\Data 1 with distortion\all_images\tumor__Y41_14\distortions\salt_and_pepper_density_0_01.png",tumor,tumor,True,TT,0.807132
distorted,salt_and_pepper_density_0_01,"C:\Users\micha\OneDrive\שולחן העבודה\wordsFiles\Brain_Mri\data\Data 1 with distortion\all_images\tumor__Y54_18\distortions\salt_and_pepper_density_0_01.png",tumor,tumor,True,TT,0.641661
distorted,salt_and_pepper_density_0_01,"C:\Users\micha\OneDrive\שולחן העבודה\wordsFiles\Brain_Mri\data\Data 1 with distortion\all_images\tumor__Y61_12\distortions\salt_and_pepper_density_0_01.png",tumor,no_tumor,False,TF,0.357197
distorted,salt_and_pepper_density_0_01,"C:\Users\micha\OneDrive\שולחן העבודה\wordsFiles\Brain_Mri\data\Data 1 with distortion\all_images\tumor__Y6_4\distortions\salt_and_pepper_density_0_01.png",tumor,no_tumor,False,TF,0.324468
distorted,salt_and_pepper_density_0_01,"C:\Users\micha\OneDrive\שולחן העבודה\wordsFiles\Brain_Mri\data\Data 1 with distortion\all_images\tumor__Y73_29\distortions\salt_and_pepper_density_0_01.png",tumor,tumor,True,TT,0.593873
distorted,salt_and_pepper_density_0_01,"C:\Users\micha\OneDrive\שולחן העבודה\wordsFiles\Brain_Mri\data\Data 1 with distortion\all_images\tumor__Y78_30\distortions\salt_and_pepper_density_0_01.png",tumor,no_tumor,False,TF,0.194345
distorted,salt_and_pepper_density_0_01,"C:\Users\micha\OneDrive\שולחן העבודה\wordsFiles\Brain_Mri\data\Data 1 with distortion\all_images\tumor__Y79_13\distortions\salt_and_pepper_density_0_01.png",tumor,tumor,True,TT,0.823767
distorted,salt_and_pepper_density_0_01,"C:\Users\micha\OneDrive\שולחן העבודה\wordsFiles\Brain_Mri\data\Data 1 with distortion\all_images\tumor__Y90_3\distortions\salt_and_pepper_density_0_01.png",tumor,no_tumor,False,TF,0.066092
distorted,salt_and_pepper_density_0_01,"C:\Users\micha\OneDrive\שולחן העבודה\wordsFiles\Brain_Mri\data\Data 1 with distortion\all_images\tumor__Y95_8\distortions\salt_and_pepper_density_0_01.png",tumor,no_tumor,False,TF,0.094403
restored,salt_and_pepper_density_0_01,"C:\Users\micha\OneDrive\שולחן העבודה\wordsFiles\Brain_Mri\data\Data 1 with distortion\all_images\no_tumor__14 no_28\restoration\salt_and_pepper_density_0_01_restored.png",no_tumor,no_tumor,True,FF,0.290607
restored,salt_and_pepper_density_0_01,"C:\Users\micha\OneDrive\שולחן העבודה\wordsFiles\Brain_Mri\data\Data 1 with distortion\all_images\no_tumor__19 no_16\restoration\salt_and_pepper_density_0_01_restored.png",no_tumor,no_tumor,True,FF,0.192526
restored,salt_and_pepper_density_0_01,"C:\Users\micha\OneDrive\שולחן העבודה\wordsFiles\Brain_Mri\data\Data 1 with distortion\all_images\no_tumor__20 no_19\restoration\salt_and_pepper_density_0_01_restored.png",no_tumor,tumor,False,FT,0.531316
restored,salt_and_pepper_density_0_01,"C:\Users\micha\OneDrive\שולחן העבודה\wordsFiles\Brain_Mri\data\Data 1 with distortion\all_images\no_tumor__27 no_2\restoration\salt_and_pepper_density_0_01_restored.png",no_tumor,no_tumor,True,FF,0.459074
restored,salt_and_pepper_density_0_01,"C:\Users\micha\OneDrive\שולחן העבודה\wordsFiles\Brain_Mri\data\Data 1 with distortion\all_images\no_tumor__32 no_1\restoration\salt_and_pepper_density_0_01_restored.png",no_tumor,no_tumor,True,FF,0.161575
restored,salt_and_pepper_density_0_01,"C:\Users\micha\OneDrive\שולחן העבודה\wordsFiles\Brain_Mri\data\Data 1 with distortion\all_images\no_tumor__34 no_0\restoration\salt_and_pepper_density_0_01_restored.png",no_tumor,tumor,False,FT,0.910734
restored,salt_and_pepper_density_0_01,"C:\Users\micha\OneDrive\שולחן העבודה\wordsFiles\Brain_Mri\data\Data 1 with distortion\all_images\no_tumor__39 no_11\restoration\salt_and_pepper_density_0_01_restored.png",no_tumor,tumor,False,FT,0.568542
restored,salt_and_pepper_density_0_01,"C:\Users\micha\OneDrive\שולחן העבודה\wordsFiles\Brain_Mri\data\Data 1 with distortion\all_images\no_tumor__N11_25\restoration\salt_and_pepper_density_0_01_restored.png",no_tumor,tumor,False,FT,0.598828
restored,salt_and_pepper_density_0_01,"C:\Users\micha\OneDrive\שולחן העבודה\wordsFiles\Brain_Mri\data\Data 1 with distortion\all_images\no_tumor__N15_10\restoration\salt_and_pepper_density_0_01_restored.png",no_tumor,no_tumor,True,FF,0.482903
restored,salt_and_pepper_density_0_01,"C:\Users\micha\OneDrive\שולחן העבודה\wordsFiles\Brain_Mri\data\Data 1 with distortion\all_images\no_tumor__N16_26\restoration\salt_and_pepper_density_0_01_restored.png",no_tumor,tumor,False,FT,0.837230
restored,salt_and_pepper_density_0_01,"C:\Users\micha\OneDrive\שולחן העבודה\wordsFiles\Brain_Mri\data\Data 1 with distortion\all_images\no_tumor__N17_7\restoration\salt_and_pepper_density_0_01_restored.png",no_tumor,tumor,False,FT,0.835150
restored,salt_and_pepper_density_0_01,"C:\Users\micha\OneDrive\שולחן העבודה\wordsFiles\Brain_Mri\data\Data 1 with distortion\all_images\no_tumor__N21_34\restoration\salt_and_pepper_density_0_01_restored.png",no_tumor,no_tumor,True,FF,0.197967
restored,salt_and_pepper_density_0_01,"C:\Users\micha\OneDrive\שולחן העבודה\wordsFiles\Brain_Mri\data\Data 1 with distortion\all_images\no_tumor__N22_31\restoration\salt_and_pepper_density_0_01_restored.png",no_tumor,tumor,False,FT,0.736512
restored,salt_and_pepper_density_0_01,"C:\Users\micha\OneDrive\שולחן העבודה\wordsFiles\Brain_Mri\data\Data 1 with distortion\all_images\no_tumor__N26_21\restoration\salt_and_pepper_density_0_01_restored.png",no_tumor,tumor,False,FT,0.847738
restored,salt_and_pepper_density_0_01,"C:\Users\micha\OneDrive\שולחן העבודה\wordsFiles\Brain_Mri\data\Data 1 with distortion\all_images\no_tumor__No21_6\restoration\salt_and_pepper_density_0_01_restored.png",no_tumor,tumor,False,FT,0.614911
restored,salt_and_pepper_density_0_01,"C:\Users\micha\OneDrive\שולחן העבודה\wordsFiles\Brain_Mri\data\Data 1 with distortion\all_images\tumor__Y115_5\restoration\salt_and_pepper_density_0_01_restored.png",tumor,tumor,True,TT,0.846365
restored,salt_and_pepper_density_0_01,"C:\Users\micha\OneDrive\שולחן העבודה\wordsFiles\Brain_Mri\data\Data 1 with distortion\all_images\tumor__Y116_17\restoration\salt_and_pepper_density_0_01_restored.png",tumor,tumor,True,TT,0.701946
restored,salt_and_pepper_density_0_01,"C:\Users\micha\OneDrive\שולחן העבודה\wordsFiles\Brain_Mri\data\Data 1 with distortion\all_images\tumor__Y155_24\restoration\salt_and_pepper_density_0_01_restored.png",tumor,tumor,True,TT,0.982374
restored,salt_and_pepper_density_0_01,"C:\Users\micha\OneDrive\שולחן העבודה\wordsFiles\Brain_Mri\data\Data 1 with distortion\all_images\tumor__Y162_27\restoration\salt_and_pepper_density_0_01_restored.png",tumor,tumor,True,TT,0.556679
restored,salt_and_pepper_density_0_01,"C:\Users\micha\OneDrive\שולחן העבודה\wordsFiles\Brain_Mri\data\Data 1 with distortion\all_images\tumor__Y180_33\restoration\salt_and_pepper_density_0_01_restored.png",tumor,tumor,True,TT,0.999452
restored,salt_and_pepper_density_0_01,"C:\Users\micha\OneDrive\שולחן העבודה\wordsFiles\Brain_Mri\data\Data 1 with distortion\all_images\tumor__Y1_22\restoration\salt_and_pepper_density_0_01_restored.png",tumor,tumor,True,TT,0.765511
restored,salt_and_pepper_density_0_01,"C:\Users\micha\OneDrive\שולחן העבודה\wordsFiles\Brain_Mri\data\Data 1 with distortion\all_images\tumor__Y20_15\restoration\salt_and_pepper_density_0_01_restored.png",tumor,tumor,True,TT,0.824914
restored,salt_and_pepper_density_0_01,"C:\Users\micha\OneDrive\שולחן העבודה\wordsFiles\Brain_Mri\data\Data 1 with distortion\all_images\tumor__Y21_36\restoration\salt_and_pepper_density_0_01_restored.png",tumor,tumor,True,TT,0.785481
restored,salt_and_pepper_density_0_01,"C:\Users\micha\OneDrive\שולחן העבודה\wordsFiles\Brain_Mri\data\Data 1 with distortion\all_images\tumor__Y257_9\restoration\salt_and_pepper_density_0_01_restored.png",tumor,tumor,True,TT,0.886479
restored,salt_and_pepper_density_0_01,"C:\Users\micha\OneDrive\שולחן העבודה\wordsFiles\Brain_Mri\data\Data 1 with distortion\all_images\tumor__Y258_32\restoration\salt_and_pepper_density_0_01_restored.png",tumor,tumor,True,TT,0.806729
restored,salt_and_pepper_density_0_01,"C:\Users\micha\OneDrive\שולחן העבודה\wordsFiles\Brain_Mri\data\Data 1 with distortion\all_images\tumor__Y35_37\restoration\salt_and_pepper_density_0_01_restored.png",tumor,tumor,True,TT,0.755532
restored,salt_and_pepper_density_0_01,"C:\Users\micha\OneDrive\שולחן העבודה\wordsFiles\Brain_Mri\data\Data 1 with distortion\all_images\tumor__Y36_23\restoration\salt_and_pepper_density_0_01_restored.png",tumor,tumor,True,TT,0.954481
restored,salt_and_pepper_density_0_01,"C:\Users\micha\OneDrive\שולחן העבודה\wordsFiles\Brain_Mri\data\Data 1 with distortion\all_images\tumor__Y37_20\restoration\salt_and_pepper_density_0_01_restored.png",tumor,tumor,True,TT,0.973612
restored,salt_and_pepper_density_0_01,"C:\Users\micha\OneDrive\שולחן העבודה\wordsFiles\Brain_Mri\data\Data 1 with distortion\all_images\tumor__Y3_35\restoration\salt_and_pepper_density_0_01_restored.png",tumor,tumor,True,TT,0.840198
restored,salt_and_pepper_density_0_01,"C:\Users\micha\OneDrive\שולחן העבודה\wordsFiles\Brain_Mri\data\Data 1 with distortion\all_images\tumor__Y41_14\restoration\salt_and_pepper_density_0_01_restored.png",tumor,tumor,True,TT,0.966504
restored,salt_and_pepper_density_0_01,"C:\Users\micha\OneDrive\שולחן העבודה\wordsFiles\Brain_Mri\data\Data 1 with distortion\all_images\tumor__Y54_18\restoration\salt_and_pepper_density_0_01_restored.png",tumor,tumor,True,TT,0.953658
restored,salt_and_pepper_density_0_01,"C:\Users\micha\OneDrive\שולחן העבודה\wordsFiles\Brain_Mri\data\Data 1 with distortion\all_images\tumor__Y61_12\restoration\salt_and_pepper_density_0_01_restored.png",tumor,tumor,True,TT,0.823175
restored,salt_and_pepper_density_0_01,"C:\Users\micha\OneDrive\שולחן העבודה\wordsFiles\Brain_Mri\data\Data 1 with distortion\all_images\tumor__Y6_4\restoration\salt_and_pepper_density_0_01_restored.png",tumor,tumor,True,TT,0.832554
restored,salt_and_pepper_density_0_01,"C:\Users\micha\OneDrive\שולחן העבודה\wordsFiles\Brain_Mri\data\Data 1 with distortion\all_images\tumor__Y73_29\restoration\salt_and_pepper_density_0_01_restored.png",tumor,tumor,True,TT,0.874034
restored,salt_and_pepper_density_0_01,"C:\Users\micha\OneDrive\שולחן העבודה\wordsFiles\Brain_Mri\data\Data 1 with distortion\all_images\tumor__Y78_30\restoration\salt_and_pepper_density_0_01_restored.png",tumor,tumor,True,TT,0.714032
restored,salt_and_pepper_density_0_01,"C:\Users\micha\OneDrive\שולחן העבודה\wordsFiles\Brain_Mri\data\Data 1 with distortion\all_images\tumor__Y79_13\restoration\salt_and_pepper_density_0_01_restored.png",tumor,tumor,True,TT,0.965566
restored,salt_and_pepper_density_0_01,"C:\Users\micha\OneDrive\שולחן העבודה\wordsFiles\Brain_Mri\data\Data 1 with distortion\all_images\tumor__Y90_3\restoration\salt_and_pepper_density_0_01_restored.png",tumor,no_tumor,False,TF,0.337943
restored,salt_and_pepper_density_0_01,"C:\Users\micha\OneDrive\שולחן העבודה\wordsFiles\Brain_Mri\data\Data 1 with distortion\all_images\tumor__Y95_8\restoration\salt_and_pepper_density_0_01_restored.png",tumor,tumor,True,TT,0.537583
distorted,salt_and_pepper_density_0_03,"C:\Users\micha\OneDrive\שולחן העבודה\wordsFiles\Brain_Mri\data\Data 1 with distortion\all_images\no_tumor__14 no_28\distortions\salt_and_pepper_density_0_03.png",no_tumor,no_tumor,True,FF,0.011013
distorted,salt_and_pepper_density_0_03,"C:\Users\micha\OneDrive\שולחן העבודה\wordsFiles\Brain_Mri\data\Data 1 with distortion\all_images\no_tumor__19 no_16\distortions\salt_and_pepper_density_0_03.png",no_tumor,no_tumor,True,FF,0.002022
distorted,salt_and_pepper_density_0_03,"C:\Users\micha\OneDrive\שולחן העבודה\wordsFiles\Brain_Mri\data\Data 1 with distortion\all_images\no_tumor__20 no_19\distortions\salt_and_pepper_density_0_03.png",no_tumor,no_tumor,True,FF,0.088200
distorted,salt_and_pepper_density_0_03,"C:\Users\micha\OneDrive\שולחן העבודה\wordsFiles\Brain_Mri\data\Data 1 with distortion\all_images\no_tumor__27 no_2\distortions\salt_and_pepper_density_0_03.png",no_tumor,no_tumor,True,FF,0.010936
distorted,salt_and_pepper_density_0_03,"C:\Users\micha\OneDrive\שולחן העבודה\wordsFiles\Brain_Mri\data\Data 1 with distortion\all_images\no_tumor__32 no_1\distortions\salt_and_pepper_density_0_03.png",no_tumor,no_tumor,True,FF,0.002450
distorted,salt_and_pepper_density_0_03,"C:\Users\micha\OneDrive\שולחן העבודה\wordsFiles\Brain_Mri\data\Data 1 with distortion\all_images\no_tumor__34 no_0\distortions\salt_and_pepper_density_0_03.png",no_tumor,no_tumor,True,FF,0.053426
distorted,salt_and_pepper_density_0_03,"C:\Users\micha\OneDrive\שולחן העבודה\wordsFiles\Brain_Mri\data\Data 1 with distortion\all_images\no_tumor__39 no_11\distortions\salt_and_pepper_density_0_03.png",no_tumor,no_tumor,True,FF,0.009536
distorted,salt_and_pepper_density_0_03,"C:\Users\micha\OneDrive\שולחן העבודה\wordsFiles\Brain_Mri\data\Data 1 with distortion\all_images\no_tumor__N11_25\distortions\salt_and_pepper_density_0_03.png",no_tumor,no_tumor,True,FF,0.013820
distorted,salt_and_pepper_density_0_03,"C:\Users\micha\OneDrive\שולחן העבודה\wordsFiles\Brain_Mri\data\Data 1 with distortion\all_images\no_tumor__N15_10\distortions\salt_and_pepper_density_0_03.png",no_tumor,no_tumor,True,FF,0.029654
distorted,salt_and_pepper_density_0_03,"C:\Users\micha\OneDrive\שולחן העבודה\wordsFiles\Brain_Mri\data\Data 1 with distortion\all_images\no_tumor__N16_26\distortions\salt_and_pepper_density_0_03.png",no_tumor,no_tumor,True,FF,0.028247
distorted,salt_and_pepper_density_0_03,"C:\Users\micha\OneDrive\שולחן העבודה\wordsFiles\Brain_Mri\data\Data 1 with distortion\all_images\no_tumor__N17_7\distortions\salt_and_pepper_density_0_03.png",no_tumor,no_tumor,True,FF,0.027087
distorted,salt_and_pepper_density_0_03,"C:\Users\micha\OneDrive\שולחן העבודה\wordsFiles\Brain_Mri\data\Data 1 with distortion\all_images\no_tumor__N21_34\distortions\salt_and_pepper_density_0_03.png",no_tumor,no_tumor,True,FF,0.005711
distorted,salt_and_pepper_density_0_03,"C:\Users\micha\OneDrive\שולחן העבודה\wordsFiles\Brain_Mri\data\Data 1 with distortion\all_images\no_tumor__N22_31\distortions\salt_and_pepper_density_0_03.png",no_tumor,no_tumor,True,FF,0.016796
distorted,salt_and_pepper_density_0_03,"C:\Users\micha\OneDrive\שולחן העבודה\wordsFiles\Brain_Mri\data\Data 1 with distortion\all_images\no_tumor__N26_21\distortions\salt_and_pepper_density_0_03.png",no_tumor,no_tumor,True,FF,0.199574
distorted,salt_and_pepper_density_0_03,"C:\Users\micha\OneDrive\שולחן העבודה\wordsFiles\Brain_Mri\data\Data 1 with distortion\all_images\no_tumor__No21_6\distortions\salt_and_pepper_density_0_03.png",no_tumor,no_tumor,True,FF,0.009511
distorted,salt_and_pepper_density_0_03,"C:\Users\micha\OneDrive\שולחן העבודה\wordsFiles\Brain_Mri\data\Data 1 with distortion\all_images\tumor__Y115_5\distortions\salt_and_pepper_density_0_03.png",tumor,no_tumor,False,TF,0.131757
distorted,salt_and_pepper_density_0_03,"C:\Users\micha\OneDrive\שולחן העבודה\wordsFiles\Brain_Mri\data\Data 1 with distortion\all_images\tumor__Y116_17\distortions\salt_and_pepper_density_0_03.png",tumor,no_tumor,False,TF,0.063123
distorted,salt_and_pepper_density_0_03,"C:\Users\micha\OneDrive\שולחן העבודה\wordsFiles\Brain_Mri\data\Data 1 with distortion\all_images\tumor__Y155_24\distortions\salt_and_pepper_density_0_03.png",tumor,no_tumor,False,TF,0.482877
distorted,salt_and_pepper_density_0_03,"C:\Users\micha\OneDrive\שולחן העבודה\wordsFiles\Brain_Mri\data\Data 1 with distortion\all_images\tumor__Y162_27\distortions\salt_and_pepper_density_0_03.png",tumor,no_tumor,False,TF,0.016509
distorted,salt_and_pepper_density_0_03,"C:\Users\micha\OneDrive\שולחן העבודה\wordsFiles\Brain_Mri\data\Data 1 with distortion\all_images\tumor__Y180_33\distortions\salt_and_pepper_density_0_03.png",tumor,tumor,True,TT,0.971539
distorted,salt_and_pepper_density_0_03,"C:\Users\micha\OneDrive\שולחן העבודה\wordsFiles\Brain_Mri\data\Data 1 with distortion\all_images\tumor__Y1_22\distortions\salt_and_pepper_density_0_03.png",tumor,no_tumor,False,TF,0.098793
distorted,salt_and_pepper_density_0_03,"C:\Users\micha\OneDrive\שולחן העבודה\wordsFiles\Brain_Mri\data\Data 1 with distortion\all_images\tumor__Y20_15\distortions\salt_and_pepper_density_0_03.png",tumor,no_tumor,False,TF,0.075543
distorted,salt_and_pepper_density_0_03,"C:\Users\micha\OneDrive\שולחן העבודה\wordsFiles\Brain_Mri\data\Data 1 with distortion\all_images\tumor__Y21_36\distortions\salt_and_pepper_density_0_03.png",tumor,no_tumor,False,TF,0.249435
distorted,salt_and_pepper_density_0_03,"C:\Users\micha\OneDrive\שולחן העבודה\wordsFiles\Brain_Mri\data\Data 1 with distortion\all_images\tumor__Y257_9\distortions\salt_and_pepper_density_0_03.png",tumor,no_tumor,False,TF,0.040206
distorted,salt_and_pepper_density_0_03,"C:\Users\micha\OneDrive\שולחן העבודה\wordsFiles\Brain_Mri\data\Data 1 with distortion\all_images\tumor__Y258_32\distortions\salt_and_pepper_density_0_03.png",tumor,no_tumor,False,TF,0.044301
distorted,salt_and_pepper_density_0_03,"C:\Users\micha\OneDrive\שולחן העבודה\wordsFiles\Brain_Mri\data\Data 1 with distortion\all_images\tumor__Y35_37\distortions\salt_and_pepper_density_0_03.png",tumor,no_tumor,False,TF,0.025414
distorted,salt_and_pepper_density_0_03,"C:\Users\micha\OneDrive\שולחן העבודה\wordsFiles\Brain_Mri\data\Data 1 with distortion\all_images\tumor__Y36_23\distortions\salt_and_pepper_density_0_03.png",tumor,tumor,True,TT,0.536197
distorted,salt_and_pepper_density_0_03,"C:\Users\micha\OneDrive\שולחן העבודה\wordsFiles\Brain_Mri\data\Data 1 with distortion\all_images\tumor__Y37_20\distortions\salt_and_pepper_density_0_03.png",tumor,tumor,True,TT,0.682217
distorted,salt_and_pepper_density_0_03,"C:\Users\micha\OneDrive\שולחן העבודה\wordsFiles\Brain_Mri\data\Data 1 with distortion\all_images\tumor__Y3_35\distortions\salt_and_pepper_density_0_03.png",tumor,no_tumor,False,TF,0.047993
distorted,salt_and_pepper_density_0_03,"C:\Users\micha\OneDrive\שולחן העבודה\wordsFiles\Brain_Mri\data\Data 1 with distortion\all_images\tumor__Y41_14\distortions\salt_and_pepper_density_0_03.png",tumor,no_tumor,False,TF,0.346102
distorted,salt_and_pepper_density_0_03,"C:\Users\micha\OneDrive\שולחן העבודה\wordsFiles\Brain_Mri\data\Data 1 with distortion\all_images\tumor__Y54_18\distortions\salt_and_pepper_density_0_03.png",tumor,no_tumor,False,TF,0.091318
distorted,salt_and_pepper_density_0_03,"C:\Users\micha\OneDrive\שולחן העבודה\wordsFiles\Brain_Mri\data\Data 1 with distortion\all_images\tumor__Y61_12\distortions\salt_and_pepper_density_0_03.png",tumor,no_tumor,False,TF,0.060051
distorted,salt_and_pepper_density_0_03,"C:\Users\micha\OneDrive\שולחן העבודה\wordsFiles\Brain_Mri\data\Data 1 with distortion\all_images\tumor__Y6_4\distortions\salt_and_pepper_density_0_03.png",tumor,no_tumor,False,TF,0.032883
distorted,salt_and_pepper_density_0_03,"C:\Users\micha\OneDrive\שולחן העבודה\wordsFiles\Brain_Mri\data\Data 1 with distortion\all_images\tumor__Y73_29\distortions\salt_and_pepper_density_0_03.png",tumor,no_tumor,False,TF,0.290690
distorted,salt_and_pepper_density_0_03,"C:\Users\micha\OneDrive\שולחן העבודה\wordsFiles\Brain_Mri\data\Data 1 with distortion\all_images\tumor__Y78_30\distortions\salt_and_pepper_density_0_03.png",tumor,no_tumor,False,TF,0.026576
distorted,salt_and_pepper_density_0_03,"C:\Users\micha\OneDrive\שולחן העבודה\wordsFiles\Brain_Mri\data\Data 1 with distortion\all_images\tumor__Y79_13\distortions\salt_and_pepper_density_0_03.png",tumor,no_tumor,False,TF,0.348005
distorted,salt_and_pepper_density_0_03,"C:\Users\micha\OneDrive\שולחן העבודה\wordsFiles\Brain_Mri\data\Data 1 with distortion\all_images\tumor__Y90_3\distortions\salt_and_pepper_density_0_03.png",tumor,no_tumor,False,TF,0.010838
distorted,salt_and_pepper_density_0_03,"C:\Users\micha\OneDrive\שולחן העבודה\wordsFiles\Brain_Mri\data\Data 1 with distortion\all_images\tumor__Y95_8\distortions\salt_and_pepper_density_0_03.png",tumor,no_tumor,False,TF,0.008102
restored,salt_and_pepper_density_0_03,"C:\Users\micha\OneDrive\שולחן העבודה\wordsFiles\Brain_Mri\data\Data 1 with distortion\all_images\no_tumor__14 no_28\restoration\salt_and_pepper_density_0_03_restored.png",no_tumor,no_tumor,True,FF,0.287191
restored,salt_and_pepper_density_0_03,"C:\Users\micha\OneDrive\שולחן העבודה\wordsFiles\Brain_Mri\data\Data 1 with distortion\all_images\no_tumor__19 no_16\restoration\salt_and_pepper_density_0_03_restored.png",no_tumor,no_tumor,True,FF,0.191564
restored,salt_and_pepper_density_0_03,"C:\Users\micha\OneDrive\שולחן העבודה\wordsFiles\Brain_Mri\data\Data 1 with distortion\all_images\no_tumor__20 no_19\restoration\salt_and_pepper_density_0_03_restored.png",no_tumor,tumor,False,FT,0.531523
restored,salt_and_pepper_density_0_03,"C:\Users\micha\OneDrive\שולחן העבודה\wordsFiles\Brain_Mri\data\Data 1 with distortion\all_images\no_tumor__27 no_2\restoration\salt_and_pepper_density_0_03_restored.png",no_tumor,no_tumor,True,FF,0.455656
restored,salt_and_pepper_density_0_03,"C:\Users\micha\OneDrive\שולחן העבודה\wordsFiles\Brain_Mri\data\Data 1 with distortion\all_images\no_tumor__32 no_1\restoration\salt_and_pepper_density_0_03_restored.png",no_tumor,no_tumor,True,FF,0.159494
restored,salt_and_pepper_density_0_03,"C:\Users\micha\OneDrive\שולחן העבודה\wordsFiles\Brain_Mri\data\Data 1 with distortion\all_images\no_tumor__34 no_0\restoration\salt_and_pepper_density_0_03_restored.png",no_tumor,tumor,False,FT,0.910408
restored,salt_and_pepper_density_0_03,"C:\Users\micha\OneDrive\שולחן העבודה\wordsFiles\Brain_Mri\data\Data 1 with distortion\all_images\no_tumor__39 no_11\restoration\salt_and_pepper_density_0_03_restored.png",no_tumor,tumor,False,FT,0.569101
restored,salt_and_pepper_density_0_03,"C:\Users\micha\OneDrive\שולחן העבודה\wordsFiles\Brain_Mri\data\Data 1 with distortion\all_images\no_tumor__N11_25\restoration\salt_and_pepper_density_0_03_restored.png",no_tumor,tumor,False,FT,0.594445
restored,salt_and_pepper_density_0_03,"C:\Users\micha\OneDrive\שולחן העבודה\wordsFiles\Brain_Mri\data\Data 1 with distortion\all_images\no_tumor__N15_10\restoration\salt_and_pepper_density_0_03_restored.png",no_tumor,no_tumor,True,FF,0.482277
restored,salt_and_pepper_density_0_03,"C:\Users\micha\OneDrive\שולחן העבודה\wordsFiles\Brain_Mri\data\Data 1 with distortion\all_images\no_tumor__N16_26\restoration\salt_and_pepper_density_0_03_restored.png",no_tumor,tumor,False,FT,0.836636
restored,salt_and_pepper_density_0_03,"C:\Users\micha\OneDrive\שולחן העבודה\wordsFiles\Brain_Mri\data\Data 1 with distortion\all_images\no_tumor__N17_7\restoration\salt_and_pepper_density_0_03_restored.png",no_tumor,tumor,False,FT,0.834756
restored,salt_and_pepper_density_0_03,"C:\Users\micha\OneDrive\שולחן העבודה\wordsFiles\Brain_Mri\data\Data 1 with distortion\all_images\no_tumor__N21_34\restoration\salt_and_pepper_density_0_03_restored.png",no_tumor,no_tumor,True,FF,0.197077
restored,salt_and_pepper_density_0_03,"C:\Users\micha\OneDrive\שולחן העבודה\wordsFiles\Brain_Mri\data\Data 1 with distortion\all_images\no_tumor__N22_31\restoration\salt_and_pepper_density_0_03_restored.png",no_tumor,tumor,False,FT,0.736784
restored,salt_and_pepper_density_0_03,"C:\Users\micha\OneDrive\שולחן העבודה\wordsFiles\Brain_Mri\data\Data 1 with distortion\all_images\no_tumor__N26_21\restoration\salt_and_pepper_density_0_03_restored.png",no_tumor,tumor,False,FT,0.847552
restored,salt_and_pepper_density_0_03,"C:\Users\micha\OneDrive\שולחן העבודה\wordsFiles\Brain_Mri\data\Data 1 with distortion\all_images\no_tumor__No21_6\restoration\salt_and_pepper_density_0_03_restored.png",no_tumor,tumor,False,FT,0.611605
restored,salt_and_pepper_density_0_03,"C:\Users\micha\OneDrive\שולחן העבודה\wordsFiles\Brain_Mri\data\Data 1 with distortion\all_images\tumor__Y115_5\restoration\salt_and_pepper_density_0_03_restored.png",tumor,tumor,True,TT,0.845670
restored,salt_and_pepper_density_0_03,"C:\Users\micha\OneDrive\שולחן העבודה\wordsFiles\Brain_Mri\data\Data 1 with distortion\all_images\tumor__Y116_17\restoration\salt_and_pepper_density_0_03_restored.png",tumor,tumor,True,TT,0.699675
restored,salt_and_pepper_density_0_03,"C:\Users\micha\OneDrive\שולחן העבודה\wordsFiles\Brain_Mri\data\Data 1 with distortion\all_images\tumor__Y155_24\restoration\salt_and_pepper_density_0_03_restored.png",tumor,tumor,True,TT,0.982347
restored,salt_and_pepper_density_0_03,"C:\Users\micha\OneDrive\שולחן העבודה\wordsFiles\Brain_Mri\data\Data 1 with distortion\all_images\tumor__Y162_27\restoration\salt_and_pepper_density_0_03_restored.png",tumor,tumor,True,TT,0.554912
restored,salt_and_pepper_density_0_03,"C:\Users\micha\OneDrive\שולחן העבודה\wordsFiles\Brain_Mri\data\Data 1 with distortion\all_images\tumor__Y180_33\restoration\salt_and_pepper_density_0_03_restored.png",tumor,tumor,True,TT,0.999448
restored,salt_and_pepper_density_0_03,"C:\Users\micha\OneDrive\שולחן העבודה\wordsFiles\Brain_Mri\data\Data 1 with distortion\all_images\tumor__Y1_22\restoration\salt_and_pepper_density_0_03_restored.png",tumor,tumor,True,TT,0.764516
restored,salt_and_pepper_density_0_03,"C:\Users\micha\OneDrive\שולחן העבודה\wordsFiles\Brain_Mri\data\Data 1 with distortion\all_images\tumor__Y20_15\restoration\salt_and_pepper_density_0_03_restored.png",tumor,tumor,True,TT,0.824364
restored,salt_and_pepper_density_0_03,"C:\Users\micha\OneDrive\שולחן העבודה\wordsFiles\Brain_Mri\data\Data 1 with distortion\all_images\tumor__Y21_36\restoration\salt_and_pepper_density_0_03_restored.png",tumor,tumor,True,TT,0.783872
restored,salt_and_pepper_density_0_03,"C:\Users\micha\OneDrive\שולחן העבודה\wordsFiles\Brain_Mri\data\Data 1 with distortion\all_images\tumor__Y257_9\restoration\salt_and_pepper_density_0_03_restored.png",tumor,tumor,True,TT,0.885919
restored,salt_and_pepper_density_0_03,"C:\Users\micha\OneDrive\שולחן העבודה\wordsFiles\Brain_Mri\data\Data 1 with distortion\all_images\tumor__Y258_32\restoration\salt_and_pepper_density_0_03_restored.png",tumor,tumor,True,TT,0.804327
restored,salt_and_pepper_density_0_03,"C:\Users\micha\OneDrive\שולחן העבודה\wordsFiles\Brain_Mri\data\Data 1 with distortion\all_images\tumor__Y35_37\restoration\salt_and_pepper_density_0_03_restored.png",tumor,tumor,True,TT,0.754044
restored,salt_and_pepper_density_0_03,"C:\Users\micha\OneDrive\שולחן העבודה\wordsFiles\Brain_Mri\data\Data 1 with distortion\all_images\tumor__Y36_23\restoration\salt_and_pepper_density_0_03_restored.png",tumor,tumor,True,TT,0.954439
restored,salt_and_pepper_density_0_03,"C:\Users\micha\OneDrive\שולחן העבודה\wordsFiles\Brain_Mri\data\Data 1 with distortion\all_images\tumor__Y37_20\restoration\salt_and_pepper_density_0_03_restored.png",tumor,tumor,True,TT,0.973349
restored,salt_and_pepper_density_0_03,"C:\Users\micha\OneDrive\שולחן העבודה\wordsFiles\Brain_Mri\data\Data 1 with distortion\all_images\tumor__Y3_35\restoration\salt_and_pepper_density_0_03_restored.png",tumor,tumor,True,TT,0.838406
restored,salt_and_pepper_density_0_03,"C:\Users\micha\OneDrive\שולחן העבודה\wordsFiles\Brain_Mri\data\Data 1 with distortion\all_images\tumor__Y41_14\restoration\salt_and_pepper_density_0_03_restored.png",tumor,tumor,True,TT,0.966202
restored,salt_and_pepper_density_0_03,"C:\Users\micha\OneDrive\שולחן העבודה\wordsFiles\Brain_Mri\data\Data 1 with distortion\all_images\tumor__Y54_18\restoration\salt_and_pepper_density_0_03_restored.png",tumor,tumor,True,TT,0.953083
restored,salt_and_pepper_density_0_03,"C:\Users\micha\OneDrive\שולחן העבודה\wordsFiles\Brain_Mri\data\Data 1 with distortion\all_images\tumor__Y61_12\restoration\salt_and_pepper_density_0_03_restored.png",tumor,tumor,True,TT,0.821608
restored,salt_and_pepper_density_0_03,"C:\Users\micha\OneDrive\שולחן העבודה\wordsFiles\Brain_Mri\data\Data 1 with distortion\all_images\tumor__Y6_4\restoration\salt_and_pepper_density_0_03_restored.png",tumor,tumor,True,TT,0.831802
restored,salt_and_pepper_density_0_03,"C:\Users\micha\OneDrive\שולחן העבודה\wordsFiles\Brain_Mri\data\Data 1 with distortion\all_images\tumor__Y73_29\restoration\salt_and_pepper_density_0_03_restored.png",tumor,tumor,True,TT,0.872711
restored,salt_and_pepper_density_0_03,"C:\Users\micha\OneDrive\שולחן העבודה\wordsFiles\Brain_Mri\data\Data 1 with distortion\all_images\tumor__Y78_30\restoration\salt_and_pepper_density_0_03_restored.png",tumor,tumor,True,TT,0.712456
restored,salt_and_pepper_density_0_03,"C:\Users\micha\OneDrive\שולחן העבודה\wordsFiles\Brain_Mri\data\Data 1 with distortion\all_images\tumor__Y79_13\restoration\salt_and_pepper_density_0_03_restored.png",tumor,tumor,True,TT,0.965540
restored,salt_and_pepper_density_0_03,"C:\Users\micha\OneDrive\שולחן העבודה\wordsFiles\Brain_Mri\data\Data 1 with distortion\all_images\tumor__Y90_3\restoration\salt_and_pepper_density_0_03_restored.png",tumor,no_tumor,False,TF,0.334338
restored,salt_and_pepper_density_0_03,"C:\Users\micha\OneDrive\שולחן העבודה\wordsFiles\Brain_Mri\data\Data 1 with distortion\all_images\tumor__Y95_8\restoration\salt_and_pepper_density_0_03_restored.png",tumor,tumor,True,TT,0.535431
distorted,salt_and_pepper_density_0_05,"C:\Users\micha\OneDrive\שולחן העבודה\wordsFiles\Brain_Mri\data\Data 1 with distortion\all_images\no_tumor__14 no_28\distortions\salt_and_pepper_density_0_05.png",no_tumor,no_tumor,True,FF,0.004370
distorted,salt_and_pepper_density_0_05,"C:\Users\micha\OneDrive\שולחן העבודה\wordsFiles\Brain_Mri\data\Data 1 with distortion\all_images\no_tumor__19 no_16\distortions\salt_and_pepper_density_0_05.png",no_tumor,no_tumor,True,FF,0.000709
distorted,salt_and_pepper_density_0_05,"C:\Users\micha\OneDrive\שולחן העבודה\wordsFiles\Brain_Mri\data\Data 1 with distortion\all_images\no_tumor__20 no_19\distortions\salt_and_pepper_density_0_05.png",no_tumor,no_tumor,True,FF,0.048664
distorted,salt_and_pepper_density_0_05,"C:\Users\micha\OneDrive\שולחן העבודה\wordsFiles\Brain_Mri\data\Data 1 with distortion\all_images\no_tumor__27 no_2\distortions\salt_and_pepper_density_0_05.png",no_tumor,no_tumor,True,FF,0.002997
distorted,salt_and_pepper_density_0_05,"C:\Users\micha\OneDrive\שולחן העבודה\wordsFiles\Brain_Mri\data\Data 1 with distortion\all_images\no_tumor__32 no_1\distortions\salt_and_pepper_density_0_05.png",no_tumor,no_tumor,True,FF,0.000871
distorted,salt_and_pepper_density_0_05,"C:\Users\micha\OneDrive\שולחן העבודה\wordsFiles\Brain_Mri\data\Data 1 with distortion\all_images\no_tumor__34 no_0\distortions\salt_and_pepper_density_0_05.png",no_tumor,no_tumor,True,FF,0.007931
distorted,salt_and_pepper_density_0_05,"C:\Users\micha\OneDrive\שולחן העבודה\wordsFiles\Brain_Mri\data\Data 1 with distortion\all_images\no_tumor__39 no_11\distortions\salt_and_pepper_density_0_05.png",no_tumor,no_tumor,True,FF,0.002794
distorted,salt_and_pepper_density_0_05,"C:\Users\micha\OneDrive\שולחן העבודה\wordsFiles\Brain_Mri\data\Data 1 with distortion\all_images\no_tumor__N11_25\distortions\salt_and_pepper_density_0_05.png",no_tumor,no_tumor,True,FF,0.002851
distorted,salt_and_pepper_density_0_05,"C:\Users\micha\OneDrive\שולחן העבודה\wordsFiles\Brain_Mri\data\Data 1 with distortion\all_images\no_tumor__N15_10\distortions\salt_and_pepper_density_0_05.png",no_tumor,no_tumor,True,FF,0.014849
distorted,salt_and_pepper_density_0_05,"C:\Users\micha\OneDrive\שולחן העבודה\wordsFiles\Brain_Mri\data\Data 1 with distortion\all_images\no_tumor__N16_26\distortions\salt_and_pepper_density_0_05.png",no_tumor,no_tumor,True,FF,0.005752
distorted,salt_and_pepper_density_0_05,"C:\Users\micha\OneDrive\שולחן העבודה\wordsFiles\Brain_Mri\data\Data 1 with distortion\all_images\no_tumor__N17_7\distortions\salt_and_pepper_density_0_05.png",no_tumor,no_tumor,True,FF,0.005526
distorted,salt_and_pepper_density_0_05,"C:\Users\micha\OneDrive\שולחן העבודה\wordsFiles\Brain_Mri\data\Data 1 with distortion\all_images\no_tumor__N21_34\distortions\salt_and_pepper_density_0_05.png",no_tumor,no_tumor,True,FF,0.002383
distorted,salt_and_pepper_density_0_05,"C:\Users\micha\OneDrive\שולחן העבודה\wordsFiles\Brain_Mri\data\Data 1 with distortion\all_images\no_tumor__N22_31\distortions\salt_and_pepper_density_0_05.png",no_tumor,no_tumor,True,FF,0.002982
distorted,salt_and_pepper_density_0_05,"C:\Users\micha\OneDrive\שולחן העבודה\wordsFiles\Brain_Mri\data\Data 1 with distortion\all_images\no_tumor__N26_21\distortions\salt_and_pepper_density_0_05.png",no_tumor,no_tumor,True,FF,0.104388
distorted,salt_and_pepper_density_0_05,"C:\Users\micha\OneDrive\שולחן העבודה\wordsFiles\Brain_Mri\data\Data 1 with distortion\all_images\no_tumor__No21_6\distortions\salt_and_pepper_density_0_05.png",no_tumor,no_tumor,True,FF,0.002826
distorted,salt_and_pepper_density_0_05,"C:\Users\micha\OneDrive\שולחן העבודה\wordsFiles\Brain_Mri\data\Data 1 with distortion\all_images\tumor__Y115_5\distortions\salt_and_pepper_density_0_05.png",tumor,no_tumor,False,TF,0.056492
distorted,salt_and_pepper_density_0_05,"C:\Users\micha\OneDrive\שולחן העבודה\wordsFiles\Brain_Mri\data\Data 1 with distortion\all_images\tumor__Y116_17\distortions\salt_and_pepper_density_0_05.png",tumor,no_tumor,False,TF,0.025370
distorted,salt_and_pepper_density_0_05,"C:\Users\micha\OneDrive\שולחן העבודה\wordsFiles\Brain_Mri\data\Data 1 with distortion\all_images\tumor__Y155_24\distortions\salt_and_pepper_density_0_05.png",tumor,no_tumor,False,TF,0.177813
distorted,salt_and_pepper_density_0_05,"C:\Users\micha\OneDrive\שולחן העבודה\wordsFiles\Brain_Mri\data\Data 1 with distortion\all_images\tumor__Y162_27\distortions\salt_and_pepper_density_0_05.png",tumor,no_tumor,False,TF,0.005768
distorted,salt_and_pepper_density_0_05,"C:\Users\micha\OneDrive\שולחן העבודה\wordsFiles\Brain_Mri\data\Data 1 with distortion\all_images\tumor__Y180_33\distortions\salt_and_pepper_density_0_05.png",tumor,tumor,True,TT,0.876678
distorted,salt_and_pepper_density_0_05,"C:\Users\micha\OneDrive\שולחן העבודה\wordsFiles\Brain_Mri\data\Data 1 with distortion\all_images\tumor__Y1_22\distortions\salt_and_pepper_density_0_05.png",tumor,no_tumor,False,TF,0.040085
distorted,salt_and_pepper_density_0_05,"C:\Users\micha\OneDrive\שולחן העבודה\wordsFiles\Brain_Mri\data\Data 1 with distortion\all_images\tumor__Y20_15\distortions\salt_and_pepper_density_0_05.png",tumor,no_tumor,False,TF,0.023734
distorted,salt_and_pepper_density_0_05,"C:\Users\micha\OneDrive\שולחן העבודה\wordsFiles\Brain_Mri\data\Data 1 with distortion\all_images\tumor__Y21_36\distortions\salt_and_pepper_density_0_05.png",tumor,no_tumor,False,TF,0.173937
distorted,salt_and_pepper_density_0_05,"C:\Users\micha\OneDrive\שולחן העבודה\wordsFiles\Brain_Mri\data\Data 1 with distortion\all_images\tumor__Y257_9\distortions\salt_and_pepper_density_0_05.png",tumor,no_tumor,False,TF,0.006643
distorted,salt_and_pepper_density_0_05,"C:\Users\micha\OneDrive\שולחן העבודה\wordsFiles\Brain_Mri\data\Data 1 with distortion\all_images\tumor__Y258_32\distortions\salt_and_pepper_density_0_05.png",tumor,no_tumor,False,TF,0.009020
distorted,salt_and_pepper_density_0_05,"C:\Users\micha\OneDrive\שולחן העבודה\wordsFiles\Brain_Mri\data\Data 1 with distortion\all_images\tumor__Y35_37\distortions\salt_and_pepper_density_0_05.png",tumor,no_tumor,False,TF,0.005569
distorted,salt_and_pepper_density_0_05,"C:\Users\micha\OneDrive\שולחן העבודה\wordsFiles\Brain_Mri\data\Data 1 with distortion\all_images\tumor__Y36_23\distortions\salt_and_pepper_density_0_05.png",tumor,no_tumor,False,TF,0.299079
distorted,salt_and_pepper_density_0_05,"C:\Users\micha\OneDrive\שולחן העבודה\wordsFiles\Brain_Mri\data\Data 1 with distortion\all_images\tumor__Y37_20\distortions\salt_and_pepper_density_0_05.png",tumor,no_tumor,False,TF,0.473529
distorted,salt_and_pepper_density_0_05,"C:\Users\micha\OneDrive\שולחן העבודה\wordsFiles\Brain_Mri\data\Data 1 with distortion\all_images\tumor__Y3_35\distortions\salt_and_pepper_density_0_05.png",tumor,no_tumor,False,TF,0.009816
distorted,salt_and_pepper_density_0_05,"C:\Users\micha\OneDrive\שולחן העבודה\wordsFiles\Brain_Mri\data\Data 1 with distortion\all_images\tumor__Y41_14\distortions\salt_and_pepper_density_0_05.png",tumor,no_tumor,False,TF,0.122464
distorted,salt_and_pepper_density_0_05,"C:\Users\micha\OneDrive\שולחן העבודה\wordsFiles\Brain_Mri\data\Data 1 with distortion\all_images\tumor__Y54_18\distortions\salt_and_pepper_density_0_05.png",tumor,no_tumor,False,TF,0.013681
distorted,salt_and_pepper_density_0_05,"C:\Users\micha\OneDrive\שולחן העבודה\wordsFiles\Brain_Mri\data\Data 1 with distortion\all_images\tumor__Y61_12\distortions\salt_and_pepper_density_0_05.png",tumor,no_tumor,False,TF,0.019295
distorted,salt_and_pepper_density_0_05,"C:\Users\micha\OneDrive\שולחן העבודה\wordsFiles\Brain_Mri\data\Data 1 with distortion\all_images\tumor__Y6_4\distortions\salt_and_pepper_density_0_05.png",tumor,no_tumor,False,TF,0.005497
distorted,salt_and_pepper_density_0_05,"C:\Users\micha\OneDrive\שולחן העבודה\wordsFiles\Brain_Mri\data\Data 1 with distortion\all_images\tumor__Y73_29\distortions\salt_and_pepper_density_0_05.png",tumor,no_tumor,False,TF,0.166794
distorted,salt_and_pepper_density_0_05,"C:\Users\micha\OneDrive\שולחן העבודה\wordsFiles\Brain_Mri\data\Data 1 with distortion\all_images\tumor__Y78_30\distortions\salt_and_pepper_density_0_05.png",tumor,no_tumor,False,TF,0.006662
distorted,salt_and_pepper_density_0_05,"C:\Users\micha\OneDrive\שולחן העבודה\wordsFiles\Brain_Mri\data\Data 1 with distortion\all_images\tumor__Y79_13\distortions\salt_and_pepper_density_0_05.png",tumor,no_tumor,False,TF,0.120669
distorted,salt_and_pepper_density_0_05,"C:\Users\micha\OneDrive\שולחן העבודה\wordsFiles\Brain_Mri\data\Data 1 with distortion\all_images\tumor__Y90_3\distortions\salt_and_pepper_density_0_05.png",tumor,no_tumor,False,TF,0.004716
distorted,salt_and_pepper_density_0_05,"C:\Users\micha\OneDrive\שולחן העבודה\wordsFiles\Brain_Mri\data\Data 1 with distortion\all_images\tumor__Y95_8\distortions\salt_and_pepper_density_0_05.png",tumor,no_tumor,False,TF,0.001850
restored,salt_and_pepper_density_0_05,"C:\Users\micha\OneDrive\שולחן העבודה\wordsFiles\Brain_Mri\data\Data 1 with distortion\all_images\no_tumor__14 no_28\restoration\salt_and_pepper_density_0_05_restored.png",no_tumor,no_tumor,True,FF,0.289289
restored,salt_and_pepper_density_0_05,"C:\Users\micha\OneDrive\שולחן העבודה\wordsFiles\Brain_Mri\data\Data 1 with distortion\all_images\no_tumor__19 no_16\restoration\salt_and_pepper_density_0_05_restored.png",no_tumor,no_tumor,True,FF,0.189965
restored,salt_and_pepper_density_0_05,"C:\Users\micha\OneDrive\שולחן העבודה\wordsFiles\Brain_Mri\data\Data 1 with distortion\all_images\no_tumor__20 no_19\restoration\salt_and_pepper_density_0_05_restored.png",no_tumor,tumor,False,FT,0.527723
restored,salt_and_pepper_density_0_05,"C:\Users\micha\OneDrive\שולחן העבודה\wordsFiles\Brain_Mri\data\Data 1 with distortion\all_images\no_tumor__27 no_2\restoration\salt_and_pepper_density_0_05_restored.png",no_tumor,no_tumor,True,FF,0.452237
restored,salt_and_pepper_density_0_05,"C:\Users\micha\OneDrive\שולחן העבודה\wordsFiles\Brain_Mri\data\Data 1 with distortion\all_images\no_tumor__32 no_1\restoration\salt_and_pepper_density_0_05_restored.png",no_tumor,no_tumor,True,FF,0.157626
restored,salt_and_pepper_density_0_05,"C:\Users\micha\OneDrive\שולחן העבודה\wordsFiles\Brain_Mri\data\Data 1 with distortion\all_images\no_tumor__34 no_0\restoration\salt_and_pepper_density_0_05_restored.png",no_tumor,tumor,False,FT,0.909824
restored,salt_and_pepper_density_0_05,"C:\Users\micha\OneDrive\שולחן העבודה\wordsFiles\Brain_Mri\data\Data 1 with distortion\all_images\no_tumor__39 no_11\restoration\salt_and_pepper_density_0_05_restored.png",no_tumor,tumor,False,FT,0.567872
restored,salt_and_pepper_density_0_05,"C:\Users\micha\OneDrive\שולחן העבודה\wordsFiles\Brain_Mri\data\Data 1 with distortion\all_images\no_tumor__N11_25\restoration\salt_and_pepper_density_0_05_restored.png",no_tumor,tumor,False,FT,0.591732
restored,salt_and_pepper_density_0_05,"C:\Users\micha\OneDrive\שולחן העבודה\wordsFiles\Brain_Mri\data\Data 1 with distortion\all_images\no_tumor__N15_10\restoration\salt_and_pepper_density_0_05_restored.png",no_tumor,no_tumor,True,FF,0.481242
restored,salt_and_pepper_density_0_05,"C:\Users\micha\OneDrive\שולחן העבודה\wordsFiles\Brain_Mri\data\Data 1 with distortion\all_images\no_tumor__N16_26\restoration\salt_and_pepper_density_0_05_restored.png",no_tumor,tumor,False,FT,0.834030
restored,salt_and_pepper_density_0_05,"C:\Users\micha\OneDrive\שולחן העבודה\wordsFiles\Brain_Mri\data\Data 1 with distortion\all_images\no_tumor__N17_7\restoration\salt_and_pepper_density_0_05_restored.png",no_tumor,tumor,False,FT,0.831654
restored,salt_and_pepper_density_0_05,"C:\Users\micha\OneDrive\שולחן העבודה\wordsFiles\Brain_Mri\data\Data 1 with distortion\all_images\no_tumor__N21_34\restoration\salt_and_pepper_density_0_05_restored.png",no_tumor,no_tumor,True,FF,0.195351
restored,salt_and_pepper_density_0_05,"C:\Users\micha\OneDrive\שולחן העבודה\wordsFiles\Brain_Mri\data\Data 1 with distortion\all_images\no_tumor__N22_31\restoration\salt_and_pepper_density_0_05_restored.png",no_tumor,tumor,False,FT,0.736570
restored,salt_and_pepper_density_0_05,"C:\Users\micha\OneDrive\שולחן העבודה\wordsFiles\Brain_Mri\data\Data 1 with distortion\all_images\no_tumor__N26_21\restoration\salt_and_pepper_density_0_05_restored.png",no_tumor,tumor,False,FT,0.847769
restored,salt_and_pepper_density_0_05,"C:\Users\micha\OneDrive\שולחן העבודה\wordsFiles\Brain_Mri\data\Data 1 with distortion\all_images\no_tumor__No21_6\restoration\salt_and_pepper_density_0_05_restored.png",no_tumor,tumor,False,FT,0.607627
restored,salt_and_pepper_density_0_05,"C:\Users\micha\OneDrive\שולחן העבודה\wordsFiles\Brain_Mri\data\Data 1 with distortion\all_images\tumor__Y115_5\restoration\salt_and_pepper_density_0_05_restored.png",tumor,tumor,True,TT,0.843793
restored,salt_and_pepper_density_0_05,"C:\Users\micha\OneDrive\שולחן העבודה\wordsFiles\Brain_Mri\data\Data 1 with distortion\all_images\tumor__Y116_17\restoration\salt_and_pepper_density_0_05_restored.png",tumor,tumor,True,TT,0.698716
restored,salt_and_pepper_density_0_05,"C:\Users\micha\OneDrive\שולחן העבודה\wordsFiles\Brain_Mri\data\Data 1 with distortion\all_images\tumor__Y155_24\restoration\salt_and_pepper_density_0_05_restored.png",tumor,tumor,True,TT,0.982290
restored,salt_and_pepper_density_0_05,"C:\Users\micha\OneDrive\שולחן העבודה\wordsFiles\Brain_Mri\data\Data 1 with distortion\all_images\tumor__Y162_27\restoration\salt_and_pepper_density_0_05_restored.png",tumor,tumor,True,TT,0.549522
restored,salt_and_pepper_density_0_05,"C:\Users\micha\OneDrive\שולחן העבודה\wordsFiles\Brain_Mri\data\Data 1 with distortion\all_images\tumor__Y180_33\restoration\salt_and_pepper_density_0_05_restored.png",tumor,tumor,True,TT,0.999444
restored,salt_and_pepper_density_0_05,"C:\Users\micha\OneDrive\שולחן העבודה\wordsFiles\Brain_Mri\data\Data 1 with distortion\all_images\tumor__Y1_22\restoration\salt_and_pepper_density_0_05_restored.png",tumor,tumor,True,TT,0.761497
restored,salt_and_pepper_density_0_05,"C:\Users\micha\OneDrive\שולחן העבודה\wordsFiles\Brain_Mri\data\Data 1 with distortion\all_images\tumor__Y20_15\restoration\salt_and_pepper_density_0_05_restored.png",tumor,tumor,True,TT,0.823284
restored,salt_and_pepper_density_0_05,"C:\Users\micha\OneDrive\שולחן העבודה\wordsFiles\Brain_Mri\data\Data 1 with distortion\all_images\tumor__Y21_36\restoration\salt_and_pepper_density_0_05_restored.png",tumor,tumor,True,TT,0.781754
restored,salt_and_pepper_density_0_05,"C:\Users\micha\OneDrive\שולחן העבודה\wordsFiles\Brain_Mri\data\Data 1 with distortion\all_images\tumor__Y257_9\restoration\salt_and_pepper_density_0_05_restored.png",tumor,tumor,True,TT,0.884186
restored,salt_and_pepper_density_0_05,"C:\Users\micha\OneDrive\שולחן העבודה\wordsFiles\Brain_Mri\data\Data 1 with distortion\all_images\tumor__Y258_32\restoration\salt_and_pepper_density_0_05_restored.png",tumor,tumor,True,TT,0.802226
restored,salt_and_pepper_density_0_05,"C:\Users\micha\OneDrive\שולחן העבודה\wordsFiles\Brain_Mri\data\Data 1 with distortion\all_images\tumor__Y35_37\restoration\salt_and_pepper_density_0_05_restored.png",tumor,tumor,True,TT,0.751467
restored,salt_and_pepper_density_0_05,"C:\Users\micha\OneDrive\שולחן העבודה\wordsFiles\Brain_Mri\data\Data 1 with distortion\all_images\tumor__Y36_23\restoration\salt_and_pepper_density_0_05_restored.png",tumor,tumor,True,TT,0.954256
restored,salt_and_pepper_density_0_05,"C:\Users\micha\OneDrive\שולחן העבודה\wordsFiles\Brain_Mri\data\Data 1 with distortion\all_images\tumor__Y37_20\restoration\salt_and_pepper_density_0_05_restored.png",tumor,tumor,True,TT,0.972869
restored,salt_and_pepper_density_0_05,"C:\Users\micha\OneDrive\שולחן העבודה\wordsFiles\Brain_Mri\data\Data 1 with distortion\all_images\tumor__Y3_35\restoration\salt_and_pepper_density_0_05_restored.png",tumor,tumor,True,TT,0.836649
restored,salt_and_pepper_density_0_05,"C:\Users\micha\OneDrive\שולחן העבודה\wordsFiles\Brain_Mri\data\Data 1 with distortion\all_images\tumor__Y41_14\restoration\salt_and_pepper_density_0_05_restored.png",tumor,tumor,True,TT,0.965820
restored,salt_and_pepper_density_0_05,"C:\Users\micha\OneDrive\שולחן העבודה\wordsFiles\Brain_Mri\data\Data 1 with distortion\all_images\tumor__Y54_18\restoration\salt_and_pepper_density_0_05_restored.png",tumor,tumor,True,TT,0.952148
restored,salt_and_pepper_density_0_05,"C:\Users\micha\OneDrive\שולחן העבודה\wordsFiles\Brain_Mri\data\Data 1 with distortion\all_images\tumor__Y61_12\restoration\salt_and_pepper_density_0_05_restored.png",tumor,tumor,True,TT,0.818470
restored,salt_and_pepper_density_0_05,"C:\Users\micha\OneDrive\שולחן העבודה\wordsFiles\Brain_Mri\data\Data 1 with distortion\all_images\tumor__Y6_4\restoration\salt_and_pepper_density_0_05_restored.png",tumor,tumor,True,TT,0.830897
restored,salt_and_pepper_density_0_05,"C:\Users\micha\OneDrive\שולחן העבודה\wordsFiles\Brain_Mri\data\Data 1 with distortion\all_images\tumor__Y73_29\restoration\salt_and_pepper_density_0_05_restored.png",tumor,tumor,True,TT,0.869780
restored,salt_and_pepper_density_0_05,"C:\Users\micha\OneDrive\שולחן העבודה\wordsFiles\Brain_Mri\data\Data 1 with distortion\all_images\tumor__Y78_30\restoration\salt_and_pepper_density_0_05_restored.png",tumor,tumor,True,TT,0.709291
restored,salt_and_pepper_density_0_05,"C:\Users\micha\OneDrive\שולחן העבודה\wordsFiles\Brain_Mri\data\Data 1 with distortion\all_images\tumor__Y79_13\restoration\salt_and_pepper_density_0_05_restored.png",tumor,tumor,True,TT,0.965527
restored,salt_and_pepper_density_0_05,"C:\Users\micha\OneDrive\שולחן העבודה\wordsFiles\Brain_Mri\data\Data 1 with distortion\all_images\tumor__Y90_3\restoration\salt_and_pepper_density_0_05_restored.png",tumor,no_tumor,False,TF,0.333620
restored,salt_and_pepper_density_0_05,"C:\Users\micha\OneDrive\שולחן העבודה\wordsFiles\Brain_Mri\data\Data 1 with distortion\all_images\tumor__Y95_8\restoration\salt_and_pepper_density_0_05_restored.png",tumor,tumor,True,TT,0.532980
distorted,salt_and_pepper_density_0_10,"C:\Users\micha\OneDrive\שולחן העבודה\wordsFiles\Brain_Mri\data\Data 1 with distortion\all_images\no_tumor__14 no_28\distortions\salt_and_pepper_density_0_10.png",no_tumor,no_tumor,True,FF,0.001272
distorted,salt_and_pepper_density_0_10,"C:\Users\micha\OneDrive\שולחן העבודה\wordsFiles\Brain_Mri\data\Data 1 with distortion\all_images\no_tumor__19 no_16\distortions\salt_and_pepper_density_0_10.png",no_tumor,no_tumor,True,FF,0.000150
distorted,salt_and_pepper_density_0_10,"C:\Users\micha\OneDrive\שולחן העבודה\wordsFiles\Brain_Mri\data\Data 1 with distortion\all_images\no_tumor__20 no_19\distortions\salt_and_pepper_density_0_10.png",no_tumor,no_tumor,True,FF,0.021306
distorted,salt_and_pepper_density_0_10,"C:\Users\micha\OneDrive\שולחן העבודה\wordsFiles\Brain_Mri\data\Data 1 with distortion\all_images\no_tumor__27 no_2\distortions\salt_and_pepper_density_0_10.png",no_tumor,no_tumor,True,FF,0.000649
distorted,salt_and_pepper_density_0_10,"C:\Users\micha\OneDrive\שולחן העבודה\wordsFiles\Brain_Mri\data\Data 1 with distortion\all_images\no_tumor__32 no_1\distortions\salt_and_pepper_density_0_10.png",no_tumor,no_tumor,True,FF,0.000191
distorted,salt_and_pepper_density_0_10,"C:\Users\micha\OneDrive\שולחן העבודה\wordsFiles\Brain_Mri\data\Data 1 with distortion\all_images\no_tumor__34 no_0\distortions\salt_and_pepper_density_0_10.png",no_tumor,no_tumor,True,FF,0.000662
distorted,salt_and_pepper_density_0_10,"C:\Users\micha\OneDrive\שולחן העבודה\wordsFiles\Brain_Mri\data\Data 1 with distortion\all_images\no_tumor__39 no_11\distortions\salt_and_pepper_density_0_10.png",no_tumor,no_tumor,True,FF,0.000626
distorted,salt_and_pepper_density_0_10,"C:\Users\micha\OneDrive\שולחן העבודה\wordsFiles\Brain_Mri\data\Data 1 with distortion\all_images\no_tumor__N11_25\distortions\salt_and_pepper_density_0_10.png",no_tumor,no_tumor,True,FF,0.000430
distorted,salt_and_pepper_density_0_10,"C:\Users\micha\OneDrive\שולחן העבודה\wordsFiles\Brain_Mri\data\Data 1 with distortion\all_images\no_tumor__N15_10\distortions\salt_and_pepper_density_0_10.png",no_tumor,no_tumor,True,FF,0.005342
distorted,salt_and_pepper_density_0_10,"C:\Users\micha\OneDrive\שולחן העבודה\wordsFiles\Brain_Mri\data\Data 1 with distortion\all_images\no_tumor__N16_26\distortions\salt_and_pepper_density_0_10.png",no_tumor,no_tumor,True,FF,0.000805
distorted,salt_and_pepper_density_0_10,"C:\Users\micha\OneDrive\שולחן העבודה\wordsFiles\Brain_Mri\data\Data 1 with distortion\all_images\no_tumor__N17_7\distortions\salt_and_pepper_density_0_10.png",no_tumor,no_tumor,True,FF,0.000795
distorted,salt_and_pepper_density_0_10,"C:\Users\micha\OneDrive\שולחן העבודה\wordsFiles\Brain_Mri\data\Data 1 with distortion\all_images\no_tumor__N21_34\distortions\salt_and_pepper_density_0_10.png",no_tumor,no_tumor,True,FF,0.000787
distorted,salt_and_pepper_density_0_10,"C:\Users\micha\OneDrive\שולחן העבודה\wordsFiles\Brain_Mri\data\Data 1 with distortion\all_images\no_tumor__N22_31\distortions\salt_and_pepper_density_0_10.png",no_tumor,no_tumor,True,FF,0.000330
distorted,salt_and_pepper_density_0_10,"C:\Users\micha\OneDrive\שולחן העבודה\wordsFiles\Brain_Mri\data\Data 1 with distortion\all_images\no_tumor__N26_21\distortions\salt_and_pepper_density_0_10.png",no_tumor,no_tumor,True,FF,0.036954
distorted,salt_and_pepper_density_0_10,"C:\Users\micha\OneDrive\שולחן העבודה\wordsFiles\Brain_Mri\data\Data 1 with distortion\all_images\no_tumor__No21_6\distortions\salt_and_pepper_density_0_10.png",no_tumor,no_tumor,True,FF,0.000580
distorted,salt_and_pepper_density_0_10,"C:\Users\micha\OneDrive\שולחן העבודה\wordsFiles\Brain_Mri\data\Data 1 with distortion\all_images\tumor__Y115_5\distortions\salt_and_pepper_density_0_10.png",tumor,no_tumor,False,TF,0.016861
distorted,salt_and_pepper_density_0_10,"C:\Users\micha\OneDrive\שולחן העבודה\wordsFiles\Brain_Mri\data\Data 1 with distortion\all_images\tumor__Y116_17\distortions\salt_and_pepper_density_0_10.png",tumor,no_tumor,False,TF,0.008008
distorted,salt_and_pepper_density_0_10,"C:\Users\micha\OneDrive\שולחן העבודה\wordsFiles\Brain_Mri\data\Data 1 with distortion\all_images\tumor__Y155_24\distortions\salt_and_pepper_density_0_10.png",tumor,no_tumor,False,TF,0.032985
distorted,salt_and_pepper_density_0_10,"C:\Users\micha\OneDrive\שולחן העבודה\wordsFiles\Brain_Mri\data\Data 1 with distortion\all_images\tumor__Y162_27\distortions\salt_and_pepper_density_0_10.png",tumor,no_tumor,False,TF,0.001488
distorted,salt_and_pepper_density_0_10,"C:\Users\micha\OneDrive\שולחן העבודה\wordsFiles\Brain_Mri\data\Data 1 with distortion\all_images\tumor__Y180_33\distortions\salt_and_pepper_density_0_10.png",tumor,no_tumor,False,TF,0.385753
distorted,salt_and_pepper_density_0_10,"C:\Users\micha\OneDrive\שולחן העבודה\wordsFiles\Brain_Mri\data\Data 1 with distortion\all_images\tumor__Y1_22\distortions\salt_and_pepper_density_0_10.png",tumor,no_tumor,False,TF,0.011150
distorted,salt_and_pepper_density_0_10,"C:\Users\micha\OneDrive\שולחן העבודה\wordsFiles\Brain_Mri\data\Data 1 with distortion\all_images\tumor__Y20_15\distortions\salt_and_pepper_density_0_10.png",tumor,no_tumor,False,TF,0.004415
distorted,salt_and_pepper_density_0_10,"C:\Users\micha\OneDrive\שולחן העבודה\wordsFiles\Brain_Mri\data\Data 1 with distortion\all_images\tumor__Y21_36\distortions\salt_and_pepper_density_0_10.png",tumor,no_tumor,False,TF,0.088873
distorted,salt_and_pepper_density_0_10,"C:\Users\micha\OneDrive\שולחן העבודה\wordsFiles\Brain_Mri\data\Data 1 with distortion\all_images\tumor__Y257_9\distortions\salt_and_pepper_density_0_10.png",tumor,no_tumor,False,TF,0.000672
distorted,salt_and_pepper_density_0_10,"C:\Users\micha\OneDrive\שולחן העבודה\wordsFiles\Brain_Mri\data\Data 1 with distortion\all_images\tumor__Y258_32\distortions\salt_and_pepper_density_0_10.png",tumor,no_tumor,False,TF,0.001102
distorted,salt_and_pepper_density_0_10,"C:\Users\micha\OneDrive\שולחן העבודה\wordsFiles\Brain_Mri\data\Data 1 with distortion\all_images\tumor__Y35_37\distortions\salt_and_pepper_density_0_10.png",tumor,no_tumor,False,TF,0.000701
distorted,salt_and_pepper_density_0_10,"C:\Users\micha\OneDrive\שולחן העבודה\wordsFiles\Brain_Mri\data\Data 1 with distortion\all_images\tumor__Y36_23\distortions\salt_and_pepper_density_0_10.png",tumor,no_tumor,False,TF,0.095009
distorted,salt_and_pepper_density_0_10,"C:\Users\micha\OneDrive\שולחן העבודה\wordsFiles\Brain_Mri\data\Data 1 with distortion\all_images\tumor__Y37_20\distortions\salt_and_pepper_density_0_10.png",tumor,no_tumor,False,TF,0.221602
distorted,salt_and_pepper_density_0_10,"C:\Users\micha\OneDrive\שולחן העבודה\wordsFiles\Brain_Mri\data\Data 1 with distortion\all_images\tumor__Y3_35\distortions\salt_and_pepper_density_0_10.png",tumor,no_tumor,False,TF,0.001199
distorted,salt_and_pepper_density_0_10,"C:\Users\micha\OneDrive\שולחן העבודה\wordsFiles\Brain_Mri\data\Data 1 with distortion\all_images\tumor__Y41_14\distortions\salt_and_pepper_density_0_10.png",tumor,no_tumor,False,TF,0.023569
distorted,salt_and_pepper_density_0_10,"C:\Users\micha\OneDrive\שולחן העבודה\wordsFiles\Brain_Mri\data\Data 1 with distortion\all_images\tumor__Y54_18\distortions\salt_and_pepper_density_0_10.png",tumor,no_tumor,False,TF,0.001214
distorted,salt_and_pepper_density_0_10,"C:\Users\micha\OneDrive\שולחן העבודה\wordsFiles\Brain_Mri\data\Data 1 with distortion\all_images\tumor__Y61_12\distortions\salt_and_pepper_density_0_10.png",tumor,no_tumor,False,TF,0.003179
distorted,salt_and_pepper_density_0_10,"C:\Users\micha\OneDrive\שולחן העבודה\wordsFiles\Brain_Mri\data\Data 1 with distortion\all_images\tumor__Y6_4\distortions\salt_and_pepper_density_0_10.png",tumor,no_tumor,False,TF,0.000551
distorted,salt_and_pepper_density_0_10,"C:\Users\micha\OneDrive\שולחן העבודה\wordsFiles\Brain_Mri\data\Data 1 with distortion\all_images\tumor__Y73_29\distortions\salt_and_pepper_density_0_10.png",tumor,no_tumor,False,TF,0.081130
distorted,salt_and_pepper_density_0_10,"C:\Users\micha\OneDrive\שולחן העבודה\wordsFiles\Brain_Mri\data\Data 1 with distortion\all_images\tumor__Y78_30\distortions\salt_and_pepper_density_0_10.png",tumor,no_tumor,False,TF,0.001335
distorted,salt_and_pepper_density_0_10,"C:\Users\micha\OneDrive\שולחן העבודה\wordsFiles\Brain_Mri\data\Data 1 with distortion\all_images\tumor__Y79_13\distortions\salt_and_pepper_density_0_10.png",tumor,no_tumor,False,TF,0.026039
distorted,salt_and_pepper_density_0_10,"C:\Users\micha\OneDrive\שולחן העבודה\wordsFiles\Brain_Mri\data\Data 1 with distortion\all_images\tumor__Y90_3\distortions\salt_and_pepper_density_0_10.png",tumor,no_tumor,False,TF,0.001412
distorted,salt_and_pepper_density_0_10,"C:\Users\micha\OneDrive\שולחן העבודה\wordsFiles\Brain_Mri\data\Data 1 with distortion\all_images\tumor__Y95_8\distortions\salt_and_pepper_density_0_10.png",tumor,no_tumor,False,TF,0.000313
restored,salt_and_pepper_density_0_10,"C:\Users\micha\OneDrive\שולחן העבודה\wordsFiles\Brain_Mri\data\Data 1 with distortion\all_images\no_tumor__14 no_28\restoration\salt_and_pepper_density_0_10_restored.png",no_tumor,no_tumor,True,FF,0.281360
restored,salt_and_pepper_density_0_10,"C:\Users\micha\OneDrive\שולחן העבודה\wordsFiles\Brain_Mri\data\Data 1 with distortion\all_images\no_tumor__19 no_16\restoration\salt_and_pepper_density_0_10_restored.png",no_tumor,no_tumor,True,FF,0.183339
restored,salt_and_pepper_density_0_10,"C:\Users\micha\OneDrive\שולחן העבודה\wordsFiles\Brain_Mri\data\Data 1 with distortion\all_images\no_tumor__20 no_19\restoration\salt_and_pepper_density_0_10_restored.png",no_tumor,tumor,False,FT,0.519986
restored,salt_and_pepper_density_0_10,"C:\Users\micha\OneDrive\שולחן העבודה\wordsFiles\Brain_Mri\data\Data 1 with distortion\all_images\no_tumor__27 no_2\restoration\salt_and_pepper_density_0_10_restored.png",no_tumor,no_tumor,True,FF,0.439768
restored,salt_and_pepper_density_0_10,"C:\Users\micha\OneDrive\שולחן העבודה\wordsFiles\Brain_Mri\data\Data 1 with distortion\all_images\no_tumor__32 no_1\restoration\salt_and_pepper_density_0_10_restored.png",no_tumor,no_tumor,True,FF,0.150223
restored,salt_and_pepper_density_0_10,"C:\Users\micha\OneDrive\שולחן העבודה\wordsFiles\Brain_Mri\data\Data 1 with distortion\all_images\no_tumor__34 no_0\restoration\salt_and_pepper_density_0_10_restored.png",no_tumor,tumor,False,FT,0.907488
restored,salt_and_pepper_density_0_10,"C:\Users\micha\OneDrive\שולחן העבודה\wordsFiles\Brain_Mri\data\Data 1 with distortion\all_images\no_tumor__39 no_11\restoration\salt_and_pepper_density_0_10_restored.png",no_tumor,tumor,False,FT,0.552233
restored,salt_and_pepper_density_0_10,"C:\Users\micha\OneDrive\שולחן העבודה\wordsFiles\Brain_Mri\data\Data 1 with distortion\all_images\no_tumor__N11_25\restoration\salt_and_pepper_density_0_10_restored.png",no_tumor,tumor,False,FT,0.577057
restored,salt_and_pepper_density_0_10,"C:\Users\micha\OneDrive\שולחן העבודה\wordsFiles\Brain_Mri\data\Data 1 with distortion\all_images\no_tumor__N15_10\restoration\salt_and_pepper_density_0_10_restored.png",no_tumor,no_tumor,True,FF,0.466983
restored,salt_and_pepper_density_0_10,"C:\Users\micha\OneDrive\שולחן העבודה\wordsFiles\Brain_Mri\data\Data 1 with distortion\all_images\no_tumor__N16_26\restoration\salt_and_pepper_density_0_10_restored.png",no_tumor,tumor,False,FT,0.827742
restored,salt_and_pepper_density_0_10,"C:\Users\micha\OneDrive\שולחן העבודה\wordsFiles\Brain_Mri\data\Data 1 with distortion\all_images\no_tumor__N17_7\restoration\salt_and_pepper_density_0_10_restored.png",no_tumor,tumor,False,FT,0.825021
restored,salt_and_pepper_density_0_10,"C:\Users\micha\OneDrive\שולחן העבודה\wordsFiles\Brain_Mri\data\Data 1 with distortion\all_images\no_tumor__N21_34\restoration\salt_and_pepper_density_0_10_restored.png",no_tumor,no_tumor,True,FF,0.187979
restored,salt_and_pepper_density_0_10,"C:\Users\micha\OneDrive\שולחן העבודה\wordsFiles\Brain_Mri\data\Data 1 with distortion\all_images\no_tumor__N22_31\restoration\salt_and_pepper_density_0_10_restored.png",no_tumor,tumor,False,FT,0.729909
restored,salt_and_pepper_density_0_10,"C:\Users\micha\OneDrive\שולחן העבודה\wordsFiles\Brain_Mri\data\Data 1 with distortion\all_images\no_tumor__N26_21\restoration\salt_and_pepper_density_0_10_restored.png",no_tumor,tumor,False,FT,0.845455
restored,salt_and_pepper_density_0_10,"C:\Users\micha\OneDrive\שולחן העבודה\wordsFiles\Brain_Mri\data\Data 1 with distortion\all_images\no_tumor__No21_6\restoration\salt_and_pepper_density_0_10_restored.png",no_tumor,tumor,False,FT,0.594976
restored,salt_and_pepper_density_0_10,"C:\Users\micha\OneDrive\שולחן העבודה\wordsFiles\Brain_Mri\data\Data 1 with distortion\all_images\tumor__Y115_5\restoration\salt_and_pepper_density_0_10_restored.png",tumor,tumor,True,TT,0.837150
restored,salt_and_pepper_density_0_10,"C:\Users\micha\OneDrive\שולחן העבודה\wordsFiles\Brain_Mri\data\Data 1 with distortion\all_images\tumor__Y116_17\restoration\salt_and_pepper_density_0_10_restored.png",tumor,tumor,True,TT,0.688992
restored,salt_and_pepper_density_0_10,"C:\Users\micha\OneDrive\שולחן העבודה\wordsFiles\Brain_Mri\data\Data 1 with distortion\all_images\tumor__Y155_24\restoration\salt_and_pepper_density_0_10_restored.png",tumor,tumor,True,TT,0.981604
restored,salt_and_pepper_density_0_10,"C:\Users\micha\OneDrive\שולחן העבודה\wordsFiles\Brain_Mri\data\Data 1 with distortion\all_images\tumor__Y162_27\restoration\salt_and_pepper_density_0_10_restored.png",tumor,tumor,True,TT,0.537310
restored,salt_and_pepper_density_0_10,"C:\Users\micha\OneDrive\שולחן העבודה\wordsFiles\Brain_Mri\data\Data 1 with distortion\all_images\tumor__Y180_33\restoration\salt_and_pepper_density_0_10_restored.png",tumor,tumor,True,TT,0.999418
restored,salt_and_pepper_density_0_10,"C:\Users\micha\OneDrive\שולחן העבודה\wordsFiles\Brain_Mri\data\Data 1 with distortion\all_images\tumor__Y1_22\restoration\salt_and_pepper_density_0_10_restored.png",tumor,tumor,True,TT,0.754359
restored,salt_and_pepper_density_0_10,"C:\Users\micha\OneDrive\שולחן העבודה\wordsFiles\Brain_Mri\data\Data 1 with distortion\all_images\tumor__Y20_15\restoration\salt_and_pepper_density_0_10_restored.png",tumor,tumor,True,TT,0.815864
restored,salt_and_pepper_density_0_10,"C:\Users\micha\OneDrive\שולחן העבודה\wordsFiles\Brain_Mri\data\Data 1 with distortion\all_images\tumor__Y21_36\restoration\salt_and_pepper_density_0_10_restored.png",tumor,tumor,True,TT,0.776385
restored,salt_and_pepper_density_0_10,"C:\Users\micha\OneDrive\שולחן העבודה\wordsFiles\Brain_Mri\data\Data 1 with distortion\all_images\tumor__Y257_9\restoration\salt_and_pepper_density_0_10_restored.png",tumor,tumor,True,TT,0.880360
restored,salt_and_pepper_density_0_10,"C:\Users\micha\OneDrive\שולחן העבודה\wordsFiles\Brain_Mri\data\Data 1 with distortion\all_images\tumor__Y258_32\restoration\salt_and_pepper_density_0_10_restored.png",tumor,tumor,True,TT,0.793248
restored,salt_and_pepper_density_0_10,"C:\Users\micha\OneDrive\שולחן העבודה\wordsFiles\Brain_Mri\data\Data 1 with distortion\all_images\tumor__Y35_37\restoration\salt_and_pepper_density_0_10_restored.png",tumor,tumor,True,TT,0.744257
restored,salt_and_pepper_density_0_10,"C:\Users\micha\OneDrive\שולחן העבודה\wordsFiles\Brain_Mri\data\Data 1 with distortion\all_images\tumor__Y36_23\restoration\salt_and_pepper_density_0_10_restored.png",tumor,tumor,True,TT,0.952648
restored,salt_and_pepper_density_0_10,"C:\Users\micha\OneDrive\שולחן העבודה\wordsFiles\Brain_Mri\data\Data 1 with distortion\all_images\tumor__Y37_20\restoration\salt_and_pepper_density_0_10_restored.png",tumor,tumor,True,TT,0.971908
restored,salt_and_pepper_density_0_10,"C:\Users\micha\OneDrive\שולחן העבודה\wordsFiles\Brain_Mri\data\Data 1 with distortion\all_images\tumor__Y3_35\restoration\salt_and_pepper_density_0_10_restored.png",tumor,tumor,True,TT,0.832956
restored,salt_and_pepper_density_0_10,"C:\Users\micha\OneDrive\שולחן העבודה\wordsFiles\Brain_Mri\data\Data 1 with distortion\all_images\tumor__Y41_14\restoration\salt_and_pepper_density_0_10_restored.png",tumor,tumor,True,TT,0.963600
restored,salt_and_pepper_density_0_10,"C:\Users\micha\OneDrive\שולחן העבודה\wordsFiles\Brain_Mri\data\Data 1 with distortion\all_images\tumor__Y54_18\restoration\salt_and_pepper_density_0_10_restored.png",tumor,tumor,True,TT,0.949113
restored,salt_and_pepper_density_0_10,"C:\Users\micha\OneDrive\שולחן העבודה\wordsFiles\Brain_Mri\data\Data 1 with distortion\all_images\tumor__Y61_12\restoration\salt_and_pepper_density_0_10_restored.png",tumor,tumor,True,TT,0.811432
restored,salt_and_pepper_density_0_10,"C:\Users\micha\OneDrive\שולחן העבודה\wordsFiles\Brain_Mri\data\Data 1 with distortion\all_images\tumor__Y6_4\restoration\salt_and_pepper_density_0_10_restored.png",tumor,tumor,True,TT,0.821511
restored,salt_and_pepper_density_0_10,"C:\Users\micha\OneDrive\שולחן העבודה\wordsFiles\Brain_Mri\data\Data 1 with distortion\all_images\tumor__Y73_29\restoration\salt_and_pepper_density_0_10_restored.png",tumor,tumor,True,TT,0.863370
restored,salt_and_pepper_density_0_10,"C:\Users\micha\OneDrive\שולחן העבודה\wordsFiles\Brain_Mri\data\Data 1 with distortion\all_images\tumor__Y78_30\restoration\salt_and_pepper_density_0_10_restored.png",tumor,tumor,True,TT,0.698208
restored,salt_and_pepper_density_0_10,"C:\Users\micha\OneDrive\שולחן העבודה\wordsFiles\Brain_Mri\data\Data 1 with distortion\all_images\tumor__Y79_13\restoration\salt_and_pepper_density_0_10_restored.png",tumor,tumor,True,TT,0.965239
restored,salt_and_pepper_density_0_10,"C:\Users\micha\OneDrive\שולחן העבודה\wordsFiles\Brain_Mri\data\Data 1 with distortion\all_images\tumor__Y90_3\restoration\salt_and_pepper_density_0_10_restored.png",tumor,no_tumor,False,TF,0.318436
restored,salt_and_pepper_density_0_10,"C:\Users\micha\OneDrive\שולחן העבודה\wordsFiles\Brain_Mri\data\Data 1 with distortion\all_images\tumor__Y95_8\restoration\salt_and_pepper_density_0_10_restored.png",tumor,tumor,True,TT,0.519998
distorted,gaussian_blur_sigma_0_5,"C:\Users\micha\OneDrive\שולחן העבודה\wordsFiles\Brain_Mri\data\Data 1 with distortion\all_images\no_tumor__14 no_28\distortions\gaussian_blur_sigma_0_5.png",no_tumor,no_tumor,True,FF,0.259180
distorted,gaussian_blur_sigma_0_5,"C:\Users\micha\OneDrive\שולחן העבודה\wordsFiles\Brain_Mri\data\Data 1 with distortion\all_images\no_tumor__19 no_16\distortions\gaussian_blur_sigma_0_5.png",no_tumor,no_tumor,True,FF,0.169076
distorted,gaussian_blur_sigma_0_5,"C:\Users\micha\OneDrive\שולחן העבודה\wordsFiles\Brain_Mri\data\Data 1 with distortion\all_images\no_tumor__20 no_19\distortions\gaussian_blur_sigma_0_5.png",no_tumor,tumor,False,FT,0.513225
distorted,gaussian_blur_sigma_0_5,"C:\Users\micha\OneDrive\שולחן העבודה\wordsFiles\Brain_Mri\data\Data 1 with distortion\all_images\no_tumor__27 no_2\distortions\gaussian_blur_sigma_0_5.png",no_tumor,no_tumor,True,FF,0.428128
distorted,gaussian_blur_sigma_0_5,"C:\Users\micha\OneDrive\שולחן העבודה\wordsFiles\Brain_Mri\data\Data 1 with distortion\all_images\no_tumor__32 no_1\distortions\gaussian_blur_sigma_0_5.png",no_tumor,no_tumor,True,FF,0.151619
distorted,gaussian_blur_sigma_0_5,"C:\Users\micha\OneDrive\שולחן העבודה\wordsFiles\Brain_Mri\data\Data 1 with distortion\all_images\no_tumor__34 no_0\distortions\gaussian_blur_sigma_0_5.png",no_tumor,tumor,False,FT,0.901279
distorted,gaussian_blur_sigma_0_5,"C:\Users\micha\OneDrive\שולחן העבודה\wordsFiles\Brain_Mri\data\Data 1 with distortion\all_images\no_tumor__39 no_11\distortions\gaussian_blur_sigma_0_5.png",no_tumor,tumor,False,FT,0.515886
distorted,gaussian_blur_sigma_0_5,"C:\Users\micha\OneDrive\שולחן העבודה\wordsFiles\Brain_Mri\data\Data 1 with distortion\all_images\no_tumor__N11_25\distortions\gaussian_blur_sigma_0_5.png",no_tumor,tumor,False,FT,0.570690
distorted,gaussian_blur_sigma_0_5,"C:\Users\micha\OneDrive\שולחן העבודה\wordsFiles\Brain_Mri\data\Data 1 with distortion\all_images\no_tumor__N15_10\distortions\gaussian_blur_sigma_0_5.png",no_tumor,no_tumor,True,FF,0.445332
distorted,gaussian_blur_sigma_0_5,"C:\Users\micha\OneDrive\שולחן העבודה\wordsFiles\Brain_Mri\data\Data 1 with distortion\all_images\no_tumor__N16_26\distortions\gaussian_blur_sigma_0_5.png",no_tumor,tumor,False,FT,0.804156
distorted,gaussian_blur_sigma_0_5,"C:\Users\micha\OneDrive\שולחן העבודה\wordsFiles\Brain_Mri\data\Data 1 with distortion\all_images\no_tumor__N17_7\distortions\gaussian_blur_sigma_0_5.png",no_tumor,tumor,False,FT,0.801191
distorted,gaussian_blur_sigma_0_5,"C:\Users\micha\OneDrive\שולחן העבודה\wordsFiles\Brain_Mri\data\Data 1 with distortion\all_images\no_tumor__N21_34\distortions\gaussian_blur_sigma_0_5.png",no_tumor,no_tumor,True,FF,0.177122
distorted,gaussian_blur_sigma_0_5,"C:\Users\micha\OneDrive\שולחן העבודה\wordsFiles\Brain_Mri\data\Data 1 with distortion\all_images\no_tumor__N22_31\distortions\gaussian_blur_sigma_0_5.png",no_tumor,tumor,False,FT,0.717240
distorted,gaussian_blur_sigma_0_5,"C:\Users\micha\OneDrive\שולחן העבודה\wordsFiles\Brain_Mri\data\Data 1 with distortion\all_images\no_tumor__N26_21\distortions\gaussian_blur_sigma_0_5.png",no_tumor,tumor,False,FT,0.828837
distorted,gaussian_blur_sigma_0_5,"C:\Users\micha\OneDrive\שולחן העבודה\wordsFiles\Brain_Mri\data\Data 1 with distortion\all_images\no_tumor__No21_6\distortions\gaussian_blur_sigma_0_5.png",no_tumor,tumor,False,FT,0.565385
distorted,gaussian_blur_sigma_0_5,"C:\Users\micha\OneDrive\שולחן העבודה\wordsFiles\Brain_Mri\data\Data 1 with distortion\all_images\tumor__Y115_5\distortions\gaussian_blur_sigma_0_5.png",tumor,tumor,True,TT,0.832238
distorted,gaussian_blur_sigma_0_5,"C:\Users\micha\OneDrive\שולחן העבודה\wordsFiles\Brain_Mri\data\Data 1 with distortion\all_images\tumor__Y116_17\distortions\gaussian_blur_sigma_0_5.png",tumor,tumor,True,TT,0.676215
distorted,gaussian_blur_sigma_0_5,"C:\Users\micha\OneDrive\שולחן העבודה\wordsFiles\Brain_Mri\data\Data 1 with distortion\all_images\tumor__Y155_24\distortions\gaussian_blur_sigma_0_5.png",tumor,tumor,True,TT,0.979387
distorted,gaussian_blur_sigma_0_5,"C:\Users\micha\OneDrive\שולחן העבודה\wordsFiles\Brain_Mri\data\Data 1 with distortion\all_images\tumor__Y162_27\distortions\gaussian_blur_sigma_0_5.png",tumor,tumor,True,TT,0.508179
distorted,gaussian_blur_sigma_0_5,"C:\Users\micha\OneDrive\שולחן העבודה\wordsFiles\Brain_Mri\data\Data 1 with distortion\all_images\tumor__Y180_33\distortions\gaussian_blur_sigma_0_5.png",tumor,tumor,True,TT,0.999281
distorted,gaussian_blur_sigma_0_5,"C:\Users\micha\OneDrive\שולחן העבודה\wordsFiles\Brain_Mri\data\Data 1 with distortion\all_images\tumor__Y1_22\distortions\gaussian_blur_sigma_0_5.png",tumor,tumor,True,TT,0.736885
distorted,gaussian_blur_sigma_0_5,"C:\Users\micha\OneDrive\שולחן העבודה\wordsFiles\Brain_Mri\data\Data 1 with distortion\all_images\tumor__Y20_15\distortions\gaussian_blur_sigma_0_5.png",tumor,tumor,True,TT,0.803902
distorted,gaussian_blur_sigma_0_5,"C:\Users\micha\OneDrive\שולחן העבודה\wordsFiles\Brain_Mri\data\Data 1 with distortion\all_images\tumor__Y21_36\distortions\gaussian_blur_sigma_0_5.png",tumor,tumor,True,TT,0.775659
distorted,gaussian_blur_sigma_0_5,"C:\Users\micha\OneDrive\שולחן העבודה\wordsFiles\Brain_Mri\data\Data 1 with distortion\all_images\tumor__Y257_9\distortions\gaussian_blur_sigma_0_5.png",tumor,tumor,True,TT,0.857786
distorted,gaussian_blur_sigma_0_5,"C:\Users\micha\OneDrive\שולחן העבודה\wordsFiles\Brain_Mri\data\Data 1 with distortion\all_images\tumor__Y258_32\distortions\gaussian_blur_sigma_0_5.png",tumor,tumor,True,TT,0.780391
distorted,gaussian_blur_sigma_0_5,"C:\Users\micha\OneDrive\שולחן העבודה\wordsFiles\Brain_Mri\data\Data 1 with distortion\all_images\tumor__Y35_37\distortions\gaussian_blur_sigma_0_5.png",tumor,tumor,True,TT,0.735873
distorted,gaussian_blur_sigma_0_5,"C:\Users\micha\OneDrive\שולחן העבודה\wordsFiles\Brain_Mri\data\Data 1 with distortion\all_images\tumor__Y36_23\distortions\gaussian_blur_sigma_0_5.png",tumor,tumor,True,TT,0.952652
distorted,gaussian_blur_sigma_0_5,"C:\Users\micha\OneDrive\שולחן העבודה\wordsFiles\Brain_Mri\data\Data 1 with distortion\all_images\tumor__Y37_20\distortions\gaussian_blur_sigma_0_5.png",tumor,tumor,True,TT,0.973208
distorted,gaussian_blur_sigma_0_5,"C:\Users\micha\OneDrive\שולחן העבודה\wordsFiles\Brain_Mri\data\Data 1 with distortion\all_images\tumor__Y3_35\distortions\gaussian_blur_sigma_0_5.png",tumor,tumor,True,TT,0.814510
distorted,gaussian_blur_sigma_0_5,"C:\Users\micha\OneDrive\שולחן העבודה\wordsFiles\Brain_Mri\data\Data 1 with distortion\all_images\tumor__Y41_14\distortions\gaussian_blur_sigma_0_5.png",tumor,tumor,True,TT,0.958688
distorted,gaussian_blur_sigma_0_5,"C:\Users\micha\OneDrive\שולחן העבודה\wordsFiles\Brain_Mri\data\Data 1 with distortion\all_images\tumor__Y54_18\distortions\gaussian_blur_sigma_0_5.png",tumor,tumor,True,TT,0.941370
distorted,gaussian_blur_sigma_0_5,"C:\Users\micha\OneDrive\שולחן העבודה\wordsFiles\Brain_Mri\data\Data 1 with distortion\all_images\tumor__Y61_12\distortions\gaussian_blur_sigma_0_5.png",tumor,tumor,True,TT,0.791043
distorted,gaussian_blur_sigma_0_5,"C:\Users\micha\OneDrive\שולחן העבודה\wordsFiles\Brain_Mri\data\Data 1 with distortion\all_images\tumor__Y6_4\distortions\gaussian_blur_sigma_0_5.png",tumor,tumor,True,TT,0.807874
distorted,gaussian_blur_sigma_0_5,"C:\Users\micha\OneDrive\שולחן העבודה\wordsFiles\Brain_Mri\data\Data 1 with distortion\all_images\tumor__Y73_29\distortions\gaussian_blur_sigma_0_5.png",tumor,tumor,True,TT,0.849349
distorted,gaussian_blur_sigma_0_5,"C:\Users\micha\OneDrive\שולחן העבודה\wordsFiles\Brain_Mri\data\Data 1 with distortion\all_images\tumor__Y78_30\distortions\gaussian_blur_sigma_0_5.png",tumor,tumor,True,TT,0.656901
distorted,gaussian_blur_sigma_0_5,"C:\Users\micha\OneDrive\שולחן העבודה\wordsFiles\Brain_Mri\data\Data 1 with distortion\all_images\tumor__Y79_13\distortions\gaussian_blur_sigma_0_5.png",tumor,tumor,True,TT,0.962936
distorted,gaussian_blur_sigma_0_5,"C:\Users\micha\OneDrive\שולחן העבודה\wordsFiles\Brain_Mri\data\Data 1 with distortion\all_images\tumor__Y90_3\distortions\gaussian_blur_sigma_0_5.png",tumor,no_tumor,False,TF,0.304913
distorted,gaussian_blur_sigma_0_5,"C:\Users\micha\OneDrive\שולחן העבודה\wordsFiles\Brain_Mri\data\Data 1 with distortion\all_images\tumor__Y95_8\distortions\gaussian_blur_sigma_0_5.png",tumor,no_tumor,False,TF,0.490188
restored,gaussian_blur_sigma_0_5,"C:\Users\micha\OneDrive\שולחן העבודה\wordsFiles\Brain_Mri\data\Data 1 with distortion\all_images\no_tumor__14 no_28\restoration\gaussian_blur_sigma_0_5_restored.png",no_tumor,no_tumor,True,FF,0.027222
restored,gaussian_blur_sigma_0_5,"C:\Users\micha\OneDrive\שולחן העבודה\wordsFiles\Brain_Mri\data\Data 1 with distortion\all_images\no_tumor__19 no_16\restoration\gaussian_blur_sigma_0_5_restored.png",no_tumor,no_tumor,True,FF,0.013542
restored,gaussian_blur_sigma_0_5,"C:\Users\micha\OneDrive\שולחן העבודה\wordsFiles\Brain_Mri\data\Data 1 with distortion\all_images\no_tumor__20 no_19\restoration\gaussian_blur_sigma_0_5_restored.png",no_tumor,no_tumor,True,FF,0.165974
restored,gaussian_blur_sigma_0_5,"C:\Users\micha\OneDrive\שולחן העבודה\wordsFiles\Brain_Mri\data\Data 1 with distortion\all_images\no_tumor__27 no_2\restoration\gaussian_blur_sigma_0_5_restored.png",no_tumor,no_tumor,True,FF,0.026271
restored,gaussian_blur_sigma_0_5,"C:\Users\micha\OneDrive\שולחן העבודה\wordsFiles\Brain_Mri\data\Data 1 with distortion\all_images\no_tumor__32 no_1\restoration\gaussian_blur_sigma_0_5_restored.png",no_tumor,no_tumor,True,FF,0.014007
restored,gaussian_blur_sigma_0_5,"C:\Users\micha\OneDrive\שולחן העבודה\wordsFiles\Brain_Mri\data\Data 1 with distortion\all_images\no_tumor__34 no_0\restoration\gaussian_blur_sigma_0_5_restored.png",no_tumor,no_tumor,True,FF,0.267473
restored,gaussian_blur_sigma_0_5,"C:\Users\micha\OneDrive\שולחן העבודה\wordsFiles\Brain_Mri\data\Data 1 with distortion\all_images\no_tumor__39 no_11\restoration\gaussian_blur_sigma_0_5_restored.png",no_tumor,no_tumor,True,FF,0.059650
restored,gaussian_blur_sigma_0_5,"C:\Users\micha\OneDrive\שולחן העבודה\wordsFiles\Brain_Mri\data\Data 1 with distortion\all_images\no_tumor__N11_25\restoration\gaussian_blur_sigma_0_5_restored.png",no_tumor,no_tumor,True,FF,0.085195
restored,gaussian_blur_sigma_0_5,"C:\Users\micha\OneDrive\שולחן העבודה\wordsFiles\Brain_Mri\data\Data 1 with distortion\all_images\no_tumor__N15_10\restoration\gaussian_blur_sigma_0_5_restored.png",no_tumor,no_tumor,True,FF,0.122737
restored,gaussian_blur_sigma_0_5,"C:\Users\micha\OneDrive\שולחן העבודה\wordsFiles\Brain_Mri\data\Data 1 with distortion\all_images\no_tumor__N16_26\restoration\gaussian_blur_sigma_0_5_restored.png",no_tumor,no_tumor,True,FF,0.281895
restored,gaussian_blur_sigma_0_5,"C:\Users\micha\OneDrive\שולחן העבודה\wordsFiles\Brain_Mri\data\Data 1 with distortion\all_images\no_tumor__N17_7\restoration\gaussian_blur_sigma_0_5_restored.png",no_tumor,no_tumor,True,FF,0.283043
restored,gaussian_blur_sigma_0_5,"C:\Users\micha\OneDrive\שולחן העבודה\wordsFiles\Brain_Mri\data\Data 1 with distortion\all_images\no_tumor__N21_34\restoration\gaussian_blur_sigma_0_5_restored.png",no_tumor,no_tumor,True,FF,0.015223
restored,gaussian_blur_sigma_0_5,"C:\Users\micha\OneDrive\שולחן העבודה\wordsFiles\Brain_Mri\data\Data 1 with distortion\all_images\no_tumor__N22_31\restoration\gaussian_blur_sigma_0_5_restored.png",no_tumor,no_tumor,True,FF,0.071201
restored,gaussian_blur_sigma_0_5,"C:\Users\micha\OneDrive\שולחן העבודה\wordsFiles\Brain_Mri\data\Data 1 with distortion\all_images\no_tumor__N26_21\restoration\gaussian_blur_sigma_0_5_restored.png",no_tumor,no_tumor,True,FF,0.260661
restored,gaussian_blur_sigma_0_5,"C:\Users\micha\OneDrive\שולחן העבודה\wordsFiles\Brain_Mri\data\Data 1 with distortion\all_images\no_tumor__No21_6\restoration\gaussian_blur_sigma_0_5_restored.png",no_tumor,no_tumor,True,FF,0.065174
restored,gaussian_blur_sigma_0_5,"C:\Users\micha\OneDrive\שולחן העבודה\wordsFiles\Brain_Mri\data\Data 1 with distortion\all_images\tumor__Y115_5\restoration\gaussian_blur_sigma_0_5_restored.png",tumor,no_tumor,False,TF,0.253588
restored,gaussian_blur_sigma_0_5,"C:\Users\micha\OneDrive\שולחן העבודה\wordsFiles\Brain_Mri\data\Data 1 with distortion\all_images\tumor__Y116_17\restoration\gaussian_blur_sigma_0_5_restored.png",tumor,no_tumor,False,TF,0.172273
restored,gaussian_blur_sigma_0_5,"C:\Users\micha\OneDrive\שולחן העבודה\wordsFiles\Brain_Mri\data\Data 1 with distortion\all_images\tumor__Y155_24\restoration\gaussian_blur_sigma_0_5_restored.png",tumor,tumor,True,TT,0.848511
restored,gaussian_blur_sigma_0_5,"C:\Users\micha\OneDrive\שולחן העבודה\wordsFiles\Brain_Mri\data\Data 1 with distortion\all_images\tumor__Y162_27\restoration\gaussian_blur_sigma_0_5_restored.png",tumor,no_tumor,False,TF,0.098990
restored,gaussian_blur_sigma_0_5,"C:\Users\micha\OneDrive\שולחן העבודה\wordsFiles\Brain_Mri\data\Data 1 with distortion\all_images\tumor__Y180_33\restoration\gaussian_blur_sigma_0_5_restored.png",tumor,tumor,True,TT,0.977457
restored,gaussian_blur_sigma_0_5,"C:\Users\micha\OneDrive\שולחן העבודה\wordsFiles\Brain_Mri\data\Data 1 with distortion\all_images\tumor__Y1_22\restoration\gaussian_blur_sigma_0_5_restored.png",tumor,no_tumor,False,TF,0.162483
restored,gaussian_blur_sigma_0_5,"C:\Users\micha\OneDrive\שולחן העבודה\wordsFiles\Brain_Mri\data\Data 1 with distortion\all_images\tumor__Y20_15\restoration\gaussian_blur_sigma_0_5_restored.png",tumor,no_tumor,False,TF,0.088732
restored,gaussian_blur_sigma_0_5,"C:\Users\micha\OneDrive\שולחן העבודה\wordsFiles\Brain_Mri\data\Data 1 with distortion\all_images\tumor__Y21_36\restoration\gaussian_blur_sigma_0_5_restored.png",tumor,no_tumor,False,TF,0.474490
restored,gaussian_blur_sigma_0_5,"C:\Users\micha\OneDrive\שולחן העבודה\wordsFiles\Brain_Mri\data\Data 1 with distortion\all_images\tumor__Y257_9\restoration\gaussian_blur_sigma_0_5_restored.png",tumor,no_tumor,False,TF,0.079713
restored,gaussian_blur_sigma_0_5,"C:\Users\micha\OneDrive\שולחן העבודה\wordsFiles\Brain_Mri\data\Data 1 with distortion\all_images\tumor__Y258_32\restoration\gaussian_blur_sigma_0_5_restored.png",tumor,no_tumor,False,TF,0.075209
restored,gaussian_blur_sigma_0_5,"C:\Users\micha\OneDrive\שולחן העבודה\wordsFiles\Brain_Mri\data\Data 1 with distortion\all_images\tumor__Y35_37\restoration\gaussian_blur_sigma_0_5_restored.png",tumor,no_tumor,False,TF,0.111654
restored,gaussian_blur_sigma_0_5,"C:\Users\micha\OneDrive\שולחן העבודה\wordsFiles\Brain_Mri\data\Data 1 with distortion\all_images\tumor__Y36_23\restoration\gaussian_blur_sigma_0_5_restored.png",tumor,tumor,True,TT,0.794794
restored,gaussian_blur_sigma_0_5,"C:\Users\micha\OneDrive\שולחן העבודה\wordsFiles\Brain_Mri\data\Data 1 with distortion\all_images\tumor__Y37_20\restoration\gaussian_blur_sigma_0_5_restored.png",tumor,tumor,True,TT,0.779872
restored,gaussian_blur_sigma_0_5,"C:\Users\micha\OneDrive\שולחן העבודה\wordsFiles\Brain_Mri\data\Data 1 with distortion\all_images\tumor__Y3_35\restoration\gaussian_blur_sigma_0_5_restored.png",tumor,no_tumor,False,TF,0.071736
restored,gaussian_blur_sigma_0_5,"C:\Users\micha\OneDrive\שולחן העבודה\wordsFiles\Brain_Mri\data\Data 1 with distortion\all_images\tumor__Y41_14\restoration\gaussian_blur_sigma_0_5_restored.png",tumor,tumor,True,TT,0.626884
restored,gaussian_blur_sigma_0_5,"C:\Users\micha\OneDrive\שולחן העבודה\wordsFiles\Brain_Mri\data\Data 1 with distortion\all_images\tumor__Y54_18\restoration\gaussian_blur_sigma_0_5_restored.png",tumor,tumor,True,TT,0.591494
restored,gaussian_blur_sigma_0_5,"C:\Users\micha\OneDrive\שולחן העבודה\wordsFiles\Brain_Mri\data\Data 1 with distortion\all_images\tumor__Y61_12\restoration\gaussian_blur_sigma_0_5_restored.png",tumor,no_tumor,False,TF,0.101881
restored,gaussian_blur_sigma_0_5,"C:\Users\micha\OneDrive\שולחן העבודה\wordsFiles\Brain_Mri\data\Data 1 with distortion\all_images\tumor__Y6_4\restoration\gaussian_blur_sigma_0_5_restored.png",tumor,no_tumor,False,TF,0.273778
restored,gaussian_blur_sigma_0_5,"C:\Users\micha\OneDrive\שולחן העבודה\wordsFiles\Brain_Mri\data\Data 1 with distortion\all_images\tumor__Y73_29\restoration\gaussian_blur_sigma_0_5_restored.png",tumor,no_tumor,False,TF,0.369784
restored,gaussian_blur_sigma_0_5,"C:\Users\micha\OneDrive\שולחן העבודה\wordsFiles\Brain_Mri\data\Data 1 with distortion\all_images\tumor__Y78_30\restoration\gaussian_blur_sigma_0_5_restored.png",tumor,no_tumor,False,TF,0.083536
restored,gaussian_blur_sigma_0_5,"C:\Users\micha\OneDrive\שולחן העבודה\wordsFiles\Brain_Mri\data\Data 1 with distortion\all_images\tumor__Y79_13\restoration\gaussian_blur_sigma_0_5_restored.png",tumor,tumor,True,TT,0.822926
restored,gaussian_blur_sigma_0_5,"C:\Users\micha\OneDrive\שולחן העבודה\wordsFiles\Brain_Mri\data\Data 1 with distortion\all_images\tumor__Y90_3\restoration\gaussian_blur_sigma_0_5_restored.png",tumor,no_tumor,False,TF,0.063628
restored,gaussian_blur_sigma_0_5,"C:\Users\micha\OneDrive\שולחן העבודה\wordsFiles\Brain_Mri\data\Data 1 with distortion\all_images\tumor__Y95_8\restoration\gaussian_blur_sigma_0_5_restored.png",tumor,no_tumor,False,TF,0.073174
distorted,gaussian_blur_sigma_1_0,"C:\Users\micha\OneDrive\שולחן העבודה\wordsFiles\Brain_Mri\data\Data 1 with distortion\all_images\no_tumor__14 no_28\distortions\gaussian_blur_sigma_1_0.png",no_tumor,no_tumor,True,FF,0.450483
distorted,gaussian_blur_sigma_1_0,"C:\Users\micha\OneDrive\שולחן העבודה\wordsFiles\Brain_Mri\data\Data 1 with distortion\all_images\no_tumor__19 no_16\distortions\gaussian_blur_sigma_1_0.png",no_tumor,no_tumor,True,FF,0.276752
distorted,gaussian_blur_sigma_1_0,"C:\Users\micha\OneDrive\שולחן העבודה\wordsFiles\Brain_Mri\data\Data 1 with distortion\all_images\no_tumor__20 no_19\distortions\gaussian_blur_sigma_1_0.png",no_tumor,tumor,False,FT,0.639325
distorted,gaussian_blur_sigma_1_0,"C:\Users\micha\OneDrive\שולחן העבודה\wordsFiles\Brain_Mri\data\Data 1 with distortion\all_images\no_tumor__27 no_2\distortions\gaussian_blur_sigma_1_0.png",no_tumor,tumor,False,FT,0.653519
distorted,gaussian_blur_sigma_1_0,"C:\Users\micha\OneDrive\שולחן העבודה\wordsFiles\Brain_Mri\data\Data 1 with distortion\all_images\no_tumor__32 no_1\distortions\gaussian_blur_sigma_1_0.png",no_tumor,no_tumor,True,FF,0.249860
distorted,gaussian_blur_sigma_1_0,"C:\Users\micha\OneDrive\שולחן העבודה\wordsFiles\Brain_Mri\data\Data 1 with distortion\all_images\no_tumor__34 no_0\distortions\gaussian_blur_sigma_1_0.png",no_tumor,tumor,False,FT,0.950061
distorted,gaussian_blur_sigma_1_0,"C:\Users\micha\OneDrive\שולחן העבודה\wordsFiles\Brain_Mri\data\Data 1 with distortion\all_images\no_tumor__39 no_11\distortions\gaussian_blur_sigma_1_0.png",no_tumor,tumor,False,FT,0.705765
distorted,gaussian_blur_sigma_1_0,"C:\Users\micha\OneDrive\שולחן העבודה\wordsFiles\Brain_Mri\data\Data 1 with distortion\all_images\no_tumor__N11_25\distortions\gaussian_blur_sigma_1_0.png",no_tumor,tumor,False,FT,0.735214
distorted,gaussian_blur_sigma_1_0,"C:\Users\micha\OneDrive\שולחן העבודה\wordsFiles\Brain_Mri\data\Data 1 with distortion\all_images\no_tumor__N15_10\distortions\gaussian_blur_sigma_1_0.png",no_tumor,tumor,False,FT,0.548725
distorted,gaussian_blur_sigma_1_0,"C:\Users\micha\OneDrive\שולחן העבודה\wordsFiles\Brain_Mri\data\Data 1 with distortion\all_images\no_tumor__N16_26\distortions\gaussian_blur_sigma_1_0.png",no_tumor,tumor,False,FT,0.880088
distorted,gaussian_blur_sigma_1_0,"C:\Users\micha\OneDrive\שולחן העבודה\wordsFiles\Brain_Mri\data\Data 1 with distortion\all_images\no_tumor__N17_7\distortions\gaussian_blur_sigma_1_0.png",no_tumor,tumor,False,FT,0.879243
distorted,gaussian_blur_sigma_1_0,"C:\Users\micha\OneDrive\שולחן העבודה\wordsFiles\Brain_Mri\data\Data 1 with distortion\all_images\no_tumor__N21_34\distortions\gaussian_blur_sigma_1_0.png",no_tumor,no_tumor,True,FF,0.343361
distorted,gaussian_blur_sigma_1_0,"C:\Users\micha\OneDrive\שולחן העבודה\wordsFiles\Brain_Mri\data\Data 1 with distortion\all_images\no_tumor__N22_31\distortions\gaussian_blur_sigma_1_0.png",no_tumor,tumor,False,FT,0.822520
distorted,gaussian_blur_sigma_1_0,"C:\Users\micha\OneDrive\שולחן העבודה\wordsFiles\Brain_Mri\data\Data 1 with distortion\all_images\no_tumor__N26_21\distortions\gaussian_blur_sigma_1_0.png",no_tumor,tumor,False,FT,0.877705
distorted,gaussian_blur_sigma_1_0,"C:\Users\micha\OneDrive\שולחן העבודה\wordsFiles\Brain_Mri\data\Data 1 with distortion\all_images\no_tumor__No21_6\distortions\gaussian_blur_sigma_1_0.png",no_tumor,tumor,False,FT,0.746903
distorted,gaussian_blur_sigma_1_0,"C:\Users\micha\OneDrive\שולחן העבודה\wordsFiles\Brain_Mri\data\Data 1 with distortion\all_images\tumor__Y115_5\distortions\gaussian_blur_sigma_1_0.png",tumor,tumor,True,TT,0.897137
distorted,gaussian_blur_sigma_1_0,"C:\Users\micha\OneDrive\שולחן העבודה\wordsFiles\Brain_Mri\data\Data 1 with distortion\all_images\tumor__Y116_17\distortions\gaussian_blur_sigma_1_0.png",tumor,tumor,True,TT,0.803370
distorted,gaussian_blur_sigma_1_0,"C:\Users\micha\OneDrive\שולחן העבודה\wordsFiles\Brain_Mri\data\Data 1 with distortion\all_images\tumor__Y155_24\distortions\gaussian_blur_sigma_1_0.png",tumor,tumor,True,TT,0.986536
distorted,gaussian_blur_sigma_1_0,"C:\Users\micha\OneDrive\שולחן העבודה\wordsFiles\Brain_Mri\data\Data 1 with distortion\all_images\tumor__Y162_27\distortions\gaussian_blur_sigma_1_0.png",tumor,tumor,True,TT,0.659168
distorted,gaussian_blur_sigma_1_0,"C:\Users\micha\OneDrive\שולחן העבודה\wordsFiles\Brain_Mri\data\Data 1 with distortion\all_images\tumor__Y180_33\distortions\gaussian_blur_sigma_1_0.png",tumor,tumor,True,TT,0.999546
distorted,gaussian_blur_sigma_1_0,"C:\Users\micha\OneDrive\שולחן העבודה\wordsFiles\Brain_Mri\data\Data 1 with distortion\all_images\tumor__Y1_22\distortions\gaussian_blur_sigma_1_0.png",tumor,tumor,True,TT,0.859592
distorted,gaussian_blur_sigma_1_0,"C:\Users\micha\OneDrive\שולחן העבודה\wordsFiles\Brain_Mri\data\Data 1 with distortion\all_images\tumor__Y20_15\distortions\gaussian_blur_sigma_1_0.png",tumor,tumor,True,TT,0.902834
distorted,gaussian_blur_sigma_1_0,"C:\Users\micha\OneDrive\שולחן העבודה\wordsFiles\Brain_Mri\data\Data 1 with distortion\all_images\tumor__Y21_36\distortions\gaussian_blur_sigma_1_0.png",tumor,tumor,True,TT,0.876573
distorted,gaussian_blur_sigma_1_0,"C:\Users\micha\OneDrive\שולחן העבודה\wordsFiles\Brain_Mri\data\Data 1 with distortion\all_images\tumor__Y257_9\distortions\gaussian_blur_sigma_1_0.png",tumor,tumor,True,TT,0.940283
distorted,gaussian_blur_sigma_1_0,"C:\Users\micha\OneDrive\שולחן העבודה\wordsFiles\Brain_Mri\data\Data 1 with distortion\all_images\tumor__Y258_32\distortions\gaussian_blur_sigma_1_0.png",tumor,tumor,True,TT,0.897216
distorted,gaussian_blur_sigma_1_0,"C:\Users\micha\OneDrive\שולחן העבודה\wordsFiles\Brain_Mri\data\Data 1 with distortion\all_images\tumor__Y35_37\distortions\gaussian_blur_sigma_1_0.png",tumor,tumor,True,TT,0.825342
distorted,gaussian_blur_sigma_1_0,"C:\Users\micha\OneDrive\שולחן העבודה\wordsFiles\Brain_Mri\data\Data 1 with distortion\all_images\tumor__Y36_23\distortions\gaussian_blur_sigma_1_0.png",tumor,tumor,True,TT,0.967973
distorted,gaussian_blur_sigma_1_0,"C:\Users\micha\OneDrive\שולחן העבודה\wordsFiles\Brain_Mri\data\Data 1 with distortion\all_images\tumor__Y37_20\distortions\gaussian_blur_sigma_1_0.png",tumor,tumor,True,TT,0.982952
distorted,gaussian_blur_sigma_1_0,"C:\Users\micha\OneDrive\שולחן העבודה\wordsFiles\Brain_Mri\data\Data 1 with distortion\all_images\tumor__Y3_35\distortions\gaussian_blur_sigma_1_0.png",tumor,tumor,True,TT,0.913754
distorted,gaussian_blur_sigma_1_0,"C:\Users\micha\OneDrive\שולחן העבודה\wordsFiles\Brain_Mri\data\Data 1 with distortion\all_images\tumor__Y41_14\distortions\gaussian_blur_sigma_1_0.png",tumor,tumor,True,TT,0.972566
distorted,gaussian_blur_sigma_1_0,"C:\Users\micha\OneDrive\שולחן העבודה\wordsFiles\Brain_Mri\data\Data 1 with distortion\all_images\tumor__Y54_18\distortions\gaussian_blur_sigma_1_0.png",tumor,tumor,True,TT,0.971093
distorted,gaussian_blur_sigma_1_0,"C:\Users\micha\OneDrive\שולחן העבודה\wordsFiles\Brain_Mri\data\Data 1 with distortion\all_images\tumor__Y61_12\distortions\gaussian_blur_sigma_1_0.png",tumor,tumor,True,TT,0.891881
distorted,gaussian_blur_sigma_1_0,"C:\Users\micha\OneDrive\שולחן העבודה\wordsFiles\Brain_Mri\data\Data 1 with distortion\all_images\tumor__Y6_4\distortions\gaussian_blur_sigma_1_0.png",tumor,tumor,True,TT,0.893657
distorted,gaussian_blur_sigma_1_0,"C:\Users\micha\OneDrive\שולחן העבודה\wordsFiles\Brain_Mri\data\Data 1 with distortion\all_images\tumor__Y73_29\distortions\gaussian_blur_sigma_1_0.png",tumor,tumor,True,TT,0.906314
distorted,gaussian_blur_sigma_1_0,"C:\Users\micha\OneDrive\שולחן העבודה\wordsFiles\Brain_Mri\data\Data 1 with distortion\all_images\tumor__Y78_30\distortions\gaussian_blur_sigma_1_0.png",tumor,tumor,True,TT,0.817994
distorted,gaussian_blur_sigma_1_0,"C:\Users\micha\OneDrive\שולחן העבודה\wordsFiles\Brain_Mri\data\Data 1 with distortion\all_images\tumor__Y79_13\distortions\gaussian_blur_sigma_1_0.png",tumor,tumor,True,TT,0.974859
distorted,gaussian_blur_sigma_1_0,"C:\Users\micha\OneDrive\שולחן העבודה\wordsFiles\Brain_Mri\data\Data 1 with distortion\all_images\tumor__Y90_3\distortions\gaussian_blur_sigma_1_0.png",tumor,no_tumor,False,TF,0.470749
distorted,gaussian_blur_sigma_1_0,"C:\Users\micha\OneDrive\שולחן העבודה\wordsFiles\Brain_Mri\data\Data 1 with distortion\all_images\tumor__Y95_8\distortions\gaussian_blur_sigma_1_0.png",tumor,tumor,True,TT,0.664011
restored,gaussian_blur_sigma_1_0,"C:\Users\micha\OneDrive\שולחן העבודה\wordsFiles\Brain_Mri\data\Data 1 with distortion\all_images\no_tumor__14 no_28\restoration\gaussian_blur_sigma_1_0_restored.png",no_tumor,no_tumor,True,FF,0.063754
restored,gaussian_blur_sigma_1_0,"C:\Users\micha\OneDrive\שולחן העבודה\wordsFiles\Brain_Mri\data\Data 1 with distortion\all_images\no_tumor__19 no_16\restoration\gaussian_blur_sigma_1_0_restored.png",no_tumor,no_tumor,True,FF,0.029083
restored,gaussian_blur_sigma_1_0,"C:\Users\micha\OneDrive\שולחן העבודה\wordsFiles\Brain_Mri\data\Data 1 with distortion\all_images\no_tumor__20 no_19\restoration\gaussian_blur_sigma_1_0_restored.png",no_tumor,no_tumor,True,FF,0.229177
restored,gaussian_blur_sigma_1_0,"C:\Users\micha\OneDrive\שולחן העבודה\wordsFiles\Brain_Mri\data\Data 1 with distortion\all_images\no_tumor__27 no_2\restoration\gaussian_blur_sigma_1_0_restored.png",no_tumor,no_tumor,True,FF,0.074815
restored,gaussian_blur_sigma_1_0,"C:\Users\micha\OneDrive\שולחן העבודה\wordsFiles\Brain_Mri\data\Data 1 with distortion\all_images\no_tumor__32 no_1\restoration\gaussian_blur_sigma_1_0_restored.png",no_tumor,no_tumor,True,FF,0.037813
restored,gaussian_blur_sigma_1_0,"C:\Users\micha\OneDrive\שולחן העבודה\wordsFiles\Brain_Mri\data\Data 1 with distortion\all_images\no_tumor__34 no_0\restoration\gaussian_blur_sigma_1_0_restored.png",no_tumor,tumor,False,FT,0.531175
restored,gaussian_blur_sigma_1_0,"C:\Users\micha\OneDrive\שולחן העבודה\wordsFiles\Brain_Mri\data\Data 1 with distortion\all_images\no_tumor__39 no_11\restoration\gaussian_blur_sigma_1_0_restored.png",no_tumor,no_tumor,True,FF,0.166549
restored,gaussian_blur_sigma_1_0,"C:\Users\micha\OneDrive\שולחן העבודה\wordsFiles\Brain_Mri\data\Data 1 with distortion\all_images\no_tumor__N11_25\restoration\gaussian_blur_sigma_1_0_restored.png",no_tumor,no_tumor,True,FF,0.204886
restored,gaussian_blur_sigma_1_0,"C:\Users\micha\OneDrive\שולחן העבודה\wordsFiles\Brain_Mri\data\Data 1 with distortion\all_images\no_tumor__N15_10\restoration\gaussian_blur_sigma_1_0_restored.png",no_tumor,no_tumor,True,FF,0.208751
restored,gaussian_blur_sigma_1_0,"C:\Users\micha\OneDrive\שולחן העבודה\wordsFiles\Brain_Mri\data\Data 1 with distortion\all_images\no_tumor__N16_26\restoration\gaussian_blur_sigma_1_0_restored.png",no_tumor,tumor,False,FT,0.516884
restored,gaussian_blur_sigma_1_0,"C:\Users\micha\OneDrive\שולחן העבודה\wordsFiles\Brain_Mri\data\Data 1 with distortion\all_images\no_tumor__N17_7\restoration\gaussian_blur_sigma_1_0_restored.png",no_tumor,tumor,False,FT,0.521419
restored,gaussian_blur_sigma_1_0,"C:\Users\micha\OneDrive\שולחן העבודה\wordsFiles\Brain_Mri\data\Data 1 with distortion\all_images\no_tumor__N21_34\restoration\gaussian_blur_sigma_1_0_restored.png",no_tumor,no_tumor,True,FF,0.038483
restored,gaussian_blur_sigma_1_0,"C:\Users\micha\OneDrive\שולחן העבודה\wordsFiles\Brain_Mri\data\Data 1 with distortion\all_images\no_tumor__N22_31\restoration\gaussian_blur_sigma_1_0_restored.png",no_tumor,no_tumor,True,FF,0.195992
restored,gaussian_blur_sigma_1_0,"C:\Users\micha\OneDrive\שולחן העבודה\wordsFiles\Brain_Mri\data\Data 1 with distortion\all_images\no_tumor__N26_21\restoration\gaussian_blur_sigma_1_0_restored.png",no_tumor,no_tumor,True,FF,0.498688
restored,gaussian_blur_sigma_1_0,"C:\Users\micha\OneDrive\שולחן העבודה\wordsFiles\Brain_Mri\data\Data 1 with distortion\all_images\no_tumor__No21_6\restoration\gaussian_blur_sigma_1_0_restored.png",no_tumor,no_tumor,True,FF,0.198895
restored,gaussian_blur_sigma_1_0,"C:\Users\micha\OneDrive\שולחן העבודה\wordsFiles\Brain_Mri\data\Data 1 with distortion\all_images\tumor__Y115_5\restoration\gaussian_blur_sigma_1_0_restored.png",tumor,no_tumor,False,TF,0.486585
restored,gaussian_blur_sigma_1_0,"C:\Users\micha\OneDrive\שולחן העבודה\wordsFiles\Brain_Mri\data\Data 1 with distortion\all_images\tumor__Y116_17\restoration\gaussian_blur_sigma_1_0_restored.png",tumor,no_tumor,False,TF,0.371783
restored,gaussian_blur_sigma_1_0,"C:\Users\micha\OneDrive\שולחן העבודה\wordsFiles\Brain_Mri\data\Data 1 with distortion\all_images\tumor__Y155_24\restoration\gaussian_blur_sigma_1_0_restored.png",tumor,tumor,True,TT,0.955799
restored,gaussian_blur_sigma_1_0,"C:\Users\micha\OneDrive\שולחן העבודה\wordsFiles\Brain_Mri\data\Data 1 with distortion\all_images\tumor__Y162_27\restoration\gaussian_blur_sigma_1_0_restored.png",tumor,no_tumor,False,TF,0.222239
restored,gaussian_blur_sigma_1_0,"C:\Users\micha\OneDrive\שולחן העבודה\wordsFiles\Brain_Mri\data\Data 1 with distortion\all_images\tumor__Y180_33\restoration\gaussian_blur_sigma_1_0_restored.png",tumor,tumor,True,TT,0.995715
restored,gaussian_blur_sigma_1_0,"C:\Users\micha\OneDrive\שולחן העבודה\wordsFiles\Brain_Mri\data\Data 1 with distortion\all_images\tumor__Y1_22\restoration\gaussian_blur_sigma_1_0_restored.png",tumor,no_tumor,False,TF,0.366127
restored,gaussian_blur_sigma_1_0,"C:\Users\micha\OneDrive\שולחן העבודה\wordsFiles\Brain_Mri\data\Data 1 with distortion\all_images\tumor__Y20_15\restoration\gaussian_blur_sigma_1_0_restored.png",tumor,no_tumor,False,TF,0.301523
restored,gaussian_blur_sigma_1_0,"C:\Users\micha\OneDrive\שולחן העבודה\wordsFiles\Brain_Mri\data\Data 1 with distortion\all_images\tumor__Y21_36\restoration\gaussian_blur_sigma_1_0_restored.png",tumor,tumor,True,TT,0.610631
restored,gaussian_blur_sigma_1_0,"C:\Users\micha\OneDrive\שולחן העבודה\wordsFiles\Brain_Mri\data\Data 1 with distortion\all_images\tumor__Y257_9\restoration\gaussian_blur_sigma_1_0_restored.png",tumor,no_tumor,False,TF,0.338328
restored,gaussian_blur_sigma_1_0,"C:\Users\micha\OneDrive\שולחן העבודה\wordsFiles\Brain_Mri\data\Data 1 with distortion\all_images\tumor__Y258_32\restoration\gaussian_blur_sigma_1_0_restored.png",tumor,no_tumor,False,TF,0.308844
restored,gaussian_blur_sigma_1_0,"C:\Users\micha\OneDrive\שולחן העבודה\wordsFiles\Brain_Mri\data\Data 1 with distortion\all_images\tumor__Y35_37\restoration\gaussian_blur_sigma_1_0_restored.png",tumor,no_tumor,False,TF,0.297288
restored,gaussian_blur_sigma_1_0,"C:\Users\micha\OneDrive\שולחן העבודה\wordsFiles\Brain_Mri\data\Data 1 with distortion\all_images\tumor__Y36_23\restoration\gaussian_blur_sigma_1_0_restored.png",tumor,tumor,True,TT,0.877817
restored,gaussian_blur_sigma_1_0,"C:\Users\micha\OneDrive\שולחן העבודה\wordsFiles\Brain_Mri\data\Data 1 with distortion\all_images\tumor__Y37_20\restoration\gaussian_blur_sigma_1_0_restored.png",tumor,tumor,True,TT,0.894749
restored,gaussian_blur_sigma_1_0,"C:\Users\micha\OneDrive\שולחן העבודה\wordsFiles\Brain_Mri\data\Data 1 with distortion\all_images\tumor__Y3_35\restoration\gaussian_blur_sigma_1_0_restored.png",tumor,no_tumor,False,TF,0.324959
restored,gaussian_blur_sigma_1_0,"C:\Users\micha\OneDrive\שולחן העבודה\wordsFiles\Brain_Mri\data\Data 1 with distortion\all_images\tumor__Y41_14\restoration\gaussian_blur_sigma_1_0_restored.png",tumor,tumor,True,TT,0.848224
restored,gaussian_blur_sigma_1_0,"C:\Users\micha\OneDrive\שולחן העבודה\wordsFiles\Brain_Mri\data\Data 1 with distortion\all_images\tumor__Y54_18\restoration\gaussian_blur_sigma_1_0_restored.png",tumor,tumor,True,TT,0.860259
restored,gaussian_blur_sigma_1_0,"C:\Users\micha\OneDrive\שולחן העבודה\wordsFiles\Brain_Mri\data\Data 1 with distortion\all_images\tumor__Y61_12\restoration\gaussian_blur_sigma_1_0_restored.png",tumor,no_tumor,False,TF,0.331467
restored,gaussian_blur_sigma_1_0,"C:\Users\micha\OneDrive\שולחן העבודה\wordsFiles\Brain_Mri\data\Data 1 with distortion\all_images\tumor__Y6_4\restoration\gaussian_blur_sigma_1_0_restored.png",tumor,tumor,True,TT,0.523385
restored,gaussian_blur_sigma_1_0,"C:\Users\micha\OneDrive\שולחן העבודה\wordsFiles\Brain_Mri\data\Data 1 with distortion\all_images\tumor__Y73_29\restoration\gaussian_blur_sigma_1_0_restored.png",tumor,tumor,True,TT,0.627299
restored,gaussian_blur_sigma_1_0,"C:\Users\micha\OneDrive\שולחן העבודה\wordsFiles\Brain_Mri\data\Data 1 with distortion\all_images\tumor__Y78_30\restoration\gaussian_blur_sigma_1_0_restored.png",tumor,no_tumor,False,TF,0.311936
restored,gaussian_blur_sigma_1_0,"C:\Users\micha\OneDrive\שולחן העבודה\wordsFiles\Brain_Mri\data\Data 1 with distortion\all_images\tumor__Y79_13\restoration\gaussian_blur_sigma_1_0_restored.png",tumor,tumor,True,TT,0.927722
restored,gaussian_blur_sigma_1_0,"C:\Users\micha\OneDrive\שולחן העבודה\wordsFiles\Brain_Mri\data\Data 1 with distortion\all_images\tumor__Y90_3\restoration\gaussian_blur_sigma_1_0_restored.png",tumor,no_tumor,False,TF,0.121631
restored,gaussian_blur_sigma_1_0,"C:\Users\micha\OneDrive\שולחן העבודה\wordsFiles\Brain_Mri\data\Data 1 with distortion\all_images\tumor__Y95_8\restoration\gaussian_blur_sigma_1_0_restored.png",tumor,no_tumor,False,TF,0.186977
distorted,gaussian_blur_sigma_1_5,"C:\Users\micha\OneDrive\שולחן העבודה\wordsFiles\Brain_Mri\data\Data 1 with distortion\all_images\no_tumor__14 no_28\distortions\gaussian_blur_sigma_1_5.png",no_tumor,tumor,False,FT,0.701112
distorted,gaussian_blur_sigma_1_5,"C:\Users\micha\OneDrive\שולחן העבודה\wordsFiles\Brain_Mri\data\Data 1 with distortion\all_images\no_tumor__19 no_16\distortions\gaussian_blur_sigma_1_5.png",no_tumor,no_tumor,True,FF,0.422740
distorted,gaussian_blur_sigma_1_5,"C:\Users\micha\OneDrive\שולחן העבודה\wordsFiles\Brain_Mri\data\Data 1 with distortion\all_images\no_tumor__20 no_19\distortions\gaussian_blur_sigma_1_5.png",no_tumor,tumor,False,FT,0.774055
distorted,gaussian_blur_sigma_1_5,"C:\Users\micha\OneDrive\שולחן העבודה\wordsFiles\Brain_Mri\data\Data 1 with distortion\all_images\no_tumor__27 no_2\distortions\gaussian_blur_sigma_1_5.png",no_tumor,tumor,False,FT,0.831663
distorted,gaussian_blur_sigma_1_5,"C:\Users\micha\OneDrive\שולחן העבודה\wordsFiles\Brain_Mri\data\Data 1 with distortion\all_images\no_tumor__32 no_1\distortions\gaussian_blur_sigma_1_5.png",no_tumor,no_tumor,True,FF,0.388862
distorted,gaussian_blur_sigma_1_5,"C:\Users\micha\OneDrive\שולחן העבודה\wordsFiles\Brain_Mri\data\Data 1 with distortion\all_images\no_tumor__34 no_0\distortions\gaussian_blur_sigma_1_5.png",no_tumor,tumor,False,FT,0.977011
distorted,gaussian_blur_sigma_1_5,"C:\Users\micha\OneDrive\שולחן העבודה\wordsFiles\Brain_Mri\data\Data 1 with distortion\all_images\no_tumor__39 no_11\distortions\gaussian_blur_sigma_1_5.png",no_tumor,tumor,False,FT,0.838549
distorted,gaussian_blur_sigma_1_5,"C:\Users\micha\OneDrive\שולחן העבודה\wordsFiles\Brain_Mri\data\Data 1 with distortion\all_images\no_tumor__N11_25\distortions\gaussian_blur_sigma_1_5.png",no_tumor,tumor,False,FT,0.847657
distorted,gaussian_blur_sigma_1_5,"C:\Users\micha\OneDrive\שולחן העבודה\wordsFiles\Brain_Mri\data\Data 1 with distortion\all_images\no_tumor__N15_10\distortions\gaussian_blur_sigma_1_5.png",no_tumor,tumor,False,FT,0.639103
distorted,gaussian_blur_sigma_1_5,"C:\Users\micha\OneDrive\שולחן העבודה\wordsFiles\Brain_Mri\data\Data 1 with distortion\all_images\no_tumor__N16_26\distortions\gaussian_blur_sigma_1_5.png",no_tumor,tumor,False,FT,0.929311
distorted,gaussian_blur_sigma_1_5,"C:\Users\micha\OneDrive\שולחן העבודה\wordsFiles\Brain_Mri\data\Data 1 with distortion\all_images\no_tumor__N17_7\distortions\gaussian_blur_sigma_1_5.png",no_tumor,tumor,False,FT,0.928358
distorted,gaussian_blur_sigma_1_5,"C:\Users\micha\OneDrive\שולחן העבודה\wordsFiles\Brain_Mri\data\Data 1 with distortion\all_images\no_tumor__N21_34\distortions\gaussian_blur_sigma_1_5.png",no_tumor,tumor,False,FT,0.564741
distorted,gaussian_blur_sigma_1_5,"C:\Users\micha\OneDrive\שולחן העבודה\wordsFiles\Brain_Mri\data\Data 1 with distortion\all_images\no_tumor__N22_31\distortions\gaussian_blur_sigma_1_5.png",no_tumor,tumor,False,FT,0.902924
distorted,gaussian_blur_sigma_1_5,"C:\Users\micha\OneDrive\שולחן העבודה\wordsFiles\Brain_Mri\data\Data 1 with distortion\all_images\no_tumor__N26_21\distortions\gaussian_blur_sigma_1_5.png",no_tumor,tumor,False,FT,0.915732
distorted,gaussian_blur_sigma_1_5,"C:\Users\micha\OneDrive\שולחן העבודה\wordsFiles\Brain_Mri\data\Data 1 with distortion\all_images\no_tumor__No21_6\distortions\gaussian_blur_sigma_1_5.png",no_tumor,tumor,False,FT,0.864474
distorted,gaussian_blur_sigma_1_5,"C:\Users\micha\OneDrive\שולחן העבודה\wordsFiles\Brain_Mri\data\Data 1 with distortion\all_images\tumor__Y115_5\distortions\gaussian_blur_sigma_1_5.png",tumor,tumor,True,TT,0.940662
distorted,gaussian_blur_sigma_1_5,"C:\Users\micha\OneDrive\שולחן העבודה\wordsFiles\Brain_Mri\data\Data 1 with distortion\all_images\tumor__Y116_17\distortions\gaussian_blur_sigma_1_5.png",tumor,tumor,True,TT,0.891320
distorted,gaussian_blur_sigma_1_5,"C:\Users\micha\OneDrive\שולחן העבודה\wordsFiles\Brain_Mri\data\Data 1 with distortion\all_images\tumor__Y155_24\distortions\gaussian_blur_sigma_1_5.png",tumor,tumor,True,TT,0.990932
distorted,gaussian_blur_sigma_1_5,"C:\Users\micha\OneDrive\שולחן העבודה\wordsFiles\Brain_Mri\data\Data 1 with distortion\all_images\tumor__Y162_27\distortions\gaussian_blur_sigma_1_5.png",tumor,tumor,True,TT,0.777773
distorted,gaussian_blur_sigma_1_5,"C:\Users\micha\OneDrive\שולחן העבודה\wordsFiles\Brain_Mri\data\Data 1 with distortion\all_images\tumor__Y180_33\distortions\gaussian_blur_sigma_1_5.png",tumor,tumor,True,TT,0.999653
distorted,gaussian_blur_sigma_1_5,"C:\Users\micha\OneDrive\שולחן העבודה\wordsFiles\Brain_Mri\data\Data 1 with distortion\all_images\tumor__Y1_22\distortions\gaussian_blur_sigma_1_5.png",tumor,tumor,True,TT,0.933825
distorted,gaussian_blur_sigma_1_5,"C:\Users\micha\OneDrive\שולחן העבודה\wordsFiles\Brain_Mri\data\Data 1 with distortion\all_images\tumor__Y20_15\distortions\gaussian_blur_sigma_1_5.png",tumor,tumor,True,TT,0.955338
distorted,gaussian_blur_sigma_1_5,"C:\Users\micha\OneDrive\שולחן העבודה\wordsFiles\Brain_Mri\data\Data 1 with distortion\all_images\tumor__Y21_36\distortions\gaussian_blur_sigma_1_5.png",tumor,tumor,True,TT,0.942296
distorted,gaussian_blur_sigma_1_5,"C:\Users\micha\OneDrive\שולחן העבודה\wordsFiles\Brain_Mri\data\Data 1 with distortion\all_images\tumor__Y257_9\distortions\gaussian_blur_sigma_1_5.png",tumor,tumor,True,TT,0.974367
distorted,gaussian_blur_sigma_1_5,"C:\Users\micha\OneDrive\שולחן העבודה\wordsFiles\Brain_Mri\data\Data 1 with distortion\all_images\tumor__Y258_32\distortions\gaussian_blur_sigma_1_5.png",tumor,tumor,True,TT,0.953908
distorted,gaussian_blur_sigma_1_5,"C:\Users\micha\OneDrive\שולחן העבודה\wordsFiles\Brain_Mri\data\Data 1 with distortion\all_images\tumor__Y35_37\distortions\gaussian_blur_sigma_1_5.png",tumor,tumor,True,TT,0.885348
distorted,gaussian_blur_sigma_1_5,"C:\Users\micha\OneDrive\שולחן העבודה\wordsFiles\Brain_Mri\data\Data 1 with distortion\all_images\tumor__Y36_23\distortions\gaussian_blur_sigma_1_5.png",tumor,tumor,True,TT,0.978880
distorted,gaussian_blur_sigma_1_5,"C:\Users\micha\OneDrive\שולחן העבודה\wordsFiles\Brain_Mri\data\Data 1 with distortion\all_images\tumor__Y37_20\distortions\gaussian_blur_sigma_1_5.png",tumor,tumor,True,TT,0.989045
distorted,gaussian_blur_sigma_1_5,"C:\Users\micha\OneDrive\שולחן העבודה\wordsFiles\Brain_Mri\data\Data 1 with distortion\all_images\tumor__Y3_35\distortions\gaussian_blur_sigma_1_5.png",tumor,tumor,True,TT,0.958095
distorted,gaussian_blur_sigma_1_5,"C:\Users\micha\OneDrive\שולחן העבודה\wordsFiles\Brain_Mri\data\Data 1 with distortion\all_images\tumor__Y41_14\distortions\gaussian_blur_sigma_1_5.png",tumor,tumor,True,TT,0.979939
distorted,gaussian_blur_sigma_1_5,"C:\Users\micha\OneDrive\שולחן העבודה\wordsFiles\Brain_Mri\data\Data 1 with distortion\all_images\tumor__Y54_18\distortions\gaussian_blur_sigma_1_5.png",tumor,tumor,True,TT,0.983955
distorted,gaussian_blur_sigma_1_5,"C:\Users\micha\OneDrive\שולחן העבודה\wordsFiles\Brain_Mri\data\Data 1 with distortion\all_images\tumor__Y61_12\distortions\gaussian_blur_sigma_1_5.png",tumor,tumor,True,TT,0.944808
distorted,gaussian_blur_sigma_1_5,"C:\Users\micha\OneDrive\שולחן העבודה\wordsFiles\Brain_Mri\data\Data 1 with distortion\all_images\tumor__Y6_4\distortions\gaussian_blur_sigma_1_5.png",tumor,tumor,True,TT,0.940793
distorted,gaussian_blur_sigma_1_5,"C:\Users\micha\OneDrive\שולחן העבודה\wordsFiles\Brain_Mri\data\Data 1 with distortion\all_images\tumor__Y73_29\distortions\gaussian_blur_sigma_1_5.png",tumor,tumor,True,TT,0.938729
distorted,gaussian_blur_sigma_1_5,"C:\Users\micha\OneDrive\שולחן העבודה\wordsFiles\Brain_Mri\data\Data 1 with distortion\all_images\tumor__Y78_30\distortions\gaussian_blur_sigma_1_5.png",tumor,tumor,True,TT,0.905285
distorted,gaussian_blur_sigma_1_5,"C:\Users\micha\OneDrive\שולחן העבודה\wordsFiles\Brain_Mri\data\Data 1 with distortion\all_images\tumor__Y79_13\distortions\gaussian_blur_sigma_1_5.png",tumor,tumor,True,TT,0.982711
distorted,gaussian_blur_sigma_1_5,"C:\Users\micha\OneDrive\שולחן העבודה\wordsFiles\Brain_Mri\data\Data 1 with distortion\all_images\tumor__Y90_3\distortions\gaussian_blur_sigma_1_5.png",tumor,tumor,True,TT,0.631837
distorted,gaussian_blur_sigma_1_5,"C:\Users\micha\OneDrive\שולחן העבודה\wordsFiles\Brain_Mri\data\Data 1 with distortion\all_images\tumor__Y95_8\distortions\gaussian_blur_sigma_1_5.png",tumor,tumor,True,TT,0.784979
restored,gaussian_blur_sigma_1_5,"C:\Users\micha\OneDrive\שולחן העבודה\wordsFiles\Brain_Mri\data\Data 1 with distortion\all_images\no_tumor__14 no_28\restoration\gaussian_blur_sigma_1_5_restored.png",no_tumor,no_tumor,True,FF,0.186543
restored,gaussian_blur_sigma_1_5,"C:\Users\micha\OneDrive\שולחן העבודה\wordsFiles\Brain_Mri\data\Data 1 with distortion\all_images\no_tumor__19 no_16\restoration\gaussian_blur_sigma_1_5_restored.png",no_tumor,no_tumor,True,FF,0.087872
restored,gaussian_blur_sigma_1_5,"C:\Users\micha\OneDrive\שולחן העבודה\wordsFiles\Brain_Mri\data\Data 1 with distortion\all_images\no_tumor__20 no_19\restoration\gaussian_blur_sigma_1_5_restored.png",no_tumor,no_tumor,True,FF,0.428459
restored,gaussian_blur_sigma_1_5,"C:\Users\micha\OneDrive\שולחן העבודה\wordsFiles\Brain_Mri\data\Data 1 with distortion\all_images\no_tumor__27 no_2\restoration\gaussian_blur_sigma_1_5_restored.png",no_tumor,no_tumor,True,FF,0.263299
restored,gaussian_blur_sigma_1_5,"C:\Users\micha\OneDrive\שולחן העבודה\wordsFiles\Brain_Mri\data\Data 1 with distortion\all_images\no_tumor__32 no_1\restoration\gaussian_blur_sigma_1_5_restored.png",no_tumor,no_tumor,True,FF,0.104498
restored,gaussian_blur_sigma_1_5,"C:\Users\micha\OneDrive\שולחן העבודה\wordsFiles\Brain_Mri\data\Data 1 with distortion\all_images\no_tumor__34 no_0\restoration\gaussian_blur_sigma_1_5_restored.png",no_tumor,tumor,False,FT,0.772694
restored,gaussian_blur_sigma_1_5,"C:\Users\micha\OneDrive\שולחן העבודה\wordsFiles\Brain_Mri\data\Data 1 with distortion\all_images\no_tumor__39 no_11\restoration\gaussian_blur_sigma_1_5_restored.png",no_tumor,no_tumor,True,FF,0.427550
restored,gaussian_blur_sigma_1_5,"C:\Users\micha\OneDrive\שולחן העבודה\wordsFiles\Brain_Mri\data\Data 1 with distortion\all_images\no_tumor__N11_25\restoration\gaussian_blur_sigma_1_5_restored.png",no_tumor,no_tumor,True,FF,0.412080
restored,gaussian_blur_sigma_1_5,"C:\Users\micha\OneDrive\שולחן העבודה\wordsFiles\Brain_Mri\data\Data 1 with distortion\all_images\no_tumor__N15_10\restoration\gaussian_blur_sigma_1_5_restored.png",no_tumor,no_tumor,True,FF,0.385770
restored,gaussian_blur_sigma_1_5,"C:\Users\micha\OneDrive\שולחן העבודה\wordsFiles\Brain_Mri\data\Data 1 with distortion\all_images\no_tumor__N16_26\restoration\gaussian_blur_sigma_1_5_restored.png",no_tumor,tumor,False,FT,0.772477
restored,gaussian_blur_sigma_1_5,"C:\Users\micha\OneDrive\שולחן העבודה\wordsFiles\Brain_Mri\data\Data 1 with distortion\all_images\no_tumor__N17_7\restoration\gaussian_blur_sigma_1_5_restored.png",no_tumor,tumor,False,FT,0.777592
restored,gaussian_blur_sigma_1_5,"C:\Users\micha\OneDrive\שולחן העבודה\wordsFiles\Brain_Mri\data\Data 1 with distortion\all_images\no_tumor__N21_34\restoration\gaussian_blur_sigma_1_5_restored.png",no_tumor,no_tumor,True,FF,0.114345
restored,gaussian_blur_sigma_1_5,"C:\Users\micha\OneDrive\שולחן העבודה\wordsFiles\Brain_Mri\data\Data 1 with distortion\all_images\no_tumor__N22_31\restoration\gaussian_blur_sigma_1_5_restored.png",no_tumor,no_tumor,True,FF,0.477148
restored,gaussian_blur_sigma_1_5,"C:\Users\micha\OneDrive\שולחן העבודה\wordsFiles\Brain_Mri\data\Data 1 with distortion\all_images\no_tumor__N26_21\restoration\gaussian_blur_sigma_1_5_restored.png",no_tumor,tumor,False,FT,0.782004
restored,gaussian_blur_sigma_1_5,"C:\Users\micha\OneDrive\שולחן העבודה\wordsFiles\Brain_Mri\data\Data 1 with distortion\all_images\no_tumor__No21_6\restoration\gaussian_blur_sigma_1_5_restored.png",no_tumor,no_tumor,True,FF,0.472815
restored,gaussian_blur_sigma_1_5,"C:\Users\micha\OneDrive\שולחן העבודה\wordsFiles\Brain_Mri\data\Data 1 with distortion\all_images\tumor__Y115_5\restoration\gaussian_blur_sigma_1_5_restored.png",tumor,tumor,True,TT,0.737233
restored,gaussian_blur_sigma_1_5,"C:\Users\micha\OneDrive\שולחן העבודה\wordsFiles\Brain_Mri\data\Data 1 with distortion\all_images\tumor__Y116_17\restoration\gaussian_blur_sigma_1_5_restored.png",tumor,tumor,True,TT,0.644312
restored,gaussian_blur_sigma_1_5,"C:\Users\micha\OneDrive\שולחן העבודה\wordsFiles\Brain_Mri\data\Data 1 with distortion\all_images\tumor__Y155_24\restoration\gaussian_blur_sigma_1_5_restored.png",tumor,tumor,True,TT,0.984664
restored,gaussian_blur_sigma_1_5,"C:\Users\micha\OneDrive\שולחן העבודה\wordsFiles\Brain_Mri\data\Data 1 with distortion\all_images\tumor__Y162_27\restoration\gaussian_blur_sigma_1_5_restored.png",tumor,no_tumor,False,TF,0.463598
restored,gaussian_blur_sigma_1_5,"C:\Users\micha\OneDrive\שולחן העבודה\wordsFiles\Brain_Mri\data\Data 1 with distortion\all_images\tumor__Y180_33\restoration\gaussian_blur_sigma_1_5_restored.png",tumor,tumor,True,TT,0.999043
restored,gaussian_blur_sigma_1_5,"C:\Users\micha\OneDrive\שולחן העבודה\wordsFiles\Brain_Mri\data\Data 1 with distortion\all_images\tumor__Y1_22\restoration\gaussian_blur_sigma_1_5_restored.png",tumor,tumor,True,TT,0.644473
restored,gaussian_blur_sigma_1_5,"C:\Users\micha\OneDrive\שולחן העבודה\wordsFiles\Brain_Mri\data\Data 1 with distortion\all_images\tumor__Y20_15\restoration\gaussian_blur_sigma_1_5_restored.png",tumor,tumor,True,TT,0.659633
restored,gaussian_blur_sigma_1_5,"C:\Users\micha\OneDrive\שולחן העבודה\wordsFiles\Brain_Mri\data\Data 1 with distortion\all_images\tumor__Y21_36\restoration\gaussian_blur_sigma_1_5_restored.png",tumor,tumor,True,TT,0.777194
restored,gaussian_blur_sigma_1_5,"C:\Users\micha\OneDrive\שולחן העבודה\wordsFiles\Brain_Mri\data\Data 1 with distortion\all_images\tumor__Y257_9\restoration\gaussian_blur_sigma_1_5_restored.png",tumor,tumor,True,TT,0.743251
restored,gaussian_blur_sigma_1_5,"C:\Users\micha\OneDrive\שולחן העבודה\wordsFiles\Brain_Mri\data\Data 1 with distortion\all_images\tumor__Y258_32\restoration\gaussian_blur_sigma_1_5_restored.png",tumor,tumor,True,TT,0.664539
restored,gaussian_blur_sigma_1_5,"C:\Users\micha\OneDrive\שולחן העבודה\wordsFiles\Brain_Mri\data\Data 1 with distortion\all_images\tumor__Y35_37\restoration\gaussian_blur_sigma_1_5_restored.png",tumor,tumor,True,TT,0.553285
restored,gaussian_blur_sigma_1_5,"C:\Users\micha\OneDrive\שולחן העבודה\wordsFiles\Brain_Mri\data\Data 1 with distortion\all_images\tumor__Y36_23\restoration\gaussian_blur_sigma_1_5_restored.png",tumor,tumor,True,TT,0.928738
restored,gaussian_blur_sigma_1_5,"C:\Users\micha\OneDrive\שולחן העבודה\wordsFiles\Brain_Mri\data\Data 1 with distortion\all_images\tumor__Y37_20\restoration\gaussian_blur_sigma_1_5_restored.png",tumor,tumor,True,TT,0.955162
restored,gaussian_blur_sigma_1_5,"C:\Users\micha\OneDrive\שולחן העבודה\wordsFiles\Brain_Mri\data\Data 1 with distortion\all_images\tumor__Y3_35\restoration\gaussian_blur_sigma_1_5_restored.png",tumor,tumor,True,TT,0.712137
restored,gaussian_blur_sigma_1_5,"C:\Users\micha\OneDrive\שולחן העבודה\wordsFiles\Brain_Mri\data\Data 1 with distortion\all_images\tumor__Y41_14\restoration\gaussian_blur_sigma_1_5_restored.png",tumor,tumor,True,TT,0.944352
restored,gaussian_blur_sigma_1_5,"C:\Users\micha\OneDrive\שולחן העבודה\wordsFiles\Brain_Mri\data\Data 1 with distortion\all_images\tumor__Y54_18\restoration\gaussian_blur_sigma_1_5_restored.png",tumor,tumor,True,TT,0.945164
restored,gaussian_blur_sigma_1_5,"C:\Users\micha\OneDrive\שולחן העבודה\wordsFiles\Brain_Mri\data\Data 1 with distortion\all_images\tumor__Y61_12\restoration\gaussian_blur_sigma_1_5_restored.png",tumor,tumor,True,TT,0.694701
restored,gaussian_blur_sigma_1_5,"C:\Users\micha\OneDrive\שולחן העבודה\wordsFiles\Brain_Mri\data\Data 1 with distortion\all_images\tumor__Y6_4\restoration\gaussian_blur_sigma_1_5_restored.png",tumor,tumor,True,TT,0.752533
restored,gaussian_blur_sigma_1_5,"C:\Users\micha\OneDrive\שולחן העבודה\wordsFiles\Brain_Mri\data\Data 1 with distortion\all_images\tumor__Y73_29\restoration\gaussian_blur_sigma_1_5_restored.png",tumor,tumor,True,TT,0.841882
restored,gaussian_blur_sigma_1_5,"C:\Users\micha\OneDrive\שולחן העבודה\wordsFiles\Brain_Mri\data\Data 1 with distortion\all_images\tumor__Y78_30\restoration\gaussian_blur_sigma_1_5_restored.png",tumor,tumor,True,TT,0.666070
restored,gaussian_blur_sigma_1_5,"C:\Users\micha\OneDrive\שולחן העבודה\wordsFiles\Brain_Mri\data\Data 1 with distortion\all_images\tumor__Y79_13\restoration\gaussian_blur_sigma_1_5_restored.png",tumor,tumor,True,TT,0.964081
restored,gaussian_blur_sigma_1_5,"C:\Users\micha\OneDrive\שולחן העבודה\wordsFiles\Brain_Mri\data\Data 1 with distortion\all_images\tumor__Y90_3\restoration\gaussian_blur_sigma_1_5_restored.png",tumor,no_tumor,False,TF,0.269042
restored,gaussian_blur_sigma_1_5,"C:\Users\micha\OneDrive\שולחן העבודה\wordsFiles\Brain_Mri\data\Data 1 with distortion\all_images\tumor__Y95_8\restoration\gaussian_blur_sigma_1_5_restored.png",tumor,no_tumor,False,TF,0.428127
distorted,gaussian_blur_sigma_2_0,"C:\Users\micha\OneDrive\שולחן העבודה\wordsFiles\Brain_Mri\data\Data 1 with distortion\all_images\no_tumor__14 no_28\distortions\gaussian_blur_sigma_2_0.png",no_tumor,tumor,False,FT,0.840128
distorted,gaussian_blur_sigma_2_0,"C:\Users\micha\OneDrive\שולחן העבודה\wordsFiles\Brain_Mri\data\Data 1 with distortion\all_images\no_tumor__19 no_16\distortions\gaussian_blur_sigma_2_0.png",no_tumor,tumor,False,FT,0.542395
distorted,gaussian_blur_sigma_2_0,"C:\Users\micha\OneDrive\שולחן העבודה\wordsFiles\Brain_Mri\data\Data 1 with distortion\all_images\no_tumor__20 no_19\distortions\gaussian_blur_sigma_2_0.png",no_tumor,tumor,False,FT,0.854707
distorted,gaussian_blur_sigma_2_0,"C:\Users\micha\OneDrive\שולחן העבודה\wordsFiles\Brain_Mri\data\Data 1 with distortion\all_images\no_tumor__27 no_2\distortions\gaussian_blur_sigma_2_0.png",no_tumor,tumor,False,FT,0.912211
distorted,gaussian_blur_sigma_2_0,"C:\Users\micha\OneDrive\שולחן העבודה\wordsFiles\Brain_Mri\data\Data 1 with distortion\all_images\no_tumor__32 no_1\distortions\gaussian_blur_sigma_2_0.png",no_tumor,tumor,False,FT,0.529817
distorted,gaussian_blur_sigma_2_0,"C:\Users\micha\OneDrive\שולחן העבודה\wordsFiles\Brain_Mri\data\Data 1 with distortion\all_images\no_tumor__34 no_0\distortions\gaussian_blur_sigma_2_0.png",no_tumor,tumor,False,FT,0.988110
distorted,gaussian_blur_sigma_2_0,"C:\Users\micha\OneDrive\שולחן העבודה\wordsFiles\Brain_Mri\data\Data 1 with distortion\all_images\no_tumor__39 no_11\distortions\gaussian_blur_sigma_2_0.png",no_tumor,tumor,False,FT,0.903700
distorted,gaussian_blur_sigma_2_0,"C:\Users\micha\OneDrive\שולחן העבודה\wordsFiles\Brain_Mri\data\Data 1 with distortion\all_images\no_tumor__N11_25\distortions\gaussian_blur_sigma_2_0.png",no_tumor,tumor,False,FT,0.909480
distorted,gaussian_blur_sigma_2_0,"C:\Users\micha\OneDrive\שולחן העבודה\wordsFiles\Brain_Mri\data\Data 1 with distortion\all_images\no_tumor__N15_10\distortions\gaussian_blur_sigma_2_0.png",no_tumor,tumor,False,FT,0.696295
distorted,gaussian_blur_sigma_2_0,"C:\Users\micha\OneDrive\שולחן העבודה\wordsFiles\Brain_Mri\data\Data 1 with distortion\all_images\no_tumor__N16_26\distortions\gaussian_blur_sigma_2_0.png",no_tumor,tumor,False,FT,0.952877
distorted,gaussian_blur_sigma_2_0,"C:\Users\micha\OneDrive\שולחן העבודה\wordsFiles\Brain_Mri\data\Data 1 with distortion\all_images\no_tumor__N17_7\distortions\gaussian_blur_sigma_2_0.png",no_tumor,tumor,False,FT,0.951784
distorted,gaussian_blur_sigma_2_0,"C:\Users\micha\OneDrive\שולחן העבודה\wordsFiles\Brain_Mri\data\Data 1 with distortion\all_images\no_tumor__N21_34\distortions\gaussian_blur_sigma_2_0.png",no_tumor,tumor,False,FT,0.726006
distorted,gaussian_blur_sigma_2_0,"C:\Users\micha\OneDrive\שולחן העבודה\wordsFiles\Brain_Mri\data\Data 1 with distortion\all_images\no_tumor__N22_31\distortions\gaussian_blur_sigma_2_0.png",no_tumor,tumor,False,FT,0.943102
distorted,gaussian_blur_sigma_2_0,"C:\Users\micha\OneDrive\שולחן העבודה\wordsFiles\Brain_Mri\data\Data 1 with distortion\all_images\no_tumor__N26_21\distortions\gaussian_blur_sigma_2_0.png",no_tumor,tumor,False,FT,0.933564
distorted,gaussian_blur_sigma_2_0,"C:\Users\micha\OneDrive\שולחן העבודה\wordsFiles\Brain_Mri\data\Data 1 with distortion\all_images\no_tumor__No21_6\distortions\gaussian_blur_sigma_2_0.png",no_tumor,tumor,False,FT,0.919004
distorted,gaussian_blur_sigma_2_0,"C:\Users\micha\OneDrive\שולחן העבודה\wordsFiles\Brain_Mri\data\Data 1 with distortion\all_images\tumor__Y115_5\distortions\gaussian_blur_sigma_2_0.png",tumor,tumor,True,TT,0.960442
distorted,gaussian_blur_sigma_2_0,"C:\Users\micha\OneDrive\שולחן העבודה\wordsFiles\Brain_Mri\data\Data 1 with distortion\all_images\tumor__Y116_17\distortions\gaussian_blur_sigma_2_0.png",tumor,tumor,True,TT,0.932844
distorted,gaussian_blur_sigma_2_0,"C:\Users\micha\OneDrive\שולחן העבודה\wordsFiles\Brain_Mri\data\Data 1 with distortion\all_images\tumor__Y155_24\distortions\gaussian_blur_sigma_2_0.png",tumor,tumor,True,TT,0.992926
distorted,gaussian_blur_sigma_2_0,"C:\Users\micha\OneDrive\שולחן העבודה\wordsFiles\Brain_Mri\data\Data 1 with distortion\all_images\tumor__Y162_27\distortions\gaussian_blur_sigma_2_0.png",tumor,tumor,True,TT,0.847118
distorted,gaussian_blur_sigma_2_0,"C:\Users\micha\OneDrive\שולחן העבודה\wordsFiles\Brain_Mri\data\Data 1 with distortion\all_images\tumor__Y180_33\distortions\gaussian_blur_sigma_2_0.png",tumor,tumor,True,TT,0.999673
distorted,gaussian_blur_sigma_2_0,"C:\Users\micha\OneDrive\שולחן העבודה\wordsFiles\Brain_Mri\data\Data 1 with distortion\all_images\tumor__Y1_22\distortions\gaussian_blur_sigma_2_0.png",tumor,tumor,True,TT,0.963089
distorted,gaussian_blur_sigma_2_0,"C:\Users\micha\OneDrive\שולחן העבודה\wordsFiles\Brain_Mri\data\Data 1 with distortion\all_images\tumor__Y20_15\distortions\gaussian_blur_sigma_2_0.png",tumor,tumor,True,TT,0.976707
distorted,gaussian_blur_sigma_2_0,"C:\Users\micha\OneDrive\שולחן העבודה\wordsFiles\Brain_Mri\data\Data 1 with distortion\all_images\tumor__Y21_36\distortions\gaussian_blur_sigma_2_0.png",tumor,tumor,True,TT,0.968972
distorted,gaussian_blur_sigma_2_0,"C:\Users\micha\OneDrive\שולחן העבודה\wordsFiles\Brain_Mri\data\Data 1 with distortion\all_images\tumor__Y257_9\distortions\gaussian_blur_sigma_2_0.png",tumor,tumor,True,TT,0.986481
distorted,gaussian_blur_sigma_2_0,"C:\Users\micha\OneDrive\שולחן העבודה\wordsFiles\Brain_Mri\data\Data 1 with distortion\all_images\tumor__Y258_32\distortions\gaussian_blur_sigma_2_0.png",tumor,tumor,True,TT,0.975697
distorted,gaussian_blur_sigma_2_0,"C:\Users\micha\OneDrive\שולחן העבודה\wordsFiles\Brain_Mri\data\Data 1 with distortion\all_images\tumor__Y35_37\distortions\gaussian_blur_sigma_2_0.png",tumor,tumor,True,TT,0.920372
distorted,gaussian_blur_sigma_2_0,"C:\Users\micha\OneDrive\שולחן העבודה\wordsFiles\Brain_Mri\data\Data 1 with distortion\all_images\tumor__Y36_23\distortions\gaussian_blur_sigma_2_0.png",tumor,tumor,True,TT,0.985068
distorted,gaussian_blur_sigma_2_0,"C:\Users\micha\OneDrive\שולחן העבודה\wordsFiles\Brain_Mri\data\Data 1 with distortion\all_images\tumor__Y37_20\distortions\gaussian_blur_sigma_2_0.png",tumor,tumor,True,TT,0.991598
distorted,gaussian_blur_sigma_2_0,"C:\Users\micha\OneDrive\שולחן העבודה\wordsFiles\Brain_Mri\data\Data 1 with distortion\all_images\tumor__Y3_35\distortions\gaussian_blur_sigma_2_0.png",tumor,tumor,True,TT,0.976011
distorted,gaussian_blur_sigma_2_0,"C:\Users\micha\OneDrive\שולחן העבודה\wordsFiles\Brain_Mri\data\Data 1 with distortion\all_images\tumor__Y41_14\distortions\gaussian_blur_sigma_2_0.png",tumor,tumor,True,TT,0.982447
distorted,gaussian_blur_sigma_2_0,"C:\Users\micha\OneDrive\שולחן העבודה\wordsFiles\Brain_Mri\data\Data 1 with distortion\all_images\tumor__Y54_18\distortions\gaussian_blur_sigma_2_0.png",tumor,tumor,True,TT,0.989413
distorted,gaussian_blur_sigma_2_0,"C:\Users\micha\OneDrive\שולחן העבודה\wordsFiles\Brain_Mri\data\Data 1 with distortion\all_images\tumor__Y61_12\distortions\gaussian_blur_sigma_2_0.png",tumor,tumor,True,TT,0.966048
distorted,gaussian_blur_sigma_2_0,"C:\Users\micha\OneDrive\שולחן העבודה\wordsFiles\Brain_Mri\data\Data 1 with distortion\all_images\tumor__Y6_4\distortions\gaussian_blur_sigma_2_0.png",tumor,tumor,True,TT,0.963165
distorted,gaussian_blur_sigma_2_0,"C:\Users\micha\OneDrive\שולחן העבודה\wordsFiles\Brain_Mri\data\Data 1 with distortion\all_images\tumor__Y73_29\distortions\gaussian_blur_sigma_2_0.png",tumor,tumor,True,TT,0.952095
distorted,gaussian_blur_sigma_2_0,"C:\Users\micha\OneDrive\שולחן העבודה\wordsFiles\Brain_Mri\data\Data 1 with distortion\all_images\tumor__Y78_30\distortions\gaussian_blur_sigma_2_0.png",tumor,tumor,True,TT,0.943100
distorted,gaussian_blur_sigma_2_0,"C:\Users\micha\OneDrive\שולחן העבודה\wordsFiles\Brain_Mri\data\Data 1 with distortion\all_images\tumor__Y79_13\distortions\gaussian_blur_sigma_2_0.png",tumor,tumor,True,TT,0.987435
distorted,gaussian_blur_sigma_2_0,"C:\Users\micha\OneDrive\שולחן העבודה\wordsFiles\Brain_Mri\data\Data 1 with distortion\all_images\tumor__Y90_3\distortions\gaussian_blur_sigma_2_0.png",tumor,tumor,True,TT,0.734884
distorted,gaussian_blur_sigma_2_0,"C:\Users\micha\OneDrive\שולחן העבודה\wordsFiles\Brain_Mri\data\Data 1 with distortion\all_images\tumor__Y95_8\distortions\gaussian_blur_sigma_2_0.png",tumor,tumor,True,TT,0.844421
restored,gaussian_blur_sigma_2_0,"C:\Users\micha\OneDrive\שולחן העבודה\wordsFiles\Brain_Mri\data\Data 1 with distortion\all_images\no_tumor__14 no_28\restoration\gaussian_blur_sigma_2_0_restored.png",no_tumor,no_tumor,True,FF,0.429089
restored,gaussian_blur_sigma_2_0,"C:\Users\micha\OneDrive\שולחן העבודה\wordsFiles\Brain_Mri\data\Data 1 with distortion\all_images\no_tumor__19 no_16\restoration\gaussian_blur_sigma_2_0_restored.png",no_tumor,no_tumor,True,FF,0.210223
restored,gaussian_blur_sigma_2_0,"C:\Users\micha\OneDrive\שולחן העבודה\wordsFiles\Brain_Mri\data\Data 1 with distortion\all_images\no_tumor__20 no_19\restoration\gaussian_blur_sigma_2_0_restored.png",no_tumor,tumor,False,FT,0.651198
restored,gaussian_blur_sigma_2_0,"C:\Users\micha\OneDrive\שולחן העבודה\wordsFiles\Brain_Mri\data\Data 1 with distortion\all_images\no_tumor__27 no_2\restoration\gaussian_blur_sigma_2_0_restored.png",no_tumor,tumor,False,FT,0.608325
restored,gaussian_blur_sigma_2_0,"C:\Users\micha\OneDrive\שולחן העבודה\wordsFiles\Brain_Mri\data\Data 1 with distortion\all_images\no_tumor__32 no_1\restoration\gaussian_blur_sigma_2_0_restored.png",no_tumor,no_tumor,True,FF,0.217359
restored,gaussian_blur_sigma_2_0,"C:\Users\micha\OneDrive\שולחן העבודה\wordsFiles\Brain_Mri\data\Data 1 with distortion\all_images\no_tumor__34 no_0\restoration\gaussian_blur_sigma_2_0_restored.png",no_tumor,tumor,False,FT,0.912601
restored,gaussian_blur_sigma_2_0,"C:\Users\micha\OneDrive\שולחן העבודה\wordsFiles\Brain_Mri\data\Data 1 with distortion\all_images\no_tumor__39 no_11\restoration\gaussian_blur_sigma_2_0_restored.png",no_tumor,tumor,False,FT,0.669879
restored,gaussian_blur_sigma_2_0,"C:\Users\micha\OneDrive\שולחן העבודה\wordsFiles\Brain_Mri\data\Data 1 with distortion\all_images\no_tumor__N11_25\restoration\gaussian_blur_sigma_2_0_restored.png",no_tumor,tumor,False,FT,0.663735
restored,gaussian_blur_sigma_2_0,"C:\Users\micha\OneDrive\שולחן העבודה\wordsFiles\Brain_Mri\data\Data 1 with distortion\all_images\no_tumor__N15_10\restoration\gaussian_blur_sigma_2_0_restored.png",no_tumor,tumor,False,FT,0.570718
restored,gaussian_blur_sigma_2_0,"C:\Users\micha\OneDrive\שולחן העבודה\wordsFiles\Brain_Mri\data\Data 1 with distortion\all_images\no_tumor__N16_26\restoration\gaussian_blur_sigma_2_0_restored.png",no_tumor,tumor,False,FT,0.902656
restored,gaussian_blur_sigma_2_0,"C:\Users\micha\OneDrive\שולחן העבודה\wordsFiles\Brain_Mri\data\Data 1 with distortion\all_images\no_tumor__N17_7\restoration\gaussian_blur_sigma_2_0_restored.png",no_tumor,tumor,False,FT,0.902149
restored,gaussian_blur_sigma_2_0,"C:\Users\micha\OneDrive\שולחן העבודה\wordsFiles\Brain_Mri\data\Data 1 with distortion\all_images\no_tumor__N21_34\restoration\gaussian_blur_sigma_2_0_restored.png",no_tumor,no_tumor,True,FF,0.291415
restored,gaussian_blur_sigma_2_0,"C:\Users\micha\OneDrive\שולחן העבודה\wordsFiles\Brain_Mri\data\Data 1 with distortion\all_images\no_tumor__N22_31\restoration\gaussian_blur_sigma_2_0_restored.png",no_tumor,tumor,False,FT,0.752367
restored,gaussian_blur_sigma_2_0,"C:\Users\micha\OneDrive\שולחן העבודה\wordsFiles\Brain_Mri\data\Data 1 with distortion\all_images\no_tumor__N26_21\restoration\gaussian_blur_sigma_2_0_restored.png",no_tumor,tumor,False,FT,0.904885
restored,gaussian_blur_sigma_2_0,"C:\Users\micha\OneDrive\שולחן העבודה\wordsFiles\Brain_Mri\data\Data 1 with distortion\all_images\no_tumor__No21_6\restoration\gaussian_blur_sigma_2_0_restored.png",no_tumor,tumor,False,FT,0.715876
restored,gaussian_blur_sigma_2_0,"C:\Users\micha\OneDrive\שולחן העבודה\wordsFiles\Brain_Mri\data\Data 1 with distortion\all_images\tumor__Y115_5\restoration\gaussian_blur_sigma_2_0_restored.png",tumor,tumor,True,TT,0.880327
restored,gaussian_blur_sigma_2_0,"C:\Users\micha\OneDrive\שולחן העבודה\wordsFiles\Brain_Mri\data\Data 1 with distortion\all_images\tumor__Y116_17\restoration\gaussian_blur_sigma_2_0_restored.png",tumor,tumor,True,TT,0.807394
restored,gaussian_blur_sigma_2_0,"C:\Users\micha\OneDrive\שולחן העבודה\wordsFiles\Brain_Mri\data\Data 1 with distortion\all_images\tumor__Y155_24\restoration\gaussian_blur_sigma_2_0_restored.png",tumor,tumor,True,TT,0.991685
restored,gaussian_blur_sigma_2_0,"C:\Users\micha\OneDrive\שולחן העבודה\wordsFiles\Brain_Mri\data\Data 1 with distortion\all_images\tumor__Y162_27\restoration\gaussian_blur_sigma_2_0_restored.png",tumor,tumor,True,TT,0.663321
restored,gaussian_blur_sigma_2_0,"C:\Users\micha\OneDrive\שולחן העבודה\wordsFiles\Brain_Mri\data\Data 1 with distortion\all_images\tumor__Y180_33\restoration\gaussian_blur_sigma_2_0_restored.png",tumor,tumor,True,TT,0.999631
restored,gaussian_blur_sigma_2_0,"C:\Users\micha\OneDrive\שולחן העבודה\wordsFiles\Brain_Mri\data\Data 1 with distortion\all_images\tumor__Y1_22\restoration\gaussian_blur_sigma_2_0_restored.png",tumor,tumor,True,TT,0.847767
restored,gaussian_blur_sigma_2_0,"C:\Users\micha\OneDrive\שולחן העבודה\wordsFiles\Brain_Mri\data\Data 1 with distortion\all_images\tumor__Y20_15\restoration\gaussian_blur_sigma_2_0_restored.png",tumor,tumor,True,TT,0.875459
restored,gaussian_blur_sigma_2_0,"C:\Users\micha\OneDrive\שולחן העבודה\wordsFiles\Brain_Mri\data\Data 1 with distortion\all_images\tumor__Y21_36\restoration\gaussian_blur_sigma_2_0_restored.png",tumor,tumor,True,TT,0.885500
restored,gaussian_blur_sigma_2_0,"C:\Users\micha\OneDrive\שולחן העבודה\wordsFiles\Brain_Mri\data\Data 1 with distortion\all_images\tumor__Y257_9\restoration\gaussian_blur_sigma_2_0_restored.png",tumor,tumor,True,TT,0.928703
restored,gaussian_blur_sigma_2_0,"C:\Users\micha\OneDrive\שולחן העבודה\wordsFiles\Brain_Mri\data\Data 1 with distortion\all_images\tumor__Y258_32\restoration\gaussian_blur_sigma_2_0_restored.png",tumor,tumor,True,TT,0.878413
restored,gaussian_blur_sigma_2_0,"C:\Users\micha\OneDrive\שולחן העבודה\wordsFiles\Brain_Mri\data\Data 1 with distortion\all_images\tumor__Y35_37\restoration\gaussian_blur_sigma_2_0_restored.png",tumor,tumor,True,TT,0.745469
restored,gaussian_blur_sigma_2_0,"C:\Users\micha\OneDrive\שולחן העבודה\wordsFiles\Brain_Mri\data\Data 1 with distortion\all_images\tumor__Y36_23\restoration\gaussian_blur_sigma_2_0_restored.png",tumor,tumor,True,TT,0.958999
restored,gaussian_blur_sigma_2_0,"C:\Users\micha\OneDrive\שולחן העבודה\wordsFiles\Brain_Mri\data\Data 1 with distortion\all_images\tumor__Y37_20\restoration\gaussian_blur_sigma_2_0_restored.png",tumor,tumor,True,TT,0.978521
restored,gaussian_blur_sigma_2_0,"C:\Users\micha\OneDrive\שולחן העבודה\wordsFiles\Brain_Mri\data\Data 1 with distortion\all_images\tumor__Y3_35\restoration\gaussian_blur_sigma_2_0_restored.png",tumor,tumor,True,TT,0.894413
restored,gaussian_blur_sigma_2_0,"C:\Users\micha\OneDrive\שולחן העבודה\wordsFiles\Brain_Mri\data\Data 1 with distortion\all_images\tumor__Y41_14\restoration\gaussian_blur_sigma_2_0_restored.png",tumor,tumor,True,TT,0.976281
restored,gaussian_blur_sigma_2_0,"C:\Users\micha\OneDrive\שולחן העבודה\wordsFiles\Brain_Mri\data\Data 1 with distortion\all_images\tumor__Y54_18\restoration\gaussian_blur_sigma_2_0_restored.png",tumor,tumor,True,TT,0.972476
restored,gaussian_blur_sigma_2_0,"C:\Users\micha\OneDrive\שולחן העבודה\wordsFiles\Brain_Mri\data\Data 1 with distortion\all_images\tumor__Y61_12\restoration\gaussian_blur_sigma_2_0_restored.png",tumor,tumor,True,TT,0.878913
restored,gaussian_blur_sigma_2_0,"C:\Users\micha\OneDrive\שולחן העבודה\wordsFiles\Brain_Mri\data\Data 1 with distortion\all_images\tumor__Y6_4\restoration\gaussian_blur_sigma_2_0_restored.png",tumor,tumor,True,TT,0.883095
restored,gaussian_blur_sigma_2_0,"C:\Users\micha\OneDrive\שולחן העבודה\wordsFiles\Brain_Mri\data\Data 1 with distortion\all_images\tumor__Y73_29\restoration\gaussian_blur_sigma_2_0_restored.png",tumor,tumor,True,TT,0.924122
restored,gaussian_blur_sigma_2_0,"C:\Users\micha\OneDrive\שולחן העבודה\wordsFiles\Brain_Mri\data\Data 1 with distortion\all_images\tumor__Y78_30\restoration\gaussian_blur_sigma_2_0_restored.png",tumor,tumor,True,TT,0.836525
restored,gaussian_blur_sigma_2_0,"C:\Users\micha\OneDrive\שולחן העבודה\wordsFiles\Brain_Mri\data\Data 1 with distortion\all_images\tumor__Y79_13\restoration\gaussian_blur_sigma_2_0_restored.png",tumor,tumor,True,TT,0.977981
restored,gaussian_blur_sigma_2_0,"C:\Users\micha\OneDrive\שולחן העבודה\wordsFiles\Brain_Mri\data\Data 1 with distortion\all_images\tumor__Y90_3\restoration\gaussian_blur_sigma_2_0_restored.png",tumor,no_tumor,False,TF,0.453882
restored,gaussian_blur_sigma_2_0,"C:\Users\micha\OneDrive\שולחן העבודה\wordsFiles\Brain_Mri\data\Data 1 with distortion\all_images\tumor__Y95_8\restoration\gaussian_blur_sigma_2_0_restored.png",tumor,tumor,True,TT,0.651988
distorted,gaussian_blur_sigma_3_0,"C:\Users\micha\OneDrive\שולחן העבודה\wordsFiles\Brain_Mri\data\Data 1 with distortion\all_images\no_tumor__14 no_28\distortions\gaussian_blur_sigma_3_0.png",no_tumor,tumor,False,FT,0.938209
distorted,gaussian_blur_sigma_3_0,"C:\Users\micha\OneDrive\שולחן העבודה\wordsFiles\Brain_Mri\data\Data 1 with distortion\all_images\no_tumor__19 no_16\distortions\gaussian_blur_sigma_3_0.png",no_tumor,tumor,False,FT,0.697111
distorted,gaussian_blur_sigma_3_0,"C:\Users\micha\OneDrive\שולחן העבודה\wordsFiles\Brain_Mri\data\Data 1 with distortion\all_images\no_tumor__20 no_19\distortions\gaussian_blur_sigma_3_0.png",no_tumor,tumor,False,FT,0.930189
distorted,gaussian_blur_sigma_3_0,"C:\Users\micha\OneDrive\שולחן העבודה\wordsFiles\Brain_Mri\data\Data 1 with distortion\all_images\no_tumor__27 no_2\distortions\gaussian_blur_sigma_3_0.png",no_tumor,tumor,False,FT,0.963911
distorted,gaussian_blur_sigma_3_0,"C:\Users\micha\OneDrive\שולחן העבודה\wordsFiles\Brain_Mri\data\Data 1 with distortion\all_images\no_tumor__32 no_1\distortions\gaussian_blur_sigma_3_0.png",no_tumor,tumor,False,FT,0.719698
distorted,gaussian_blur_sigma_3_0,"C:\Users\micha\OneDrive\שולחן העבודה\wordsFiles\Brain_Mri\data\Data 1 with distortion\all_images\no_tumor__34 no_0\distortions\gaussian_blur_sigma_3_0.png",no_tumor,tumor,False,FT,0.995275
distorted,gaussian_blur_sigma_3_0,"C:\Users\micha\OneDrive\שולחן העבודה\wordsFiles\Brain_Mri\data\Data 1 with distortion\all_images\no_tumor__39 no_11\distortions\gaussian_blur_sigma_3_0.png",no_tumor,tumor,False,FT,0.954525
distorted,gaussian_blur_sigma_3_0,"C:\Users\micha\OneDrive\שולחן העבודה\wordsFiles\Brain_Mri\data\Data 1 with distortion\all_images\no_tumor__N11_25\distortions\gaussian_blur_sigma_3_0.png",no_tumor,tumor,False,FT,0.958157
distorted,gaussian_blur_sigma_3_0,"C:\Users\micha\OneDrive\שולחן העבודה\wordsFiles\Brain_Mri\data\Data 1 with distortion\all_images\no_tumor__N15_10\distortions\gaussian_blur_sigma_3_0.png",no_tumor,tumor,False,FT,0.765632
distorted,gaussian_blur_sigma_3_0,"C:\Users\micha\OneDrive\שולחן העבודה\wordsFiles\Brain_Mri\data\Data 1 with distortion\all_images\no_tumor__N16_26\distortions\gaussian_blur_sigma_3_0.png",no_tumor,tumor,False,FT,0.972460
distorted,gaussian_blur_sigma_3_0,"C:\Users\micha\OneDrive\שולחן העבודה\wordsFiles\Brain_Mri\data\Data 1 with distortion\all_images\no_tumor__N17_7\distortions\gaussian_blur_sigma_3_0.png",no_tumor,tumor,False,FT,0.971557
distorted,gaussian_blur_sigma_3_0,"C:\Users\micha\OneDrive\שולחן העבודה\wordsFiles\Brain_Mri\data\Data 1 with distortion\all_images\no_tumor__N21_34\distortions\gaussian_blur_sigma_3_0.png",no_tumor,tumor,False,FT,0.869224
distorted,gaussian_blur_sigma_3_0,"C:\Users\micha\OneDrive\שולחן העבודה\wordsFiles\Brain_Mri\data\Data 1 with distortion\all_images\no_tumor__N22_31\distortions\gaussian_blur_sigma_3_0.png",no_tumor,tumor,False,FT,0.973713
distorted,gaussian_blur_sigma_3_0,"C:\Users\micha\OneDrive\שולחן העבודה\wordsFiles\Brain_Mri\data\Data 1 with distortion\all_images\no_tumor__N26_21\distortions\gaussian_blur_sigma_3_0.png",no_tumor,tumor,False,FT,0.949015
distorted,gaussian_blur_sigma_3_0,"C:\Users\micha\OneDrive\שולחן העבודה\wordsFiles\Brain_Mri\data\Data 1 with distortion\all_images\no_tumor__No21_6\distortions\gaussian_blur_sigma_3_0.png",no_tumor,tumor,False,FT,0.957109
distorted,gaussian_blur_sigma_3_0,"C:\Users\micha\OneDrive\שולחן העבודה\wordsFiles\Brain_Mri\data\Data 1 with distortion\all_images\tumor__Y115_5\distortions\gaussian_blur_sigma_3_0.png",tumor,tumor,True,TT,0.975511
distorted,gaussian_blur_sigma_3_0,"C:\Users\micha\OneDrive\שולחן העבודה\wordsFiles\Brain_Mri\data\Data 1 with distortion\all_images\tumor__Y116_17\distortions\gaussian_blur_sigma_3_0.png",tumor,tumor,True,TT,0.965509
distorted,gaussian_blur_sigma_3_0,"C:\Users\micha\OneDrive\שולחן העבודה\wordsFiles\Brain_Mri\data\Data 1 with distortion\all_images\tumor__Y155_24\distortions\gaussian_blur_sigma_3_0.png",tumor,tumor,True,TT,0.994698
distorted,gaussian_blur_sigma_3_0,"C:\Users\micha\OneDrive\שולחן העבודה\wordsFiles\Brain_Mri\data\Data 1 with distortion\all_images\tumor__Y162_27\distortions\gaussian_blur_sigma_3_0.png",tumor,tumor,True,TT,0.916851
distorted,gaussian_blur_sigma_3_0,"C:\Users\micha\OneDrive\שולחן העבודה\wordsFiles\Brain_Mri\data\Data 1 with distortion\all_images\tumor__Y180_33\distortions\gaussian_blur_sigma_3_0.png",tumor,tumor,True,TT,0.999637
distorted,gaussian_blur_sigma_3_0,"C:\Users\micha\OneDrive\שולחן העבודה\wordsFiles\Brain_Mri\data\Data 1 with distortion\all_images\tumor__Y1_22\distortions\gaussian_blur_sigma_3_0.png",tumor,tumor,True,TT,0.982193
distorted,gaussian_blur_sigma_3_0,"C:\Users\micha\OneDrive\שולחן העבודה\wordsFiles\Brain_Mri\data\Data 1 with distortion\all_images\tumor__Y20_15\distortions\gaussian_blur_sigma_3_0.png",tumor,tumor,True,TT,0.990134
distorted,gaussian_blur_sigma_3_0,"C:\Users\micha\OneDrive\שולחן העבודה\wordsFiles\Brain_Mri\data\Data 1 with distortion\all_images\tumor__Y21_36\distortions\gaussian_blur_sigma_3_0.png",tumor,tumor,True,TT,0.986435
distorted,gaussian_blur_sigma_3_0,"C:\Users\micha\OneDrive\שולחן העבודה\wordsFiles\Brain_Mri\data\Data 1 with distortion\all_images\tumor__Y257_9\distortions\gaussian_blur_sigma_3_0.png",tumor,tumor,True,TT,0.993711
distorted,gaussian_blur_sigma_3_0,"C:\Users\micha\OneDrive\שולחן העבודה\wordsFiles\Brain_Mri\data\Data 1 with distortion\all_images\tumor__Y258_32\distortions\gaussian_blur_sigma_3_0.png",tumor,tumor,True,TT,0.989309
distorted,gaussian_blur_sigma_3_0,"C:\Users\micha\OneDrive\שולחן העבודה\wordsFiles\Brain_Mri\data\Data 1 with distortion\all_images\tumor__Y35_37\distortions\gaussian_blur_sigma_3_0.png",tumor,tumor,True,TT,0.955335
distorted,gaussian_blur_sigma_3_0,"C:\Users\micha\OneDrive\שולחן העבודה\wordsFiles\Brain_Mri\data\Data 1 with distortion\all_images\tumor__Y36_23\distortions\gaussian_blur_sigma_3_0.png",tumor,tumor,True,TT,0.991300
distorted,gaussian_blur_sigma_3_0,"C:\Users\micha\OneDrive\שולחן העבודה\wordsFiles\Brain_Mri\data\Data 1 with distortion\all_images\tumor__Y37_20\distortions\gaussian_blur_sigma_3_0.png",tumor,tumor,True,TT,0.993455
distorted,gaussian_blur_sigma_3_0,"C:\Users\micha\OneDrive\שולחן העבודה\wordsFiles\Brain_Mri\data\Data 1 with distortion\all_images\tumor__Y3_35\distortions\gaussian_blur_sigma_3_0.png",tumor,tumor,True,TT,0.988299
distorted,gaussian_blur_sigma_3_0,"C:\Users\micha\OneDrive\שולחן העבודה\wordsFiles\Brain_Mri\data\Data 1 with distortion\all_images\tumor__Y41_14\distortions\gaussian_blur_sigma_3_0.png",tumor,tumor,True,TT,0.983595
distorted,gaussian_blur_sigma_3_0,"C:\Users\micha\OneDrive\שולחן העבודה\wordsFiles\Brain_Mri\data\Data 1 with distortion\all_images\tumor__Y54_18\distortions\gaussian_blur_sigma_3_0.png",tumor,tumor,True,TT,0.994135
distorted,gaussian_blur_sigma_3_0,"C:\Users\micha\OneDrive\שולחן העבודה\wordsFiles\Brain_Mri\data\Data 1 with distortion\all_images\tumor__Y61_12\distortions\gaussian_blur_sigma_3_0.png",tumor,tumor,True,TT,0.980436
distorted,gaussian_blur_sigma_3_0,"C:\Users\micha\OneDrive\שולחן העבודה\wordsFiles\Brain_Mri\data\Data 1 with distortion\all_images\tumor__Y6_4\distortions\gaussian_blur_sigma_3_0.png",tumor,tumor,True,TT,0.980143
distorted,gaussian_blur_sigma_3_0,"C:\Users\micha\OneDrive\שולחן העבודה\wordsFiles\Brain_Mri\data\Data 1 with distortion\all_images\tumor__Y73_29\distortions\gaussian_blur_sigma_3_0.png",tumor,tumor,True,TT,0.963105
distorted,gaussian_blur_sigma_3_0,"C:\Users\micha\OneDrive\שולחן העבודה\wordsFiles\Brain_Mri\data\Data 1 with distortion\all_images\tumor__Y78_30\distortions\gaussian_blur_sigma_3_0.png",tumor,tumor,True,TT,0.974585
distorted,gaussian_blur_sigma_3_0,"C:\Users\micha\OneDrive\שולחן העבודה\wordsFiles\Brain_Mri\data\Data 1 with distortion\all_images\tumor__Y79_13\distortions\gaussian_blur_sigma_3_0.png",tumor,tumor,True,TT,0.992397
distorted,gaussian_blur_sigma_3_0,"C:\Users\micha\OneDrive\שולחן העבודה\wordsFiles\Brain_Mri\data\Data 1 with distortion\all_images\tumor__Y90_3\distortions\gaussian_blur_sigma_3_0.png",tumor,tumor,True,TT,0.843047
distorted,gaussian_blur_sigma_3_0,"C:\Users\micha\OneDrive\שולחן העבודה\wordsFiles\Brain_Mri\data\Data 1 with distortion\all_images\tumor__Y95_8\distortions\gaussian_blur_sigma_3_0.png",tumor,tumor,True,TT,0.896963
restored,gaussian_blur_sigma_3_0,"C:\Users\micha\OneDrive\שולחן העבודה\wordsFiles\Brain_Mri\data\Data 1 with distortion\all_images\no_tumor__14 no_28\restoration\gaussian_blur_sigma_3_0_restored.png",no_tumor,tumor,False,FT,0.856913
restored,gaussian_blur_sigma_3_0,"C:\Users\micha\OneDrive\שולחן העבודה\wordsFiles\Brain_Mri\data\Data 1 with distortion\all_images\no_tumor__19 no_16\restoration\gaussian_blur_sigma_3_0_restored.png",no_tumor,tumor,False,FT,0.523593
restored,gaussian_blur_sigma_3_0,"C:\Users\micha\OneDrive\שולחן העבודה\wordsFiles\Brain_Mri\data\Data 1 with distortion\all_images\no_tumor__20 no_19\restoration\gaussian_blur_sigma_3_0_restored.png",no_tumor,tumor,False,FT,0.852665
restored,gaussian_blur_sigma_3_0,"C:\Users\micha\OneDrive\שולחן העבודה\wordsFiles\Brain_Mri\data\Data 1 with distortion\all_images\no_tumor__27 no_2\restoration\gaussian_blur_sigma_3_0_restored.png",no_tumor,tumor,False,FT,0.908059
restored,gaussian_blur_sigma_3_0,"C:\Users\micha\OneDrive\שולחן העבודה\wordsFiles\Brain_Mri\data\Data 1 with distortion\all_images\no_tumor__32 no_1\restoration\gaussian_blur_sigma_3_0_restored.png",no_tumor,tumor,False,FT,0.553699
restored,gaussian_blur_sigma_3_0,"C:\Users\micha\OneDrive\שולחן העבודה\wordsFiles\Brain_Mri\data\Data 1 with distortion\all_images\no_tumor__34 no_0\restoration\gaussian_blur_sigma_3_0_restored.png",no_tumor,tumor,False,FT,0.986632
restored,gaussian_blur_sigma_3_0,"C:\Users\micha\OneDrive\שולחן העבודה\wordsFiles\Brain_Mri\data\Data 1 with distortion\all_images\no_tumor__39 no_11\restoration\gaussian_blur_sigma_3_0_restored.png",no_tumor,tumor,False,FT,0.910985
restored,gaussian_blur_sigma_3_0,"C:\Users\micha\OneDrive\שולחן העבודה\wordsFiles\Brain_Mri\data\Data 1 with distortion\all_images\no_tumor__N11_25\restoration\gaussian_blur_sigma_3_0_restored.png",no_tumor,tumor,False,FT,0.912935
restored,gaussian_blur_sigma_3_0,"C:\Users\micha\OneDrive\שולחן העבודה\wordsFiles\Brain_Mri\data\Data 1 with distortion\all_images\no_tumor__N15_10\restoration\gaussian_blur_sigma_3_0_restored.png",no_tumor,tumor,False,FT,0.736919
restored,gaussian_blur_sigma_3_0,"C:\Users\micha\OneDrive\שולחן העבודה\wordsFiles\Brain_Mri\data\Data 1 with distortion\all_images\no_tumor__N16_26\restoration\gaussian_blur_sigma_3_0_restored.png",no_tumor,tumor,False,FT,0.958615
restored,gaussian_blur_sigma_3_0,"C:\Users\micha\OneDrive\שולחן העבודה\wordsFiles\Brain_Mri\data\Data 1 with distortion\all_images\no_tumor__N17_7\restoration\gaussian_blur_sigma_3_0_restored.png",no_tumor,tumor,False,FT,0.957411
restored,gaussian_blur_sigma_3_0,"C:\Users\micha\OneDrive\שולחן העבודה\wordsFiles\Brain_Mri\data\Data 1 with distortion\all_images\no_tumor__N21_34\restoration\gaussian_blur_sigma_3_0_restored.png",no_tumor,tumor,False,FT,0.737233
restored,gaussian_blur_sigma_3_0,"C:\Users\micha\OneDrive\שולחן העבודה\wordsFiles\Brain_Mri\data\Data 1 with distortion\all_images\no_tumor__N22_31\restoration\gaussian_blur_sigma_3_0_restored.png",no_tumor,tumor,False,FT,0.945320
restored,gaussian_blur_sigma_3_0,"C:\Users\micha\OneDrive\שולחן העבודה\wordsFiles\Brain_Mri\data\Data 1 with distortion\all_images\no_tumor__N26_21\restoration\gaussian_blur_sigma_3_0_restored.png",no_tumor,tumor,False,FT,0.949427
restored,gaussian_blur_sigma_3_0,"C:\Users\micha\OneDrive\שולחן העבודה\wordsFiles\Brain_Mri\data\Data 1 with distortion\all_images\no_tumor__No21_6\restoration\gaussian_blur_sigma_3_0_restored.png",no_tumor,tumor,False,FT,0.929775
restored,gaussian_blur_sigma_3_0,"C:\Users\micha\OneDrive\שולחן העבודה\wordsFiles\Brain_Mri\data\Data 1 with distortion\all_images\tumor__Y115_5\restoration\gaussian_blur_sigma_3_0_restored.png",tumor,tumor,True,TT,0.960149
restored,gaussian_blur_sigma_3_0,"C:\Users\micha\OneDrive\שולחן העבודה\wordsFiles\Brain_Mri\data\Data 1 with distortion\all_images\tumor__Y116_17\restoration\gaussian_blur_sigma_3_0_restored.png",tumor,tumor,True,TT,0.932770
restored,gaussian_blur_sigma_3_0,"C:\Users\micha\OneDrive\שולחן העבודה\wordsFiles\Brain_Mri\data\Data 1 with distortion\all_images\tumor__Y155_24\restoration\gaussian_blur_sigma_3_0_restored.png",tumor,tumor,True,TT,0.994365
restored,gaussian_blur_sigma_3_0,"C:\Users\micha\OneDrive\שולחן העבודה\wordsFiles\Brain_Mri\data\Data 1 with distortion\all_images\tumor__Y162_27\restoration\gaussian_blur_sigma_3_0_restored.png",tumor,tumor,True,TT,0.848650
restored,gaussian_blur_sigma_3_0,"C:\Users\micha\OneDrive\שולחן העבודה\wordsFiles\Brain_Mri\data\Data 1 with distortion\all_images\tumor__Y180_33\restoration\gaussian_blur_sigma_3_0_restored.png",tumor,tumor,True,TT,0.999751
restored,gaussian_blur_sigma_3_0,"C:\Users\micha\OneDrive\שולחן העבודה\wordsFiles\Brain_Mri\data\Data 1 with distortion\all_images\tumor__Y1_22\restoration\gaussian_blur_sigma_3_0_restored.png",tumor,tumor,True,TT,0.959705
restored,gaussian_blur_sigma_3_0,"C:\Users\micha\OneDrive\שולחן העבודה\wordsFiles\Brain_Mri\data\Data 1 with distortion\all_images\tumor__Y20_15\restoration\gaussian_blur_sigma_3_0_restored.png",tumor,tumor,True,TT,0.978379
restored,gaussian_blur_sigma_3_0,"C:\Users\micha\OneDrive\שולחן העבודה\wordsFiles\Brain_Mri\data\Data 1 with distortion\all_images\tumor__Y21_36\restoration\gaussian_blur_sigma_3_0_restored.png",tumor,tumor,True,TT,0.971479
restored,gaussian_blur_sigma_3_0,"C:\Users\micha\OneDrive\שולחן העבודה\wordsFiles\Brain_Mri\data\Data 1 with distortion\all_images\tumor__Y257_9\restoration\gaussian_blur_sigma_3_0_restored.png",tumor,tumor,True,TT,0.988014
restored,gaussian_blur_sigma_3_0,"C:\Users\micha\OneDrive\שולחן העבודה\wordsFiles\Brain_Mri\data\Data 1 with distortion\all_images\tumor__Y258_32\restoration\gaussian_blur_sigma_3_0_restored.png",tumor,tumor,True,TT,0.977140
restored,gaussian_blur_sigma_3_0,"C:\Users\micha\OneDrive\שולחן העבודה\wordsFiles\Brain_Mri\data\Data 1 with distortion\all_images\tumor__Y35_37\restoration\gaussian_blur_sigma_3_0_restored.png",tumor,tumor,True,TT,0.916017
restored,gaussian_blur_sigma_3_0,"C:\Users\micha\OneDrive\שולחן העבודה\wordsFiles\Brain_Mri\data\Data 1 with distortion\all_images\tumor__Y36_23\restoration\gaussian_blur_sigma_3_0_restored.png",tumor,tumor,True,TT,0.984664
restored,gaussian_blur_sigma_3_0,"C:\Users\micha\OneDrive\שולחן העבודה\wordsFiles\Brain_Mri\data\Data 1 with distortion\all_images\tumor__Y37_20\restoration\gaussian_blur_sigma_3_0_restored.png",tumor,tumor,True,TT,0.990093
restored,gaussian_blur_sigma_3_0,"C:\Users\micha\OneDrive\שולחן העבודה\wordsFiles\Brain_Mri\data\Data 1 with distortion\all_images\tumor__Y3_35\restoration\gaussian_blur_sigma_3_0_restored.png",tumor,tumor,True,TT,0.976509
restored,gaussian_blur_sigma_3_0,"C:\Users\micha\OneDrive\שולחן העבודה\wordsFiles\Brain_Mri\data\Data 1 with distortion\all_images\tumor__Y41_14\restoration\gaussian_blur_sigma_3_0_restored.png",tumor,tumor,True,TT,0.986756
restored,gaussian_blur_sigma_3_0,"C:\Users\micha\OneDrive\שולחן העבודה\wordsFiles\Brain_Mri\data\Data 1 with distortion\all_images\tumor__Y54_18\restoration\gaussian_blur_sigma_3_0_restored.png",tumor,tumor,True,TT,0.988300
restored,gaussian_blur_sigma_3_0,"C:\Users\micha\OneDrive\שולחן העבודה\wordsFiles\Brain_Mri\data\Data 1 with distortion\all_images\tumor__Y61_12\restoration\gaussian_blur_sigma_3_0_restored.png",tumor,tumor,True,TT,0.971107
restored,gaussian_blur_sigma_3_0,"C:\Users\micha\OneDrive\שולחן העבודה\wordsFiles\Brain_Mri\data\Data 1 with distortion\all_images\tumor__Y6_4\restoration\gaussian_blur_sigma_3_0_restored.png",tumor,tumor,True,TT,0.965161
restored,gaussian_blur_sigma_3_0,"C:\Users\micha\OneDrive\שולחן העבודה\wordsFiles\Brain_Mri\data\Data 1 with distortion\all_images\tumor__Y73_29\restoration\gaussian_blur_sigma_3_0_restored.png",tumor,tumor,True,TT,0.962072
restored,gaussian_blur_sigma_3_0,"C:\Users\micha\OneDrive\שולחן העבודה\wordsFiles\Brain_Mri\data\Data 1 with distortion\all_images\tumor__Y78_30\restoration\gaussian_blur_sigma_3_0_restored.png",tumor,tumor,True,TT,0.940956
restored,gaussian_blur_sigma_3_0,"C:\Users\micha\OneDrive\שולחן העבודה\wordsFiles\Brain_Mri\data\Data 1 with distortion\all_images\tumor__Y79_13\restoration\gaussian_blur_sigma_3_0_restored.png",tumor,tumor,True,TT,0.988514
restored,gaussian_blur_sigma_3_0,"C:\Users\micha\OneDrive\שולחן העבודה\wordsFiles\Brain_Mri\data\Data 1 with distortion\all_images\tumor__Y90_3\restoration\gaussian_blur_sigma_3_0_restored.png",tumor,tumor,True,TT,0.742946
restored,gaussian_blur_sigma_3_0,"C:\Users\micha\OneDrive\שולחן העבודה\wordsFiles\Brain_Mri\data\Data 1 with distortion\all_images\tumor__Y95_8\restoration\gaussian_blur_sigma_3_0_restored.png",tumor,tumor,True,TT,0.845604