group,method,image_path,true_label,prediction,is_correct,confusion_type,tumor_probability
clean,original,"C:\Users\micha\OneDrive\שולחן העבודה\wordsFiles\Brain_Mri\data\Data 1 with distortion\all_images\no_tumor__14 no_28\distortions\clean.png",no_tumor,no_tumor,True,FF,0.203065
clean,original,"C:\Users\micha\OneDrive\שולחן העבודה\wordsFiles\Brain_Mri\data\Data 1 with distortion\all_images\no_tumor__19 no_16\distortions\clean.png",no_tumor,no_tumor,True,FF,0.133013
clean,original,"C:\Users\micha\OneDrive\שולחן העבודה\wordsFiles\Brain_Mri\data\Data 1 with distortion\all_images\no_tumor__20 no_19\distortions\clean.png",no_tumor,no_tumor,True,FF,0.462309
clean,original,"C:\Users\micha\OneDrive\שולחן העבודה\wordsFiles\Brain_Mri\data\Data 1 with distortion\all_images\no_tumor__27 no_2\distortions\clean.png",no_tumor,no_tumor,True,FF,0.351289
clean,original,"C:\Users\micha\OneDrive\שולחן העבודה\wordsFiles\Brain_Mri\data\Data 1 with distortion\all_images\no_tumor__32 no_1\distortions\clean.png",no_tumor,no_tumor,True,FF,0.118261
clean,original,"C:\Users\micha\OneDrive\שולחן העבודה\wordsFiles\Brain_Mri\data\Data 1 with distortion\all_images\no_tumor__34 no_0\distortions\clean.png",no_tumor,tumor,False,FT,0.876518
clean,original,"C:\Users\micha\OneDrive\שולחן העבודה\wordsFiles\Brain_Mri\data\Data 1 with distortion\all_images\no_tumor__39 no_11\distortions\clean.png",no_tumor,no_tumor,True,FF,0.432744
clean,original,"C:\Users\micha\OneDrive\שולחן העבודה\wordsFiles\Brain_Mri\data\Data 1 with distortion\all_images\no_tumor__N11_25\distortions\clean.png",no_tumor,no_tumor,True,FF,0.492828
clean,original,"C:\Users\micha\OneDrive\שולחן העבודה\wordsFiles\Brain_Mri\data\Data 1 with distortion\all_images\no_tumor__N15_10\distortions\clean.png",no_tumor,no_tumor,True,FF,0.403254
clean,original,"C:\Users\micha\OneDrive\שולחן העבודה\wordsFiles\Brain_Mri\data\Data 1 with distortion\all_images\no_tumor__N16_26\distortions\clean.png",no_tumor,tumor,False,FT,0.768871
clean,original,"C:\Users\micha\OneDrive\שולחן העבודה\wordsFiles\Brain_Mri\data\Data 1 with distortion\all_images\no_tumor__N17_7\distortions\clean.png",no_tumor,tumor,False,FT,0.763322
clean,original,"C:\Users\micha\OneDrive\שולחן העבודה\wordsFiles\Brain_Mri\data\Data 1 with distortion\all_images\no_tumor__N21_34\distortions\clean.png",no_tumor,no_tumor,True,FF,0.132207
clean,original,"C:\Users\micha\OneDrive\שולחן העבודה\wordsFiles\Brain_Mri\data\Data 1 with distortion\all_images\no_tumor__N22_31\distortions\clean.png",no_tumor,tumor,False,FT,0.667558
clean,original,"C:\Users\micha\OneDrive\שולחן העבודה\wordsFiles\Brain_Mri\data\Data 1 with distortion\all_images\no_tumor__N26_21\distortions\clean.png",no_tumor,tumor,False,FT,0.802426
clean,original,"C:\Users\micha\OneDrive\שולחן העבודה\wordsFiles\Brain_Mri\data\Data 1 with distortion\all_images\no_tumor__No21_6\distortions\clean.png",no_tumor,no_tumor,True,FF,0.477169
clean,original,"C:\Users\micha\OneDrive\שולחן העבודה\wordsFiles\Brain_Mri\data\Data 1 with distortion\all_images\tumor__Y115_5\distortions\clean.png",tumor,tumor,True,TT,0.795122
clean,original,"C:\Users\micha\OneDrive\שולחן העבודה\wordsFiles\Brain_Mri\data\Data 1 with distortion\all_images\tumor__Y116_17\distortions\clean.png",tumor,tumor,True,TT,0.612975
clean,original,"C:\Users\micha\OneDrive\שולחן העבודה\wordsFiles\Brain_Mri\data\Data 1 with distortion\all_images\tumor__Y155_24\distortions\clean.png",tumor,tumor,True,TT,0.975384
clean,original,"C:\Users\micha\OneDrive\שולחן העבודה\wordsFiles\Brain_Mri\data\Data 1 with distortion\all_images\tumor__Y162_27\distortions\clean.png",tumor,no_tumor,False,TF,0.440014
clean,original,"C:\Users\micha\OneDrive\שולחן העבודה\wordsFiles\Brain_Mri\data\Data 1 with distortion\all_images\tumor__Y180_33\distortions\clean.png",tumor,tumor,True,TT,0.999135
clean,original,"C:\Users\micha\OneDrive\שולחן העבודה\wordsFiles\Brain_Mri\data\Data 1 with distortion\all_images\tumor__Y1_22\distortions\clean.png",tumor,tumor,True,TT,0.675747
clean,original,"C:\Users\micha\OneDrive\שולחן העבודה\wordsFiles\Brain_Mri\data\Data 1 with distortion\all_images\tumor__Y20_15\distortions\clean.png",tumor,tumor,True,TT,0.744671
clean,original,"C:\Users\micha\OneDrive\שולחן העבודה\wordsFiles\Brain_Mri\data\Data 1 with distortion\all_images\tumor__Y21_36\distortions\clean.png",tumor,tumor,True,TT,0.724459
clean,original,"C:\Users\micha\OneDrive\שולחן העבודה\wordsFiles\Brain_Mri\data\Data 1 with distortion\all_images\tumor__Y257_9\distortions\clean.png",tumor,tumor,True,TT,0.810258
clean,original,"C:\Users\micha\OneDrive\שולחן העבודה\wordsFiles\Brain_Mri\data\Data 1 with distortion\all_images\tumor__Y258_32\distortions\clean.png",tumor,tumor,True,TT,0.714545
clean,original,"C:\Users\micha\OneDrive\שולחן העבודה\wordsFiles\Brain_Mri\data\Data 1 with distortion\all_images\tumor__Y35_37\distortions\clean.png",tumor,tumor,True,TT,0.688254
clean,original,"C:\Users\micha\OneDrive\שולחן העבודה\wordsFiles\Brain_Mri\data\Data 1 with distortion\all_images\tumor__Y36_23\distortions\clean.png",tumor,tumor,True,TT,0.945327
clean,original,"C:\Users\micha\OneDrive\שולחן העבודה\wordsFiles\Brain_Mri\data\Data 1 with distortion\all_images\tumor__Y37_20\distortions\clean.png",tumor,tumor,True,TT,0.967744
clean,original,"C:\Users\micha\OneDrive\שולחן העבודה\wordsFiles\Brain_Mri\data\Data 1 with distortion\all_images\tumor__Y3_35\distortions\clean.png",tumor,tumor,True,TT,0.756454
clean,original,"C:\Users\micha\OneDrive\שולחן העבודה\wordsFiles\Brain_Mri\data\Data 1 with distortion\all_images\tumor__Y41_14\distortions\clean.png",tumor,tumor,True,TT,0.948792
clean,original,"C:\Users\micha\OneDrive\שולחן העבודה\wordsFiles\Brain_Mri\data\Data 1 with distortion\all_images\tumor__Y54_18\distortions\clean.png",tumor,tumor,True,TT,0.919216
clean,original,"C:\Users\micha\OneDrive\שולחן העבודה\wordsFiles\Brain_Mri\data\Data 1 with distortion\all_images\tumor__Y61_12\distortions\clean.png",tumor,tumor,True,TT,0.723770
clean,original,"C:\Users\micha\OneDrive\שולחן העבודה\wordsFiles\Brain_Mri\data\Data 1 with distortion\all_images\tumor__Y6_4\distortions\clean.png",tumor,tumor,True,TT,0.754761
clean,original,"C:\Users\micha\OneDrive\שולחן העבודה\wordsFiles\Brain_Mri\data\Data 1 with distortion\all_images\tumor__Y73_29\distortions\clean.png",tumor,tumor,True,TT,0.814346
clean,original,"C:\Users\micha\OneDrive\שולחן העבודה\wordsFiles\Brain_Mri\data\Data 1 with distortion\all_images\tumor__Y78_30\distortions\clean.png",tumor,tumor,True,TT,0.566041
clean,original,"C:\Users\micha\OneDrive\שולחן העבודה\wordsFiles\Brain_Mri\data\Data 1 with distortion\all_images\tumor__Y79_13\distortions\clean.png",tumor,tumor,True,TT,0.957516
clean,original,"C:\Users\micha\OneDrive\שולחן העבודה\wordsFiles\Brain_Mri\data\Data 1 with distortion\all_images\tumor__Y90_3\distortions\clean.png",tumor,no_tumor,False,TF,0.243235
clean,original,"C:\Users\micha\OneDrive\שולחן העבודה\wordsFiles\Brain_Mri\data\Data 1 with distortion\all_images\tumor__Y95_8\distortions\clean.png",tumor,no_tumor,False,TF,0.415774
distorted,barrel_distortion,"C:\Users\micha\OneDrive\שולחן העבודה\wordsFiles\Brain_Mri\data\Data 1 with distortion\all_images\no_tumor__14 no_28\distortions\barrel_distortion.png",no_tumor,no_tumor,True,FF,0.109609
distorted,barrel_distortion,"C:\Users\micha\OneDrive\שולחן העבודה\wordsFiles\Brain_Mri\data\Data 1 with distortion\all_images\no_tumor__19 no_16\distortions\barrel_distortion.png",no_tumor,no_tumor,True,FF,0.089111
distorted,barrel_distortion,"C:\Users\micha\OneDrive\שולחן העבודה\wordsFiles\Brain_Mri\data\Data 1 with distortion\all_images\no_tumor__20 no_19\distortions\barrel_distortion.png",no_tumor,tumor,False,FT,0.921723
distorted,barrel_distortion,"C:\Users\micha\OneDrive\שולחן העבודה\wordsFiles\Brain_Mri\data\Data 1 with distortion\all_images\no_tumor__27 no_2\distortions\barrel_distortion.png",no_tumor,no_tumor,True,FF,0.202411
distorted,barrel_distortion,"C:\Users\micha\OneDrive\שולחן העבודה\wordsFiles\Brain_Mri\data\Data 1 with distortion\all_images\no_tumor__32 no_1\distortions\barrel_distortion.png",no_tumor,no_tumor,True,FF,0.384909
distorted,barrel_distortion,"C:\Users\micha\OneDrive\שולחן העבודה\wordsFiles\Brain_Mri\data\Data 1 with distortion\all_images\no_tumor__34 no_0\distortions\barrel_distortion.png",no_tumor,tumor,False,FT,0.685788
distorted,barrel_distortion,"C:\Users\micha\OneDrive\שולחן העבודה\wordsFiles\Brain_Mri\data\Data 1 with distortion\all_images\no_tumor__39 no_11\distortions\barrel_distortion.png",no_tumor,no_tumor,True,FF,0.314972
distorted,barrel_distortion,"C:\Users\micha\OneDrive\שולחן העבודה\wordsFiles\Brain_Mri\data\Data 1 with distortion\all_images\no_tumor__N11_25\distortions\barrel_distortion.png",no_tumor,no_tumor,True,FF,0.288330
distorted,barrel_distortion,"C:\Users\micha\OneDrive\שולחן העבודה\wordsFiles\Brain_Mri\data\Data 1 with distortion\all_images\no_tumor__N15_10\distortions\barrel_distortion.png",no_tumor,no_tumor,True,FF,0.175698
distorted,barrel_distortion,"C:\Users\micha\OneDrive\שולחן העבודה\wordsFiles\Brain_Mri\data\Data 1 with distortion\all_images\no_tumor__N16_26\distortions\barrel_distortion.png",no_tumor,tumor,False,FT,0.954922
distorted,barrel_distortion,"C:\Users\micha\OneDrive\שולחן העבודה\wordsFiles\Brain_Mri\data\Data 1 with distortion\all_images\no_tumor__N17_7\distortions\barrel_distortion.png",no_tumor,tumor,False,FT,0.938524
distorted,barrel_distortion,"C:\Users\micha\OneDrive\שולחן העבודה\wordsFiles\Brain_Mri\data\Data 1 with distortion\all_images\no_tumor__N21_34\distortions\barrel_distortion.png",no_tumor,no_tumor,True,FF,0.092874
distorted,barrel_distortion,"C:\Users\micha\OneDrive\שולחן העבודה\wordsFiles\Brain_Mri\data\Data 1 with distortion\all_images\no_tumor__N22_31\distortions\barrel_distortion.png",no_tumor,no_tumor,True,FF,0.379199
distorted,barrel_distortion,"C:\Users\micha\OneDrive\שולחן העבודה\wordsFiles\Brain_Mri\data\Data 1 with distortion\all_images\no_tumor__N26_21\distortions\barrel_distortion.png",no_tumor,tumor,False,FT,0.595703
distorted,barrel_distortion,"C:\Users\micha\OneDrive\שולחן העבודה\wordsFiles\Brain_Mri\data\Data 1 with distortion\all_images\no_tumor__No21_6\distortions\barrel_distortion.png",no_tumor,no_tumor,True,FF,0.387712
distorted,barrel_distortion,"C:\Users\micha\OneDrive\שולחן העבודה\wordsFiles\Brain_Mri\data\Data 1 with distortion\all_images\tumor__Y115_5\distortions\barrel_distortion.png",tumor,no_tumor,False,TF,0.490899
distorted,barrel_distortion,"C:\Users\micha\OneDrive\שולחן העבודה\wordsFiles\Brain_Mri\data\Data 1 with distortion\all_images\tumor__Y116_17\distortions\barrel_distortion.png",tumor,no_tumor,False,TF,0.373017
distorted,barrel_distortion,"C:\Users\micha\OneDrive\שולחן העבודה\wordsFiles\Brain_Mri\data\Data 1 with distortion\all_images\tumor__Y155_24\distortions\barrel_distortion.png",tumor,tumor,True,TT,0.902807
distorted,barrel_distortion,"C:\Users\micha\OneDrive\שולחן העבודה\wordsFiles\Brain_Mri\data\Data 1 with distortion\all_images\tumor__Y162_27\distortions\barrel_distortion.png",tumor,no_tumor,False,TF,0.239865
distorted,barrel_distortion,"C:\Users\micha\OneDrive\שולחן העבודה\wordsFiles\Brain_Mri\data\Data 1 with distortion\all_images\tumor__Y180_33\distortions\barrel_distortion.png",tumor,tumor,True,TT,0.997827
distorted,barrel_distortion,"C:\Users\micha\OneDrive\שולחן העבודה\wordsFiles\Brain_Mri\data\Data 1 with distortion\all_images\tumor__Y1_22\distortions\barrel_distortion.png",tumor,no_tumor,False,TF,0.459549
distorted,barrel_distortion,"C:\Users\micha\OneDrive\שולחן העבודה\wordsFiles\Brain_Mri\data\Data 1 with distortion\all_images\tumor__Y20_15\distortions\barrel_distortion.png",tumor,no_tumor,False,TF,0.471075
distorted,barrel_distortion,"C:\Users\micha\OneDrive\שולחן העבודה\wordsFiles\Brain_Mri\data\Data 1 with distortion\all_images\tumor__Y21_36\distortions\barrel_distortion.png",tumor,no_tumor,False,TF,0.474896
distorted,barrel_distortion,"C:\Users\micha\OneDrive\שולחן העבודה\wordsFiles\Brain_Mri\data\Data 1 with distortion\all_images\tumor__Y257_9\distortions\barrel_distortion.png",tumor,tumor,True,TT,0.507688
distorted,barrel_distortion,"C:\Users\micha\OneDrive\שולחן העבודה\wordsFiles\Brain_Mri\data\Data 1 with distortion\all_images\tumor__Y258_32\distortions\barrel_distortion.png",tumor,no_tumor,False,TF,0.446882
distorted,barrel_distortion,"C:\Users\micha\OneDrive\שולחן העבודה\wordsFiles\Brain_Mri\data\Data 1 with distortion\all_images\tumor__Y35_37\distortions\barrel_distortion.png",tumor,tumor,True,TT,0.848336
distorted,barrel_distortion,"C:\Users\micha\OneDrive\שולחן העבודה\wordsFiles\Brain_Mri\data\Data 1 with distortion\all_images\tumor__Y36_23\distortions\barrel_distortion.png",tumor,tumor,True,TT,0.800203
distorted,barrel_distortion,"C:\Users\micha\OneDrive\שולחן העבודה\wordsFiles\Brain_Mri\data\Data 1 with distortion\all_images\tumor__Y37_20\distortions\barrel_distortion.png",tumor,tumor,True,TT,0.998107
distorted,barrel_distortion,"C:\Users\micha\OneDrive\שולחן העבודה\wordsFiles\Brain_Mri\data\Data 1 with distortion\all_images\tumor__Y3_35\distortions\barrel_distortion.png",tumor,no_tumor,False,TF,0.499087
distorted,barrel_distortion,"C:\Users\micha\OneDrive\שולחן העבודה\wordsFiles\Brain_Mri\data\Data 1 with distortion\all_images\tumor__Y41_14\distortions\barrel_distortion.png",tumor,tumor,True,TT,0.702923
distorted,barrel_distortion,"C:\Users\micha\OneDrive\שולחן העבודה\wordsFiles\Brain_Mri\data\Data 1 with distortion\all_images\tumor__Y54_18\distortions\barrel_distortion.png",tumor,tumor,True,TT,0.719544
distorted,barrel_distortion,"C:\Users\micha\OneDrive\שולחן העבודה\wordsFiles\Brain_Mri\data\Data 1 with distortion\all_images\tumor__Y61_12\distortions\barrel_distortion.png",tumor,no_tumor,False,TF,0.487145
distorted,barrel_distortion,"C:\Users\micha\OneDrive\שולחן העבודה\wordsFiles\Brain_Mri\data\Data 1 with distortion\all_images\tumor__Y6_4\distortions\barrel_distortion.png",tumor,tumor,True,TT,0.521121
distorted,barrel_distortion,"C:\Users\micha\OneDrive\שולחן העבודה\wordsFiles\Brain_Mri\data\Data 1 with distortion\all_images\tumor__Y73_29\distortions\barrel_distortion.png",tumor,no_tumor,False,TF,0.400031
distorted,barrel_distortion,"C:\Users\micha\OneDrive\שולחן העבודה\wordsFiles\Brain_Mri\data\Data 1 with distortion\all_images\tumor__Y78_30\distortions\barrel_distortion.png",tumor,no_tumor,False,TF,0.408539
distorted,barrel_distortion,"C:\Users\micha\OneDrive\שולחן העבודה\wordsFiles\Brain_Mri\data\Data 1 with distortion\all_images\tumor__Y79_13\distortions\barrel_distortion.png",tumor,tumor,True,TT,0.805877
distorted,barrel_distortion,"C:\Users\micha\OneDrive\שולחן העבודה\wordsFiles\Brain_Mri\data\Data 1 with distortion\all_images\tumor__Y90_3\distortions\barrel_distortion.png",tumor,no_tumor,False,TF,0.156958
distorted,barrel_distortion,"C:\Users\micha\OneDrive\שולחן העבודה\wordsFiles\Brain_Mri\data\Data 1 with distortion\all_images\tumor__Y95_8\distortions\barrel_distortion.png",tumor,tumor,True,TT,0.603889
restored,barrel_distortion,"C:\Users\micha\OneDrive\שולחן העבודה\wordsFiles\Brain_Mri\data\Data 1 with distortion\all_images\no_tumor__14 no_28\restoration\barrel_distortion_restored.png",no_tumor,no_tumor,True,FF,0.200981
restored,barrel_distortion,"C:\Users\micha\OneDrive\שולחן העבודה\wordsFiles\Brain_Mri\data\Data 1 with distortion\all_images\no_tumor__19 no_16\restoration\barrel_distortion_restored.png",no_tumor,no_tumor,True,FF,0.132178
restored,barrel_distortion,"C:\Users\micha\OneDrive\שולחן העבודה\wordsFiles\Brain_Mri\data\Data 1 with distortion\all_images\no_tumor__20 no_19\restoration\barrel_distortion_restored.png",no_tumor,tumor,False,FT,0.579473
restored,barrel_distortion,"C:\Users\micha\OneDrive\שולחן העבודה\wordsFiles\Brain_Mri\data\Data 1 with distortion\all_images\no_tumor__27 no_2\restoration\barrel_distortion_restored.png",no_tumor,no_tumor,True,FF,0.381625
restored,barrel_distortion,"C:\Users\micha\OneDrive\שולחן העבודה\wordsFiles\Brain_Mri\data\Data 1 with distortion\all_images\no_tumor__32 no_1\restoration\barrel_distortion_restored.png",no_tumor,no_tumor,True,FF,0.112050
restored,barrel_distortion,"C:\Users\micha\OneDrive\שולחן העבודה\wordsFiles\Brain_Mri\data\Data 1 with distortion\all_images\no_tumor__34 no_0\restoration\barrel_distortion_restored.png",no_tumor,tumor,False,FT,0.914423
restored,barrel_distortion,"C:\Users\micha\OneDrive\שולחן העבודה\wordsFiles\Brain_Mri\data\Data 1 with distortion\all_images\no_tumor__39 no_11\restoration\barrel_distortion_restored.png",no_tumor,no_tumor,True,FF,0.439665
restored,barrel_distortion,"C:\Users\micha\OneDrive\שולחן העבודה\wordsFiles\Brain_Mri\data\Data 1 with distortion\all_images\no_tumor__N11_25\restoration\barrel_distortion_restored.png",no_tumor,tumor,False,FT,0.501501
restored,barrel_distortion,"C:\Users\micha\OneDrive\שולחן העבודה\wordsFiles\Brain_Mri\data\Data 1 with distortion\all_images\no_tumor__N15_10\restoration\barrel_distortion_restored.png",no_tumor,no_tumor,True,FF,0.427807
restored,barrel_distortion,"C:\Users\micha\OneDrive\שולחן העבודה\wordsFiles\Brain_Mri\data\Data 1 with distortion\all_images\no_tumor__N16_26\restoration\barrel_distortion_restored.png",no_tumor,tumor,False,FT,0.779529
restored,barrel_distortion,"C:\Users\micha\OneDrive\שולחן העבודה\wordsFiles\Brain_Mri\data\Data 1 with distortion\all_images\no_tumor__N17_7\restoration\barrel_distortion_restored.png",no_tumor,tumor,False,FT,0.775759
restored,barrel_distortion,"C:\Users\micha\OneDrive\שולחן העבודה\wordsFiles\Brain_Mri\data\Data 1 with distortion\all_images\no_tumor__N21_34\restoration\barrel_distortion_restored.png",no_tumor,no_tumor,True,FF,0.145237
restored,barrel_distortion,"C:\Users\micha\OneDrive\שולחן העבודה\wordsFiles\Brain_Mri\data\Data 1 with distortion\all_images\no_tumor__N22_31\restoration\barrel_distortion_restored.png",no_tumor,tumor,False,FT,0.706543
restored,barrel_distortion,"C:\Users\micha\OneDrive\שולחן העבודה\wordsFiles\Brain_Mri\data\Data 1 with distortion\all_images\no_tumor__N26_21\restoration\barrel_distortion_restored.png",no_tumor,tumor,False,FT,0.827079
restored,barrel_distortion,"C:\Users\micha\OneDrive\שולחן העבודה\wordsFiles\Brain_Mri\data\Data 1 with distortion\all_images\no_tumor__No21_6\restoration\barrel_distortion_restored.png",no_tumor,no_tumor,True,FF,0.478183
restored,barrel_distortion,"C:\Users\micha\OneDrive\שולחן העבודה\wordsFiles\Brain_Mri\data\Data 1 with distortion\all_images\tumor__Y115_5\restoration\barrel_distortion_restored.png",tumor,tumor,True,TT,0.802354
restored,barrel_distortion,"C:\Users\micha\OneDrive\שולחן העבודה\wordsFiles\Brain_Mri\data\Data 1 with distortion\all_images\tumor__Y116_17\restoration\barrel_distortion_restored.png",tumor,tumor,True,TT,0.631331
restored,barrel_distortion,"C:\Users\micha\OneDrive\שולחן העבודה\wordsFiles\Brain_Mri\data\Data 1 with distortion\all_images\tumor__Y155_24\restoration\barrel_distortion_restored.png",tumor,tumor,True,TT,0.983333
restored,barrel_distortion,"C:\Users\micha\OneDrive\שולחן העבודה\wordsFiles\Brain_Mri\data\Data 1 with distortion\all_images\tumor__Y162_27\restoration\barrel_distortion_restored.png",tumor,no_tumor,False,TF,0.457170
restored,barrel_distortion,"C:\Users\micha\OneDrive\שולחן העבודה\wordsFiles\Brain_Mri\data\Data 1 with distortion\all_images\tumor__Y180_33\restoration\barrel_distortion_restored.png",tumor,tumor,True,TT,0.999478
restored,barrel_distortion,"C:\Users\micha\OneDrive\שולחן העבודה\wordsFiles\Brain_Mri\data\Data 1 with distortion\all_images\tumor__Y1_22\restoration\barrel_distortion_restored.png",tumor,tumor,True,TT,0.704285
restored,barrel_distortion,"C:\Users\micha\OneDrive\שולחן העבודה\wordsFiles\Brain_Mri\data\Data 1 with distortion\all_images\tumor__Y20_15\restoration\barrel_distortion_restored.png",tumor,tumor,True,TT,0.768578
restored,barrel_distortion,"C:\Users\micha\OneDrive\שולחן העבודה\wordsFiles\Brain_Mri\data\Data 1 with distortion\all_images\tumor__Y21_36\restoration\barrel_distortion_restored.png",tumor,tumor,True,TT,0.745215
restored,barrel_distortion,"C:\Users\micha\OneDrive\שולחן העבודה\wordsFiles\Brain_Mri\data\Data 1 with distortion\all_images\tumor__Y257_9\restoration\barrel_distortion_restored.png",tumor,tumor,True,TT,0.844133
restored,barrel_distortion,"C:\Users\micha\OneDrive\שולחן העבודה\wordsFiles\Brain_Mri\data\Data 1 with distortion\all_images\tumor__Y258_32\restoration\barrel_distortion_restored.png",tumor,tumor,True,TT,0.758351
restored,barrel_distortion,"C:\Users\micha\OneDrive\שולחן העבודה\wordsFiles\Brain_Mri\data\Data 1 with distortion\all_images\tumor__Y35_37\restoration\barrel_distortion_restored.png",tumor,tumor,True,TT,0.731462
restored,barrel_distortion,"C:\Users\micha\OneDrive\שולחן העבודה\wordsFiles\Brain_Mri\data\Data 1 with distortion\all_images\tumor__Y36_23\restoration\barrel_distortion_restored.png",tumor,tumor,True,TT,0.952951
restored,barrel_distortion,"C:\Users\micha\OneDrive\שולחן העבודה\wordsFiles\Brain_Mri\data\Data 1 with distortion\all_images\tumor__Y37_20\restoration\barrel_distortion_restored.png",tumor,tumor,True,TT,0.989310
restored,barrel_distortion,"C:\Users\micha\OneDrive\שולחן העבודה\wordsFiles\Brain_Mri\data\Data 1 with distortion\all_images\tumor__Y3_35\restoration\barrel_distortion_restored.png",tumor,tumor,True,TT,0.796108
restored,barrel_distortion,"C:\Users\micha\OneDrive\שולחן העבודה\wordsFiles\Brain_Mri\data\Data 1 with distortion\all_images\tumor__Y41_14\restoration\barrel_distortion_restored.png",tumor,tumor,True,TT,0.959428
restored,barrel_distortion,"C:\Users\micha\OneDrive\שולחן העבודה\wordsFiles\Brain_Mri\data\Data 1 with distortion\all_images\tumor__Y54_18\restoration\barrel_distortion_restored.png",tumor,tumor,True,TT,0.936916
restored,barrel_distortion,"C:\Users\micha\OneDrive\שולחן העבודה\wordsFiles\Brain_Mri\data\Data 1 with distortion\all_images\tumor__Y61_12\restoration\barrel_distortion_restored.png",tumor,tumor,True,TT,0.738529
restored,barrel_distortion,"C:\Users\micha\OneDrive\שולחן העבודה\wordsFiles\Brain_Mri\data\Data 1 with distortion\all_images\tumor__Y6_4\restoration\barrel_distortion_restored.png",tumor,tumor,True,TT,0.761247
restored,barrel_distortion,"C:\Users\micha\OneDrive\שולחן העבודה\wordsFiles\Brain_Mri\data\Data 1 with distortion\all_images\tumor__Y73_29\restoration\barrel_distortion_restored.png",tumor,tumor,True,TT,0.870838
restored,barrel_distortion,"C:\Users\micha\OneDrive\שולחן העבודה\wordsFiles\Brain_Mri\data\Data 1 with distortion\all_images\tumor__Y78_30\restoration\barrel_distortion_restored.png",tumor,tumor,True,TT,0.605135
restored,barrel_distortion,"C:\Users\micha\OneDrive\שולחן העבודה\wordsFiles\Brain_Mri\data\Data 1 with distortion\all_images\tumor__Y79_13\restoration\barrel_distortion_restored.png",tumor,tumor,True,TT,0.974715
restored,barrel_distortion,"C:\Users\micha\OneDrive\שולחן העבודה\wordsFiles\Brain_Mri\data\Data 1 with distortion\all_images\tumor__Y90_3\restoration\barrel_distortion_restored.png",tumor,no_tumor,False,TF,0.249754
restored,barrel_distortion,"C:\Users\micha\OneDrive\שולחן העבודה\wordsFiles\Brain_Mri\data\Data 1 with distortion\all_images\tumor__Y95_8\restoration\barrel_distortion_restored.png",tumor,no_tumor,False,TF,0.405182
distorted,brightness_contrast,"C:\Users\micha\OneDrive\שולחן העבודה\wordsFiles\Brain_Mri\data\Data 1 with distortion\all_images\no_tumor__14 no_28\distortions\brightness_contrast.png",no_tumor,tumor,False,FT,0.573437
distorted,brightness_contrast,"C:\Users\micha\OneDrive\שולחן העבודה\wordsFiles\Brain_Mri\data\Data 1 with distortion\all_images\no_tumor__19 no_16\distortions\brightness_contrast.png",no_tumor,no_tumor,True,FF,0.308252
distorted,brightness_contrast,"C:\Users\micha\OneDrive\שולחן העבודה\wordsFiles\Brain_Mri\data\Data 1 with distortion\all_images\no_tumor__20 no_19\distortions\brightness_contrast.png",no_tumor,tumor,False,FT,0.976979
distorted,brightness_contrast,"C:\Users\micha\OneDrive\שולחן העבודה\wordsFiles\Brain_Mri\data\Data 1 with distortion\all_images\no_tumor__27 no_2\distortions\brightness_contrast.png",no_tumor,no_tumor,True,FF,0.311821
distorted,brightness_contrast,"C:\Users\micha\OneDrive\שולחן העבודה\wordsFiles\Brain_Mri\data\Data 1 with distortion\all_images\no_tumor__32 no_1\distortions\brightness_contrast.png",no_tumor,no_tumor,True,FF,0.222266
distorted,brightness_contrast,"C:\Users\micha\OneDrive\שולחן העבודה\wordsFiles\Brain_Mri\data\Data 1 with distortion\all_images\no_tumor__34 no_0\distortions\brightness_contrast.png",no_tumor,tumor,False,FT,0.555234
distorted,brightness_contrast,"C:\Users\micha\OneDrive\שולחן העבודה\wordsFiles\Brain_Mri\data\Data 1 with distortion\all_images\no_tumor__39 no_11\distortions\brightness_contrast.png",no_tumor,tumor,False,FT,0.587416
distorted,brightness_contrast,"C:\Users\micha\OneDrive\שולחן העבודה\wordsFiles\Brain_Mri\data\Data 1 with distortion\all_images\no_tumor__N11_25\distortions\brightness_contrast.png",no_tumor,no_tumor,True,FF,0.241243
distorted,brightness_contrast,"C:\Users\micha\OneDrive\שולחן העבודה\wordsFiles\Brain_Mri\data\Data 1 with distortion\all_images\no_tumor__N15_10\distortions\brightness_contrast.png",no_tumor,tumor,False,FT,0.968272
distorted,brightness_contrast,"C:\Users\micha\OneDrive\שולחן העבודה\wordsFiles\Brain_Mri\data\Data 1 with distortion\all_images\no_tumor__N16_26\distortions\brightness_contrast.png",no_tumor,tumor,False,FT,0.677613
distorted,brightness_contrast,"C:\Users\micha\OneDrive\שולחן העבודה\wordsFiles\Brain_Mri\data\Data 1 with distortion\all_images\no_tumor__N17_7\distortions\brightness_contrast.png",no_tumor,tumor,False,FT,0.670110
distorted,brightness_contrast,"C:\Users\micha\OneDrive\שולחן העבודה\wordsFiles\Brain_Mri\data\Data 1 with distortion\all_images\no_tumor__N21_34\distortions\brightness_contrast.png",no_tumor,tumor,False,FT,0.777990
distorted,brightness_contrast,"C:\Users\micha\OneDrive\שולחן העבודה\wordsFiles\Brain_Mri\data\Data 1 with distortion\all_images\no_tumor__N22_31\distortions\brightness_contrast.png",no_tumor,tumor,False,FT,0.615229
distorted,brightness_contrast,"C:\Users\micha\OneDrive\שולחן העבודה\wordsFiles\Brain_Mri\data\Data 1 with distortion\all_images\no_tumor__N26_21\distortions\brightness_contrast.png",no_tumor,tumor,False,FT,0.979568
distorted,brightness_contrast,"C:\Users\micha\OneDrive\שולחן העבודה\wordsFiles\Brain_Mri\data\Data 1 with distortion\all_images\no_tumor__No21_6\distortions\brightness_contrast.png",no_tumor,tumor,False,FT,0.593373
distorted,brightness_contrast,"C:\Users\micha\OneDrive\שולחן העבודה\wordsFiles\Brain_Mri\data\Data 1 with distortion\all_images\tumor__Y115_5\distortions\brightness_contrast.png",tumor,tumor,True,TT,0.967289
distorted,brightness_contrast,"C:\Users\micha\OneDrive\שולחן העבודה\wordsFiles\Brain_Mri\data\Data 1 with distortion\all_images\tumor__Y116_17\distortions\brightness_contrast.png",tumor,tumor,True,TT,0.956918
distorted,brightness_contrast,"C:\Users\micha\OneDrive\שולחן העבודה\wordsFiles\Brain_Mri\data\Data 1 with distortion\all_images\tumor__Y155_24\distortions\brightness_contrast.png",tumor,tumor,True,TT,0.990191
distorted,brightness_contrast,"C:\Users\micha\OneDrive\שולחן העבודה\wordsFiles\Brain_Mri\data\Data 1 with distortion\all_images\tumor__Y162_27\distortions\brightness_contrast.png",tumor,tumor,True,TT,0.932356
distorted,brightness_contrast,"C:\Users\micha\OneDrive\שולחן העבודה\wordsFiles\Brain_Mri\data\Data 1 with distortion\all_images\tumor__Y180_33\distortions\brightness_contrast.png",tumor,tumor,True,TT,0.998277
distorted,brightness_contrast,"C:\Users\micha\OneDrive\שולחן העבודה\wordsFiles\Brain_Mri\data\Data 1 with distortion\all_images\tumor__Y1_22\distortions\brightness_contrast.png",tumor,tumor,True,TT,0.876775
distorted,brightness_contrast,"C:\Users\micha\OneDrive\שולחן העבודה\wordsFiles\Brain_Mri\data\Data 1 with distortion\all_images\tumor__Y20_15\distortions\brightness_contrast.png",tumor,tumor,True,TT,0.627644
distorted,brightness_contrast,"C:\Users\micha\OneDrive\שולחן העבודה\wordsFiles\Brain_Mri\data\Data 1 with distortion\all_images\tumor__Y21_36\distortions\brightness_contrast.png",tumor,tumor,True,TT,0.975963
distorted,brightness_contrast,"C:\Users\micha\OneDrive\שולחן העבודה\wordsFiles\Brain_Mri\data\Data 1 with distortion\all_images\tumor__Y257_9\distortions\brightness_contrast.png",tumor,no_tumor,False,TF,0.352503
distorted,brightness_contrast,"C:\Users\micha\OneDrive\שולחן העבודה\wordsFiles\Brain_Mri\data\Data 1 with distortion\all_images\tumor__Y258_32\distortions\brightness_contrast.png",tumor,no_tumor,False,TF,0.448089
distorted,brightness_contrast,"C:\Users\micha\OneDrive\שולחן העבודה\wordsFiles\Brain_Mri\data\Data 1 with distortion\all_images\tumor__Y35_37\distortions\brightness_contrast.png",tumor,no_tumor,False,TF,0.334859
distorted,brightness_contrast,"C:\Users\micha\OneDrive\שולחן העבודה\wordsFiles\Brain_Mri\data\Data 1 with distortion\all_images\tumor__Y36_23\distortions\brightness_contrast.png",tumor,tumor,True,TT,0.988914
distorted,brightness_contrast,"C:\Users\micha\OneDrive\שולחן העבודה\wordsFiles\Brain_Mri\data\Data 1 with distortion\all_images\tumor__Y37_20\distortions\brightness_contrast.png",tumor,tumor,True,TT,0.986782
distorted,brightness_contrast,"C:\Users\micha\OneDrive\שולחן העבודה\wordsFiles\Brain_Mri\data\Data 1 with distortion\all_images\tumor__Y3_35\distortions\brightness_contrast.png",tumor,tumor,True,TT,0.754306
distorted,brightness_contrast,"C:\Users\micha\OneDrive\שולחן העבודה\wordsFiles\Brain_Mri\data\Data 1 with distortion\all_images\tumor__Y41_14\distortions\brightness_contrast.png",tumor,tumor,True,TT,0.965017
distorted,brightness_contrast,"C:\Users\micha\OneDrive\שולחן העבודה\wordsFiles\Brain_Mri\data\Data 1 with distortion\all_images\tumor__Y54_18\distortions\brightness_contrast.png",tumor,tumor,True,TT,0.915733
distorted,brightness_contrast,"C:\Users\micha\OneDrive\שולחן העבודה\wordsFiles\Brain_Mri\data\Data 1 with distortion\all_images\tumor__Y61_12\distortions\brightness_contrast.png",tumor,tumor,True,TT,0.864370
distorted,brightness_contrast,"C:\Users\micha\OneDrive\שולחן העבודה\wordsFiles\Brain_Mri\data\Data 1 with distortion\all_images\tumor__Y6_4\distortions\brightness_contrast.png",tumor,no_tumor,False,TF,0.335671
distorted,brightness_contrast,"C:\Users\micha\OneDrive\שולחן העבודה\wordsFiles\Brain_Mri\data\Data 1 with distortion\all_images\tumor__Y73_29\distortions\brightness_contrast.png",tumor,tumor,True,TT,0.988686
distorted,brightness_contrast,"C:\Users\micha\OneDrive\שולחן העבודה\wordsFiles\Brain_Mri\data\Data 1 with distortion\all_images\tumor__Y78_30\distortions\brightness_contrast.png",tumor,tumor,True,TT,0.680426
distorted,brightness_contrast,"C:\Users\micha\OneDrive\שולחן העבודה\wordsFiles\Brain_Mri\data\Data 1 with distortion\all_images\tumor__Y79_13\distortions\brightness_contrast.png",tumor,tumor,True,TT,0.983272
distorted,brightness_contrast,"C:\Users\micha\OneDrive\שולחן העבודה\wordsFiles\Brain_Mri\data\Data 1 with distortion\all_images\tumor__Y90_3\distortions\brightness_contrast.png",tumor,tumor,True,TT,0.838374
distorted,brightness_contrast,"C:\Users\micha\OneDrive\שולחן העבודה\wordsFiles\Brain_Mri\data\Data 1 with distortion\all_images\tumor__Y95_8\distortions\brightness_contrast.png",tumor,no_tumor,False,TF,0.247796
restored,brightness_contrast,"C:\Users\micha\OneDrive\שולחן העבודה\wordsFiles\Brain_Mri\data\Data 1 with distortion\all_images\no_tumor__14 no_28\restoration\brightness_contrast_restored.png",no_tumor,no_tumor,True,FF,0.494542
restored,brightness_contrast,"C:\Users\micha\OneDrive\שולחן העבודה\wordsFiles\Brain_Mri\data\Data 1 with distortion\all_images\no_tumor__19 no_16\restoration\brightness_contrast_restored.png",no_tumor,no_tumor,True,FF,0.275547
restored,brightness_contrast,"C:\Users\micha\OneDrive\שולחן העבודה\wordsFiles\Brain_Mri\data\Data 1 with distortion\all_images\no_tumor__20 no_19\restoration\brightness_contrast_restored.png",no_tumor,tumor,False,FT,0.982402
restored,brightness_contrast,"C:\Users\micha\OneDrive\שולחן העבודה\wordsFiles\Brain_Mri\data\Data 1 with distortion\all_images\no_tumor__27 no_2\restoration\brightness_contrast_restored.png",no_tumor,no_tumor,True,FF,0.371877
restored,brightness_contrast,"C:\Users\micha\OneDrive\שולחן העבודה\wordsFiles\Brain_Mri\data\Data 1 with distortion\all_images\no_tumor__32 no_1\restoration\brightness_contrast_restored.png",no_tumor,no_tumor,True,FF,0.197518
restored,brightness_contrast,"C:\Users\micha\OneDrive\שולחן העבודה\wordsFiles\Brain_Mri\data\Data 1 with distortion\all_images\no_tumor__34 no_0\restoration\brightness_contrast_restored.png",no_tumor,tumor,False,FT,0.694795
restored,brightness_contrast,"C:\Users\micha\OneDrive\שולחן העבודה\wordsFiles\Brain_Mri\data\Data 1 with distortion\all_images\no_tumor__39 no_11\restoration\brightness_contrast_restored.png",no_tumor,tumor,False,FT,0.519513
restored,brightness_contrast,"C:\Users\micha\OneDrive\שולחן העבודה\wordsFiles\Brain_Mri\data\Data 1 with distortion\all_images\no_tumor__N11_25\restoration\brightness_contrast_restored.png",no_tumor,no_tumor,True,FF,0.362676
restored,brightness_contrast,"C:\Users\micha\OneDrive\שולחן העבודה\wordsFiles\Brain_Mri\data\Data 1 with distortion\all_images\no_tumor__N15_10\restoration\brightness_contrast_restored.png",no_tumor,tumor,False,FT,0.964928
restored,brightness_contrast,"C:\Users\micha\OneDrive\שולחן העבודה\wordsFiles\Brain_Mri\data\Data 1 with distortion\all_images\no_tumor__N16_26\restoration\brightness_contrast_restored.png",no_tumor,tumor,False,FT,0.718594
restored,brightness_contrast,"C:\Users\micha\OneDrive\שולחן העבודה\wordsFiles\Brain_Mri\data\Data 1 with distortion\all_images\no_tumor__N17_7\restoration\brightness_contrast_restored.png",no_tumor,tumor,False,FT,0.713620
restored,brightness_contrast,"C:\Users\micha\OneDrive\שולחן העבודה\wordsFiles\Brain_Mri\data\Data 1 with distortion\all_images\no_tumor__N21_34\restoration\brightness_contrast_restored.png",no_tumor,tumor,False,FT,0.772465
restored,brightness_contrast,"C:\Users\micha\OneDrive\שולחן העבודה\wordsFiles\Brain_Mri\data\Data 1 with distortion\all_images\no_tumor__N22_31\restoration\brightness_contrast_restored.png",no_tumor,tumor,False,FT,0.730239
restored,brightness_contrast,"C:\Users\micha\OneDrive\שולחן העבודה\wordsFiles\Brain_Mri\data\Data 1 with distortion\all_images\no_tumor__N26_21\restoration\brightness_contrast_restored.png",no_tumor,tumor,False,FT,0.976435
restored,brightness_contrast,"C:\Users\micha\OneDrive\שולחן העבודה\wordsFiles\Brain_Mri\data\Data 1 with distortion\all_images\no_tumor__No21_6\restoration\brightness_contrast_restored.png",no_tumor,tumor,False,FT,0.531482
restored,brightness_contrast,"C:\Users\micha\OneDrive\שולחן העבודה\wordsFiles\Brain_Mri\data\Data 1 with distortion\all_images\tumor__Y115_5\restoration\brightness_contrast_restored.png",tumor,tumor,True,TT,0.964467
restored,brightness_contrast,"C:\Users\micha\OneDrive\שולחן העבודה\wordsFiles\Brain_Mri\data\Data 1 with distortion\all_images\tumor__Y116_17\restoration\brightness_contrast_restored.png",tumor,tumor,True,TT,0.951506
restored,brightness_contrast,"C:\Users\micha\OneDrive\שולחן העבודה\wordsFiles\Brain_Mri\data\Data 1 with distortion\all_images\tumor__Y155_24\restoration\brightness_contrast_restored.png",tumor,tumor,True,TT,0.987645
restored,brightness_contrast,"C:\Users\micha\OneDrive\שולחן העבודה\wordsFiles\Brain_Mri\data\Data 1 with distortion\all_images\tumor__Y162_27\restoration\brightness_contrast_restored.png",tumor,tumor,True,TT,0.905468
restored,brightness_contrast,"C:\Users\micha\OneDrive\שולחן העבודה\wordsFiles\Brain_Mri\data\Data 1 with distortion\all_images\tumor__Y180_33\restoration\brightness_contrast_restored.png",tumor,tumor,True,TT,0.997663
restored,brightness_contrast,"C:\Users\micha\OneDrive\שולחן העבודה\wordsFiles\Brain_Mri\data\Data 1 with distortion\all_images\tumor__Y1_22\restoration\brightness_contrast_restored.png",tumor,tumor,True,TT,0.891335
restored,brightness_contrast,"C:\Users\micha\OneDrive\שולחן העבודה\wordsFiles\Brain_Mri\data\Data 1 with distortion\all_images\tumor__Y20_15\restoration\brightness_contrast_restored.png",tumor,tumor,True,TT,0.697978
restored,brightness_contrast,"C:\Users\micha\OneDrive\שולחן העבודה\wordsFiles\Brain_Mri\data\Data 1 with distortion\all_images\tumor__Y21_36\restoration\brightness_contrast_restored.png",tumor,tumor,True,TT,0.984730
restored,brightness_contrast,"C:\Users\micha\OneDrive\שולחן העבודה\wordsFiles\Brain_Mri\data\Data 1 with distortion\all_images\tumor__Y257_9\restoration\brightness_contrast_restored.png",tumor,tumor,True,TT,0.546392
restored,brightness_contrast,"C:\Users\micha\OneDrive\שולחן העבודה\wordsFiles\Brain_Mri\data\Data 1 with distortion\all_images\tumor__Y258_32\restoration\brightness_contrast_restored.png",tumor,tumor,True,TT,0.557323
restored,brightness_contrast,"C:\Users\micha\OneDrive\שולחן העבודה\wordsFiles\Brain_Mri\data\Data 1 with distortion\all_images\tumor__Y35_37\restoration\brightness_contrast_restored.png",tumor,no_tumor,False,TF,0.415599
restored,brightness_contrast,"C:\Users\micha\OneDrive\שולחן העבודה\wordsFiles\Brain_Mri\data\Data 1 with distortion\all_images\tumor__Y36_23\restoration\brightness_contrast_restored.png",tumor,tumor,True,TT,0.990805
restored,brightness_contrast,"C:\Users\micha\OneDrive\שולחן העבודה\wordsFiles\Brain_Mri\data\Data 1 with distortion\all_images\tumor__Y37_20\restoration\brightness_contrast_restored.png",tumor,tumor,True,TT,0.989290
restored,brightness_contrast,"C:\Users\micha\OneDrive\שולחן העבודה\wordsFiles\Brain_Mri\data\Data 1 with distortion\all_images\tumor__Y3_35\restoration\brightness_contrast_restored.png",tumor,tumor,True,TT,0.791348
restored,brightness_contrast,"C:\Users\micha\OneDrive\שולחן העבודה\wordsFiles\Brain_Mri\data\Data 1 with distortion\all_images\tumor__Y41_14\restoration\brightness_contrast_restored.png",tumor,tumor,True,TT,0.958914
restored,brightness_contrast,"C:\Users\micha\OneDrive\שולחן העבודה\wordsFiles\Brain_Mri\data\Data 1 with distortion\all_images\tumor__Y54_18\restoration\brightness_contrast_restored.png",tumor,tumor,True,TT,0.923993
restored,brightness_contrast,"C:\Users\micha\OneDrive\שולחן העבודה\wordsFiles\Brain_Mri\data\Data 1 with distortion\all_images\tumor__Y61_12\restoration\brightness_contrast_restored.png",tumor,tumor,True,TT,0.880613
restored,brightness_contrast,"C:\Users\micha\OneDrive\שולחן העבודה\wordsFiles\Brain_Mri\data\Data 1 with distortion\all_images\tumor__Y6_4\restoration\brightness_contrast_restored.png",tumor,tumor,True,TT,0.524633
restored,brightness_contrast,"C:\Users\micha\OneDrive\שולחן העבודה\wordsFiles\Brain_Mri\data\Data 1 with distortion\all_images\tumor__Y73_29\restoration\brightness_contrast_restored.png",tumor,tumor,True,TT,0.990645
restored,brightness_contrast,"C:\Users\micha\OneDrive\שולחן העבודה\wordsFiles\Brain_Mri\data\Data 1 with distortion\all_images\tumor__Y78_30\restoration\brightness_contrast_restored.png",tumor,tumor,True,TT,0.683018
restored,brightness_contrast,"C:\Users\micha\OneDrive\שולחן העבודה\wordsFiles\Brain_Mri\data\Data 1 with distortion\all_images\tumor__Y79_13\restoration\brightness_contrast_restored.png",tumor,tumor,True,TT,0.978459
restored,brightness_contrast,"C:\Users\micha\OneDrive\שולחן העבודה\wordsFiles\Brain_Mri\data\Data 1 with distortion\all_images\tumor__Y90_3\restoration\brightness_contrast_restored.png",tumor,tumor,True,TT,0.816262
restored,brightness_contrast,"C:\Users\micha\OneDrive\שולחן העבודה\wordsFiles\Brain_Mri\data\Data 1 with distortion\all_images\tumor__Y95_8\restoration\brightness_contrast_restored.png",tumor,no_tumor,False,TF,0.313765
distorted,gaussian_blur,"C:\Users\micha\OneDrive\שולחן העבודה\wordsFiles\Brain_Mri\data\Data 1 with distortion\all_images\no_tumor__14 no_28\distortions\gaussian_blur.png",no_tumor,tumor,False,FT,0.938209
distorted,gaussian_blur,"C:\Users\micha\OneDrive\שולחן העבודה\wordsFiles\Brain_Mri\data\Data 1 with distortion\all_images\no_tumor__19 no_16\distortions\gaussian_blur.png",no_tumor,tumor,False,FT,0.697111
distorted,gaussian_blur,"C:\Users\micha\OneDrive\שולחן העבודה\wordsFiles\Brain_Mri\data\Data 1 with distortion\all_images\no_tumor__20 no_19\distortions\gaussian_blur.png",no_tumor,tumor,False,FT,0.930189
distorted,gaussian_blur,"C:\Users\micha\OneDrive\שולחן העבודה\wordsFiles\Brain_Mri\data\Data 1 with distortion\all_images\no_tumor__27 no_2\distortions\gaussian_blur.png",no_tumor,tumor,False,FT,0.963911
distorted,gaussian_blur,"C:\Users\micha\OneDrive\שולחן העבודה\wordsFiles\Brain_Mri\data\Data 1 with distortion\all_images\no_tumor__32 no_1\distortions\gaussian_blur.png",no_tumor,tumor,False,FT,0.719698
distorted,gaussian_blur,"C:\Users\micha\OneDrive\שולחן העבודה\wordsFiles\Brain_Mri\data\Data 1 with distortion\all_images\no_tumor__34 no_0\distortions\gaussian_blur.png",no_tumor,tumor,False,FT,0.995275
distorted,gaussian_blur,"C:\Users\micha\OneDrive\שולחן העבודה\wordsFiles\Brain_Mri\data\Data 1 with distortion\all_images\no_tumor__39 no_11\distortions\gaussian_blur.png",no_tumor,tumor,False,FT,0.954525
distorted,gaussian_blur,"C:\Users\micha\OneDrive\שולחן העבודה\wordsFiles\Brain_Mri\data\Data 1 with distortion\all_images\no_tumor__N11_25\distortions\gaussian_blur.png",no_tumor,tumor,False,FT,0.958157
distorted,gaussian_blur,"C:\Users\micha\OneDrive\שולחן העבודה\wordsFiles\Brain_Mri\data\Data 1 with distortion\all_images\no_tumor__N15_10\distortions\gaussian_blur.png",no_tumor,tumor,False,FT,0.765632
distorted,gaussian_blur,"C:\Users\micha\OneDrive\שולחן העבודה\wordsFiles\Brain_Mri\data\Data 1 with distortion\all_images\no_tumor__N16_26\distortions\gaussian_blur.png",no_tumor,tumor,False,FT,0.972460
distorted,gaussian_blur,"C:\Users\micha\OneDrive\שולחן העבודה\wordsFiles\Brain_Mri\data\Data 1 with distortion\all_images\no_tumor__N17_7\distortions\gaussian_blur.png",no_tumor,tumor,False,FT,0.971557
distorted,gaussian_blur,"C:\Users\micha\OneDrive\שולחן העבודה\wordsFiles\Brain_Mri\data\Data 1 with distortion\all_images\no_tumor__N21_34\distortions\gaussian_blur.png",no_tumor,tumor,False,FT,0.869224
distorted,gaussian_blur,"C:\Users\micha\OneDrive\שולחן העבודה\wordsFiles\Brain_Mri\data\Data 1 with distortion\all_images\no_tumor__N22_31\distortions\gaussian_blur.png",no_tumor,tumor,False,FT,0.973713
distorted,gaussian_blur,"C:\Users\micha\OneDrive\שולחן העבודה\wordsFiles\Brain_Mri\data\Data 1 with distortion\all_images\no_tumor__N26_21\distortions\gaussian_blur.png",no_tumor,tumor,False,FT,0.949015
distorted,gaussian_blur,"C:\Users\micha\OneDrive\שולחן העבודה\wordsFiles\Brain_Mri\data\Data 1 with distortion\all_images\no_tumor__No21_6\distortions\gaussian_blur.png",no_tumor,tumor,False,FT,0.957109
distorted,gaussian_blur,"C:\Users\micha\OneDrive\שולחן העבודה\wordsFiles\Brain_Mri\data\Data 1 with distortion\all_images\tumor__Y115_5\distortions\gaussian_blur.png",tumor,tumor,True,TT,0.975511
distorted,gaussian_blur,"C:\Users\micha\OneDrive\שולחן העבודה\wordsFiles\Brain_Mri\data\Data 1 with distortion\all_images\tumor__Y116_17\distortions\gaussian_blur.png",tumor,tumor,True,TT,0.965509
distorted,gaussian_blur,"C:\Users\micha\OneDrive\שולחן העבודה\wordsFiles\Brain_Mri\data\Data 1 with distortion\all_images\tumor__Y155_24\distortions\gaussian_blur.png",tumor,tumor,True,TT,0.994698
distorted,gaussian_blur,"C:\Users\micha\OneDrive\שולחן העבודה\wordsFiles\Brain_Mri\data\Data 1 with distortion\all_images\tumor__Y162_27\distortions\gaussian_blur.png",tumor,tumor,True,TT,0.916851
distorted,gaussian_blur,"C:\Users\micha\OneDrive\שולחן העבודה\wordsFiles\Brain_Mri\data\Data 1 with distortion\all_images\tumor__Y180_33\distortions\gaussian_blur.png",tumor,tumor,True,TT,0.999637
distorted,gaussian_blur,"C:\Users\micha\OneDrive\שולחן העבודה\wordsFiles\Brain_Mri\data\Data 1 with distortion\all_images\tumor__Y1_22\distortions\gaussian_blur.png",tumor,tumor,True,TT,0.982193
distorted,gaussian_blur,"C:\Users\micha\OneDrive\שולחן העבודה\wordsFiles\Brain_Mri\data\Data 1 with distortion\all_images\tumor__Y20_15\distortions\gaussian_blur.png",tumor,tumor,True,TT,0.990134
distorted,gaussian_blur,"C:\Users\micha\OneDrive\שולחן העבודה\wordsFiles\Brain_Mri\data\Data 1 with distortion\all_images\tumor__Y21_36\distortions\gaussian_blur.png",tumor,tumor,True,TT,0.986435
distorted,gaussian_blur,"C:\Users\micha\OneDrive\שולחן העבודה\wordsFiles\Brain_Mri\data\Data 1 with distortion\all_images\tumor__Y257_9\distortions\gaussian_blur.png",tumor,tumor,True,TT,0.993711
distorted,gaussian_blur,"C:\Users\micha\OneDrive\שולחן העבודה\wordsFiles\Brain_Mri\data\Data 1 with distortion\all_images\tumor__Y258_32\distortions\gaussian_blur.png",tumor,tumor,True,TT,0.989309
distorted,gaussian_blur,"C:\Users\micha\OneDrive\שולחן העבודה\wordsFiles\Brain_Mri\data\Data 1 with distortion\all_images\tumor__Y35_37\distortions\gaussian_blur.png",tumor,tumor,True,TT,0.955335
distorted,gaussian_blur,"C:\Users\micha\OneDrive\שולחן העבודה\wordsFiles\Brain_Mri\data\Data 1 with distortion\all_images\tumor__Y36_23\distortions\gaussian_blur.png",tumor,tumor,True,TT,0.991300
distorted,gaussian_blur,"C:\Users\micha\OneDrive\שולחן העבודה\wordsFiles\Brain_Mri\data\Data 1 with distortion\all_images\tumor__Y37_20\distortions\gaussian_blur.png",tumor,tumor,True,TT,0.993455
distorted,gaussian_blur,"C:\Users\micha\OneDrive\שולחן העבודה\wordsFiles\Brain_Mri\data\Data 1 with distortion\all_images\tumor__Y3_35\distortions\gaussian_blur.png",tumor,tumor,True,TT,0.988299
distorted,gaussian_blur,"C:\Users\micha\OneDrive\שולחן העבודה\wordsFiles\Brain_Mri\data\Data 1 with distortion\all_images\tumor__Y41_14\distortions\gaussian_blur.png",tumor,tumor,True,TT,0.983595
distorted,gaussian_blur,"C:\Users\micha\OneDrive\שולחן העבודה\wordsFiles\Brain_Mri\data\Data 1 with distortion\all_images\tumor__Y54_18\distortions\gaussian_blur.png",tumor,tumor,True,TT,0.994135
distorted,gaussian_blur,"C:\Users\micha\OneDrive\שולחן העבודה\wordsFiles\Brain_Mri\data\Data 1 with distortion\all_images\tumor__Y61_12\distortions\gaussian_blur.png",tumor,tumor,True,TT,0.980436
distorted,gaussian_blur,"C:\Users\micha\OneDrive\שולחן העבודה\wordsFiles\Brain_Mri\data\Data 1 with distortion\all_images\tumor__Y6_4\distortions\gaussian_blur.png",tumor,tumor,True,TT,0.980143
distorted,gaussian_blur,"C:\Users\micha\OneDrive\שולחן העבודה\wordsFiles\Brain_Mri\data\Data 1 with distortion\all_images\tumor__Y73_29\distortions\gaussian_blur.png",tumor,tumor,True,TT,0.963105
distorted,gaussian_blur,"C:\Users\micha\OneDrive\שולחן העבודה\wordsFiles\Brain_Mri\data\Data 1 with distortion\all_images\tumor__Y78_30\distortions\gaussian_blur.png",tumor,tumor,True,TT,0.974585
distorted,gaussian_blur,"C:\Users\micha\OneDrive\שולחן העבודה\wordsFiles\Brain_Mri\data\Data 1 with distortion\all_images\tumor__Y79_13\distortions\gaussian_blur.png",tumor,tumor,True,TT,0.992397
distorted,gaussian_blur,"C:\Users\micha\OneDrive\שולחן העבודה\wordsFiles\Brain_Mri\data\Data 1 with distortion\all_images\tumor__Y90_3\distortions\gaussian_blur.png",tumor,tumor,True,TT,0.843047
distorted,gaussian_blur,"C:\Users\micha\OneDrive\שולחן העבודה\wordsFiles\Brain_Mri\data\Data 1 with distortion\all_images\tumor__Y95_8\distortions\gaussian_blur.png",tumor,tumor,True,TT,0.896963
restored,gaussian_blur,"C:\Users\micha\OneDrive\שולחן העבודה\wordsFiles\Brain_Mri\data\Data 1 with distortion\all_images\no_tumor__14 no_28\restoration\gaussian_blur_restored.png",no_tumor,tumor,False,FT,0.856913
restored,gaussian_blur,"C:\Users\micha\OneDrive\שולחן העבודה\wordsFiles\Brain_Mri\data\Data 1 with distortion\all_images\no_tumor__19 no_16\restoration\gaussian_blur_restored.png",no_tumor,tumor,False,FT,0.523593
restored,gaussian_blur,"C:\Users\micha\OneDrive\שולחן העבודה\wordsFiles\Brain_Mri\data\Data 1 with distortion\all_images\no_tumor__20 no_19\restoration\gaussian_blur_restored.png",no_tumor,tumor,False,FT,0.852665
restored,gaussian_blur,"C:\Users\micha\OneDrive\שולחן העבודה\wordsFiles\Brain_Mri\data\Data 1 with distortion\all_images\no_tumor__27 no_2\restoration\gaussian_blur_restored.png",no_tumor,tumor,False,FT,0.908059
restored,gaussian_blur,"C:\Users\micha\OneDrive\שולחן העבודה\wordsFiles\Brain_Mri\data\Data 1 with distortion\all_images\no_tumor__32 no_1\restoration\gaussian_blur_restored.png",no_tumor,tumor,False,FT,0.553699
restored,gaussian_blur,"C:\Users\micha\OneDrive\שולחן העבודה\wordsFiles\Brain_Mri\data\Data 1 with distortion\all_images\no_tumor__34 no_0\restoration\gaussian_blur_restored.png",no_tumor,tumor,False,FT,0.986632
restored,gaussian_blur,"C:\Users\micha\OneDrive\שולחן העבודה\wordsFiles\Brain_Mri\data\Data 1 with distortion\all_images\no_tumor__39 no_11\restoration\gaussian_blur_restored.png",no_tumor,tumor,False,FT,0.910985
restored,gaussian_blur,"C:\Users\micha\OneDrive\שולחן העבודה\wordsFiles\Brain_Mri\data\Data 1 with distortion\all_images\no_tumor__N11_25\restoration\gaussian_blur_restored.png",no_tumor,tumor,False,FT,0.912935
restored,gaussian_blur,"C:\Users\micha\OneDrive\שולחן העבודה\wordsFiles\Brain_Mri\data\Data 1 with distortion\all_images\no_tumor__N15_10\restoration\gaussian_blur_restored.png",no_tumor,tumor,False,FT,0.736919
restored,gaussian_blur,"C:\Users\micha\OneDrive\שולחן העבודה\wordsFiles\Brain_Mri\data\Data 1 with distortion\all_images\no_tumor__N16_26\restoration\gaussian_blur_restored.png",no_tumor,tumor,False,FT,0.958615
restored,gaussian_blur,"C:\Users\micha\OneDrive\שולחן העבודה\wordsFiles\Brain_Mri\data\Data 1 with distortion\all_images\no_tumor__N17_7\restoration\gaussian_blur_restored.png",no_tumor,tumor,False,FT,0.957411
restored,gaussian_blur,"C:\Users\micha\OneDrive\שולחן העבודה\wordsFiles\Brain_Mri\data\Data 1 with distortion\all_images\no_tumor__N21_34\restoration\gaussian_blur_restored.png",no_tumor,tumor,False,FT,0.737233
restored,gaussian_blur,"C:\Users\micha\OneDrive\שולחן העבודה\wordsFiles\Brain_Mri\data\Data 1 with distortion\all_images\no_tumor__N22_31\restoration\gaussian_blur_restored.png",no_tumor,tumor,False,FT,0.945320
restored,gaussian_blur,"C:\Users\micha\OneDrive\שולחן העבודה\wordsFiles\Brain_Mri\data\Data 1 with distortion\all_images\no_tumor__N26_21\restoration\gaussian_blur_restored.png",no_tumor,tumor,False,FT,0.949427
restored,gaussian_blur,"C:\Users\micha\OneDrive\שולחן העבודה\wordsFiles\Brain_Mri\data\Data 1 with distortion\all_images\no_tumor__No21_6\restoration\gaussian_blur_restored.png",no_tumor,tumor,False,FT,0.929775
restored,gaussian_blur,"C:\Users\micha\OneDrive\שולחן העבודה\wordsFiles\Brain_Mri\data\Data 1 with distortion\all_images\tumor__Y115_5\restoration\gaussian_blur_restored.png",tumor,tumor,True,TT,0.960149
restored,gaussian_blur,"C:\Users\micha\OneDrive\שולחן העבודה\wordsFiles\Brain_Mri\data\Data 1 with distortion\all_images\tumor__Y116_17\restoration\gaussian_blur_restored.png",tumor,tumor,True,TT,0.932770
restored,gaussian_blur,"C:\Users\micha\OneDrive\שולחן העבודה\wordsFiles\Brain_Mri\data\Data 1 with distortion\all_images\tumor__Y155_24\restoration\gaussian_blur_restored.png",tumor,tumor,True,TT,0.994365
restored,gaussian_blur,"C:\Users\micha\OneDrive\שולחן העבודה\wordsFiles\Brain_Mri\data\Data 1 with distortion\all_images\tumor__Y162_27\restoration\gaussian_blur_restored.png",tumor,tumor,True,TT,0.848650
restored,gaussian_blur,"C:\Users\micha\OneDrive\שולחן העבודה\wordsFiles\Brain_Mri\data\Data 1 with distortion\all_images\tumor__Y180_33\restoration\gaussian_blur_restored.png",tumor,tumor,True,TT,0.999751
restored,gaussian_blur,"C:\Users\micha\OneDrive\שולחן העבודה\wordsFiles\Brain_Mri\data\Data 1 with distortion\all_images\tumor__Y1_22\restoration\gaussian_blur_restored.png",tumor,tumor,True,TT,0.959705
restored,gaussian_blur,"C:\Users\micha\OneDrive\שולחן העבודה\wordsFiles\Brain_Mri\data\Data 1 with distortion\all_images\tumor__Y20_15\restoration\gaussian_blur_restored.png",tumor,tumor,True,TT,0.978379
restored,gaussian_blur,"C:\Users\micha\OneDrive\שולחן העבודה\wordsFiles\Brain_Mri\data\Data 1 with distortion\all_images\tumor__Y21_36\restoration\gaussian_blur_restored.png",tumor,tumor,True,TT,0.971479
restored,gaussian_blur,"C:\Users\micha\OneDrive\שולחן העבודה\wordsFiles\Brain_Mri\data\Data 1 with distortion\all_images\tumor__Y257_9\restoration\gaussian_blur_restored.png",tumor,tumor,True,TT,0.988014
restored,gaussian_blur,"C:\Users\micha\OneDrive\שולחן העבודה\wordsFiles\Brain_Mri\data\Data 1 with distortion\all_images\tumor__Y258_32\restoration\gaussian_blur_restored.png",tumor,tumor,True,TT,0.977140
restored,gaussian_blur,"C:\Users\micha\OneDrive\שולחן העבודה\wordsFiles\Brain_Mri\data\Data 1 with distortion\all_images\tumor__Y35_37\restoration\gaussian_blur_restored.png",tumor,tumor,True,TT,0.916017
restored,gaussian_blur,"C:\Users\micha\OneDrive\שולחן העבודה\wordsFiles\Brain_Mri\data\Data 1 with distortion\all_images\tumor__Y36_23\restoration\gaussian_blur_restored.png",tumor,tumor,True,TT,0.984664
restored,gaussian_blur,"C:\Users\micha\OneDrive\שולחן העבודה\wordsFiles\Brain_Mri\data\Data 1 with distortion\all_images\tumor__Y37_20\restoration\gaussian_blur_restored.png",tumor,tumor,True,TT,0.990093
restored,gaussian_blur,"C:\Users\micha\OneDrive\שולחן העבודה\wordsFiles\Brain_Mri\data\Data 1 with distortion\all_images\tumor__Y3_35\restoration\gaussian_blur_restored.png",tumor,tumor,True,TT,0.976509
restored,gaussian_blur,"C:\Users\micha\OneDrive\שולחן העבודה\wordsFiles\Brain_Mri\data\Data 1 with distortion\all_images\tumor__Y41_14\restoration\gaussian_blur_restored.png",tumor,tumor,True,TT,0.986756
restored,gaussian_blur,"C:\Users\micha\OneDrive\שולחן העבודה\wordsFiles\Brain_Mri\data\Data 1 with distortion\all_images\tumor__Y54_18\restoration\gaussian_blur_restored.png",tumor,tumor,True,TT,0.988300
restored,gaussian_blur,"C:\Users\micha\OneDrive\שולחן העבודה\wordsFiles\Brain_Mri\data\Data 1 with distortion\all_images\tumor__Y61_12\restoration\gaussian_blur_restored.png",tumor,tumor,True,TT,0.971107
restored,gaussian_blur,"C:\Users\micha\OneDrive\שולחן העבודה\wordsFiles\Brain_Mri\data\Data 1 with distortion\all_images\tumor__Y6_4\restoration\gaussian_blur_restored.png",tumor,tumor,True,TT,0.965161
restored,gaussian_blur,"C:\Users\micha\OneDrive\שולחן העבודה\wordsFiles\Brain_Mri\data\Data 1 with distortion\all_images\tumor__Y73_29\restoration\gaussian_blur_restored.png",tumor,tumor,True,TT,0.962072
restored,gaussian_blur,"C:\Users\micha\OneDrive\שולחן העבודה\wordsFiles\Brain_Mri\data\Data 1 with distortion\all_images\tumor__Y78_30\restoration\gaussian_blur_restored.png",tumor,tumor,True,TT,0.940956
restored,gaussian_blur,"C:\Users\micha\OneDrive\שולחן העבודה\wordsFiles\Brain_Mri\data\Data 1 with distortion\all_images\tumor__Y79_13\restoration\gaussian_blur_restored.png",tumor,tumor,True,TT,0.988514
restored,gaussian_blur,"C:\Users\micha\OneDrive\שולחן העבודה\wordsFiles\Brain_Mri\data\Data 1 with distortion\all_images\tumor__Y90_3\restoration\gaussian_blur_restored.png",tumor,tumor,True,TT,0.742946
restored,gaussian_blur,"C:\Users\micha\OneDrive\שולחן העבודה\wordsFiles\Brain_Mri\data\Data 1 with distortion\all_images\tumor__Y95_8\restoration\gaussian_blur_restored.png",tumor,tumor,True,TT,0.845604
distorted,gaussian_noise,"C:\Users\micha\OneDrive\שולחן העבודה\wordsFiles\Brain_Mri\data\Data 1 with distortion\all_images\no_tumor__14 no_28\distortions\gaussian_noise.png",no_tumor,tumor,False,FT,0.521227
distorted,gaussian_noise,"C:\Users\micha\OneDrive\שולחן העבודה\wordsFiles\Brain_Mri\data\Data 1 with distortion\all_images\no_tumor__19 no_16\distortions\gaussian_noise.png",no_tumor,no_tumor,True,FF,0.434188
distorted,gaussian_noise,"C:\Users\micha\OneDrive\שולחן העבודה\wordsFiles\Brain_Mri\data\Data 1 with distortion\all_images\no_tumor__20 no_19\distortions\gaussian_noise.png",no_tumor,tumor,False,FT,0.752032
distorted,gaussian_noise,"C:\Users\micha\OneDrive\שולחן העבודה\wordsFiles\Brain_Mri\data\Data 1 with distortion\all_images\no_tumor__27 no_2\distortions\gaussian_noise.png",no_tumor,no_tumor,True,FF,0.356227
distorted,gaussian_noise,"C:\Users\micha\OneDrive\שולחן העבודה\wordsFiles\Brain_Mri\data\Data 1 with distortion\all_images\no_tumor__32 no_1\distortions\gaussian_noise.png",no_tumor,no_tumor,True,FF,0.338540
distorted,gaussian_noise,"C:\Users\micha\OneDrive\שולחן העבודה\wordsFiles\Brain_Mri\data\Data 1 with distortion\all_images\no_tumor__34 no_0\distortions\gaussian_noise.png",no_tumor,tumor,False,FT,0.670537
distorted,gaussian_noise,"C:\Users\micha\OneDrive\שולחן העבודה\wordsFiles\Brain_Mri\data\Data 1 with distortion\all_images\no_tumor__39 no_11\distortions\gaussian_noise.png",no_tumor,tumor,False,FT,0.537305
distorted,gaussian_noise,"C:\Users\micha\OneDrive\שולחן העבודה\wordsFiles\Brain_Mri\data\Data 1 with distortion\all_images\no_tumor__N11_25\distortions\gaussian_noise.png",no_tumor,no_tumor,True,FF,0.488159
distorted,gaussian_noise,"C:\Users\micha\OneDrive\שולחן העבודה\wordsFiles\Brain_Mri\data\Data 1 with distortion\all_images\no_tumor__N15_10\distortions\gaussian_noise.png",no_tumor,tumor,False,FT,0.665035
distorted,gaussian_noise,"C:\Users\micha\OneDrive\שולחן העבודה\wordsFiles\Brain_Mri\data\Data 1 with distortion\all_images\no_tumor__N16_26\distortions\gaussian_noise.png",no_tumor,tumor,False,FT,0.741893
distorted,gaussian_noise,"C:\Users\micha\OneDrive\שולחן העבודה\wordsFiles\Brain_Mri\data\Data 1 with distortion\all_images\no_tumor__N17_7\distortions\gaussian_noise.png",no_tumor,tumor,False,FT,0.738226
distorted,gaussian_noise,"C:\Users\micha\OneDrive\שולחן העבודה\wordsFiles\Brain_Mri\data\Data 1 with distortion\all_images\no_tumor__N21_34\distortions\gaussian_noise.png",no_tumor,no_tumor,True,FF,0.272787
distorted,gaussian_noise,"C:\Users\micha\OneDrive\שולחן העבודה\wordsFiles\Brain_Mri\data\Data 1 with distortion\all_images\no_tumor__N22_31\distortions\gaussian_noise.png",no_tumor,tumor,False,FT,0.680549
distorted,gaussian_noise,"C:\Users\micha\OneDrive\שולחן העבודה\wordsFiles\Brain_Mri\data\Data 1 with distortion\all_images\no_tumor__N26_21\distortions\gaussian_noise.png",no_tumor,tumor,False,FT,0.936526
distorted,gaussian_noise,"C:\Users\micha\OneDrive\שולחן העבודה\wordsFiles\Brain_Mri\data\Data 1 with distortion\all_images\no_tumor__No21_6\distortions\gaussian_noise.png",no_tumor,tumor,False,FT,0.590410
distorted,gaussian_noise,"C:\Users\micha\OneDrive\שולחן העבודה\wordsFiles\Brain_Mri\data\Data 1 with distortion\all_images\tumor__Y115_5\distortions\gaussian_noise.png",tumor,tumor,True,TT,0.887902
distorted,gaussian_noise,"C:\Users\micha\OneDrive\שולחן העבודה\wordsFiles\Brain_Mri\data\Data 1 with distortion\all_images\tumor__Y116_17\distortions\gaussian_noise.png",tumor,tumor,True,TT,0.760461
distorted,gaussian_noise,"C:\Users\micha\OneDrive\שולחן העבודה\wordsFiles\Brain_Mri\data\Data 1 with distortion\all_images\tumor__Y155_24\distortions\gaussian_noise.png",tumor,tumor,True,TT,0.961895
distorted,gaussian_noise,"C:\Users\micha\OneDrive\שולחן העבודה\wordsFiles\Brain_Mri\data\Data 1 with distortion\all_images\tumor__Y162_27\distortions\gaussian_noise.png",tumor,tumor,True,TT,0.629034
distorted,gaussian_noise,"C:\Users\micha\OneDrive\שולחן העבודה\wordsFiles\Brain_Mri\data\Data 1 with distortion\all_images\tumor__Y180_33\distortions\gaussian_noise.png",tumor,tumor,True,TT,0.991642
distorted,gaussian_noise,"C:\Users\micha\OneDrive\שולחן העבודה\wordsFiles\Brain_Mri\data\Data 1 with distortion\all_images\tumor__Y1_22\distortions\gaussian_noise.png",tumor,tumor,True,TT,0.810243
distorted,gaussian_noise,"C:\Users\micha\OneDrive\שולחן העבודה\wordsFiles\Brain_Mri\data\Data 1 with distortion\all_images\tumor__Y20_15\distortions\gaussian_noise.png",tumor,tumor,True,TT,0.698253
distorted,gaussian_noise,"C:\Users\micha\OneDrive\שולחן העבודה\wordsFiles\Brain_Mri\data\Data 1 with distortion\all_images\tumor__Y21_36\distortions\gaussian_noise.png",tumor,tumor,True,TT,0.904099
distorted,gaussian_noise,"C:\Users\micha\OneDrive\שולחן העבודה\wordsFiles\Brain_Mri\data\Data 1 with distortion\all_images\tumor__Y257_9\distortions\gaussian_noise.png",tumor,tumor,True,TT,0.593107
distorted,gaussian_noise,"C:\Users\micha\OneDrive\שולחן העבודה\wordsFiles\Brain_Mri\data\Data 1 with distortion\all_images\tumor__Y258_32\distortions\gaussian_noise.png",tumor,tumor,True,TT,0.563085
distorted,gaussian_noise,"C:\Users\micha\OneDrive\שולחן העבודה\wordsFiles\Brain_Mri\data\Data 1 with distortion\all_images\tumor__Y35_37\distortions\gaussian_noise.png",tumor,tumor,True,TT,0.734251
distorted,gaussian_noise,"C:\Users\micha\OneDrive\שולחן העבודה\wordsFiles\Brain_Mri\data\Data 1 with distortion\all_images\tumor__Y36_23\distortions\gaussian_noise.png",tumor,tumor,True,TT,0.963777
distorted,gaussian_noise,"C:\Users\micha\OneDrive\שולחן העבודה\wordsFiles\Brain_Mri\data\Data 1 with distortion\all_images\tumor__Y37_20\distortions\gaussian_noise.png",tumor,tumor,True,TT,0.956250
distorted,gaussian_noise,"C:\Users\micha\OneDrive\שולחן העבודה\wordsFiles\Brain_Mri\data\Data 1 with distortion\all_images\tumor__Y3_35\distortions\gaussian_noise.png",tumor,tumor,True,TT,0.615744
distorted,gaussian_noise,"C:\Users\micha\OneDrive\שולחן העבודה\wordsFiles\Brain_Mri\data\Data 1 with distortion\all_images\tumor__Y41_14\distortions\gaussian_noise.png",tumor,tumor,True,TT,0.924360
distorted,gaussian_noise,"C:\Users\micha\OneDrive\שולחן העבודה\wordsFiles\Brain_Mri\data\Data 1 with distortion\all_images\tumor__Y54_18\distortions\gaussian_noise.png",tumor,tumor,True,TT,0.738946
distorted,gaussian_noise,"C:\Users\micha\OneDrive\שולחן העבודה\wordsFiles\Brain_Mri\data\Data 1 with distortion\all_images\tumor__Y61_12\distortions\gaussian_noise.png",tumor,tumor,True,TT,0.755742
distorted,gaussian_noise,"C:\Users\micha\OneDrive\שולחן העבודה\wordsFiles\Brain_Mri\data\Data 1 with distortion\all_images\tumor__Y6_4\distortions\gaussian_noise.png",tumor,tumor,True,TT,0.619539
distorted,gaussian_noise,"C:\Users\micha\OneDrive\שולחן העבודה\wordsFiles\Brain_Mri\data\Data 1 with distortion\all_images\tumor__Y73_29\distortions\gaussian_noise.png",tumor,tumor,True,TT,0.897514
distorted,gaussian_noise,"C:\Users\micha\OneDrive\שולחן העבודה\wordsFiles\Brain_Mri\data\Data 1 with distortion\all_images\tumor__Y78_30\distortions\gaussian_noise.png",tumor,tumor,True,TT,0.551785
distorted,gaussian_noise,"C:\Users\micha\OneDrive\שולחן העבודה\wordsFiles\Brain_Mri\data\Data 1 with distortion\all_images\tumor__Y79_13\distortions\gaussian_noise.png",tumor,tumor,True,TT,0.890463
distorted,gaussian_noise,"C:\Users\micha\OneDrive\שולחן העבודה\wordsFiles\Brain_Mri\data\Data 1 with distortion\all_images\tumor__Y90_3\distortions\gaussian_noise.png",tumor,tumor,True,TT,0.563784
distorted,gaussian_noise,"C:\Users\micha\OneDrive\שולחן העבודה\wordsFiles\Brain_Mri\data\Data 1 with distortion\all_images\tumor__Y95_8\distortions\gaussian_noise.png",tumor,no_tumor,False,TF,0.492217
restored,gaussian_noise,"C:\Users\micha\OneDrive\שולחן העבודה\wordsFiles\Brain_Mri\data\Data 1 with distortion\all_images\no_tumor__14 no_28\restoration\gaussian_noise_restored.png",no_tumor,tumor,False,FT,0.543311
restored,gaussian_noise,"C:\Users\micha\OneDrive\שולחן העבודה\wordsFiles\Brain_Mri\data\Data 1 with distortion\all_images\no_tumor__19 no_16\restoration\gaussian_noise_restored.png",no_tumor,no_tumor,True,FF,0.430384
restored,gaussian_noise,"C:\Users\micha\OneDrive\שולחן העבודה\wordsFiles\Brain_Mri\data\Data 1 with distortion\all_images\no_tumor__20 no_19\restoration\gaussian_noise_restored.png",no_tumor,tumor,False,FT,0.693926
restored,gaussian_noise,"C:\Users\micha\OneDrive\שולחן העבודה\wordsFiles\Brain_Mri\data\Data 1 with distortion\all_images\no_tumor__27 no_2\restoration\gaussian_noise_restored.png",no_tumor,tumor,False,FT,0.684240
restored,gaussian_noise,"C:\Users\micha\OneDrive\שולחן העבודה\wordsFiles\Brain_Mri\data\Data 1 with distortion\all_images\no_tumor__32 no_1\restoration\gaussian_noise_restored.png",no_tumor,no_tumor,True,FF,0.392736
restored,gaussian_noise,"C:\Users\micha\OneDrive\שולחן העבודה\wordsFiles\Brain_Mri\data\Data 1 with distortion\all_images\no_tumor__34 no_0\restoration\gaussian_noise_restored.png",no_tumor,tumor,False,FT,0.948843
restored,gaussian_noise,"C:\Users\micha\OneDrive\שולחן העבודה\wordsFiles\Brain_Mri\data\Data 1 with distortion\all_images\no_tumor__39 no_11\restoration\gaussian_noise_restored.png",no_tumor,tumor,False,FT,0.736520
restored,gaussian_noise,"C:\Users\micha\OneDrive\שולחן העבודה\wordsFiles\Brain_Mri\data\Data 1 with distortion\all_images\no_tumor__N11_25\restoration\gaussian_noise_restored.png",no_tumor,tumor,False,FT,0.783977
restored,gaussian_noise,"C:\Users\micha\OneDrive\שולחן העבודה\wordsFiles\Brain_Mri\data\Data 1 with distortion\all_images\no_tumor__N15_10\restoration\gaussian_noise_restored.png",no_tumor,tumor,False,FT,0.664034
restored,gaussian_noise,"C:\Users\micha\OneDrive\שולחן העבודה\wordsFiles\Brain_Mri\data\Data 1 with distortion\all_images\no_tumor__N16_26\restoration\gaussian_noise_restored.png",no_tumor,tumor,False,FT,0.909207
restored,gaussian_noise,"C:\Users\micha\OneDrive\שולחן העבודה\wordsFiles\Brain_Mri\data\Data 1 with distortion\all_images\no_tumor__N17_7\restoration\gaussian_noise_restored.png",no_tumor,tumor,False,FT,0.907659
restored,gaussian_noise,"C:\Users\micha\OneDrive\שולחן העבודה\wordsFiles\Brain_Mri\data\Data 1 with distortion\all_images\no_tumor__N21_34\restoration\gaussian_noise_restored.png",no_tumor,no_tumor,True,FF,0.417008
restored,gaussian_noise,"C:\Users\micha\OneDrive\שולחן העבודה\wordsFiles\Brain_Mri\data\Data 1 with distortion\all_images\no_tumor__N22_31\restoration\gaussian_noise_restored.png",no_tumor,tumor,False,FT,0.859641
restored,gaussian_noise,"C:\Users\micha\OneDrive\שולחן העבודה\wordsFiles\Brain_Mri\data\Data 1 with distortion\all_images\no_tumor__N26_21\restoration\gaussian_noise_restored.png",no_tumor,tumor,False,FT,0.904171
restored,gaussian_noise,"C:\Users\micha\OneDrive\שולחן העבודה\wordsFiles\Brain_Mri\data\Data 1 with distortion\all_images\no_tumor__No21_6\restoration\gaussian_noise_restored.png",no_tumor,tumor,False,FT,0.758950
restored,gaussian_noise,"C:\Users\micha\OneDrive\שולחן העבודה\wordsFiles\Brain_Mri\data\Data 1 with distortion\all_images\tumor__Y115_5\restoration\gaussian_noise_restored.png",tumor,tumor,True,TT,0.913582
restored,gaussian_noise,"C:\Users\micha\OneDrive\שולחן העבודה\wordsFiles\Brain_Mri\data\Data 1 with distortion\all_images\tumor__Y116_17\restoration\gaussian_noise_restored.png",tumor,tumor,True,TT,0.845724
restored,gaussian_noise,"C:\Users\micha\OneDrive\שולחן העבודה\wordsFiles\Brain_Mri\data\Data 1 with distortion\all_images\tumor__Y155_24\restoration\gaussian_noise_restored.png",tumor,tumor,True,TT,0.988415
restored,gaussian_noise,"C:\Users\micha\OneDrive\שולחן העבודה\wordsFiles\Brain_Mri\data\Data 1 with distortion\all_images\tumor__Y162_27\restoration\gaussian_noise_restored.png",tumor,tumor,True,TT,0.741146
restored,gaussian_noise,"C:\Users\micha\OneDrive\שולחן העבודה\wordsFiles\Brain_Mri\data\Data 1 with distortion\all_images\tumor__Y180_33\restoration\gaussian_noise_restored.png",tumor,tumor,True,TT,0.999270
restored,gaussian_noise,"C:\Users\micha\OneDrive\שולחן העבודה\wordsFiles\Brain_Mri\data\Data 1 with distortion\all_images\tumor__Y1_22\restoration\gaussian_noise_restored.png",tumor,tumor,True,TT,0.886854
restored,gaussian_noise,"C:\Users\micha\OneDrive\שולחן העבודה\wordsFiles\Brain_Mri\data\Data 1 with distortion\all_images\tumor__Y20_15\restoration\gaussian_noise_restored.png",tumor,tumor,True,TT,0.908629
restored,gaussian_noise,"C:\Users\micha\OneDrive\שולחן העבודה\wordsFiles\Brain_Mri\data\Data 1 with distortion\all_images\tumor__Y21_36\restoration\gaussian_noise_restored.png",tumor,tumor,True,TT,0.887822
restored,gaussian_noise,"C:\Users\micha\OneDrive\שולחן העבודה\wordsFiles\Brain_Mri\data\Data 1 with distortion\all_images\tumor__Y257_9\restoration\gaussian_noise_restored.png",tumor,tumor,True,TT,0.934810
restored,gaussian_noise,"C:\Users\micha\OneDrive\שולחן העבודה\wordsFiles\Brain_Mri\data\Data 1 with distortion\all_images\tumor__Y258_32\restoration\gaussian_noise_restored.png",tumor,tumor,True,TT,0.904838
restored,gaussian_noise,"C:\Users\micha\OneDrive\שולחן העבודה\wordsFiles\Brain_Mri\data\Data 1 with distortion\all_images\tumor__Y35_37\restoration\gaussian_noise_restored.png",tumor,tumor,True,TT,0.861079
restored,gaussian_noise,"C:\Users\micha\OneDrive\שולחן העבודה\wordsFiles\Brain_Mri\data\Data 1 with distortion\all_images\tumor__Y36_23\restoration\gaussian_noise_restored.png",tumor,tumor,True,TT,0.972113
restored,gaussian_noise,"C:\Users\micha\OneDrive\שולחן העבודה\wordsFiles\Brain_Mri\data\Data 1 with distortion\all_images\tumor__Y37_20\restoration\gaussian_noise_restored.png",tumor,tumor,True,TT,0.977495
restored,gaussian_noise,"C:\Users\micha\OneDrive\שולחן העבודה\wordsFiles\Brain_Mri\data\Data 1 with distortion\all_images\tumor__Y3_35\restoration\gaussian_noise_restored.png",tumor,tumor,True,TT,0.926163
restored,gaussian_noise,"C:\Users\micha\OneDrive\שולחן העבודה\wordsFiles\Brain_Mri\data\Data 1 with distortion\all_images\tumor__Y41_14\restoration\gaussian_noise_restored.png",tumor,tumor,True,TT,0.976807
restored,gaussian_noise,"C:\Users\micha\OneDrive\שולחן העבודה\wordsFiles\Brain_Mri\data\Data 1 with distortion\all_images\tumor__Y54_18\restoration\gaussian_noise_restored.png",tumor,tumor,True,TT,0.969995
restored,gaussian_noise,"C:\Users\micha\OneDrive\שולחן העבודה\wordsFiles\Brain_Mri\data\Data 1 with distortion\all_images\tumor__Y61_12\restoration\gaussian_noise_restored.png",tumor,tumor,True,TT,0.913410
restored,gaussian_noise,"C:\Users\micha\OneDrive\שולחן העבודה\wordsFiles\Brain_Mri\data\Data 1 with distortion\all_images\tumor__Y6_4\restoration\gaussian_noise_restored.png",tumor,tumor,True,TT,0.913929
restored,gaussian_noise,"C:\Users\micha\OneDrive\שולחן העבודה\wordsFiles\Brain_Mri\data\Data 1 with distortion\all_images\tumor__Y73_29\restoration\gaussian_noise_restored.png",tumor,tumor,True,TT,0.920524
restored,gaussian_noise,"C:\Users\micha\OneDrive\שולחן העבודה\wordsFiles\Brain_Mri\data\Data 1 with distortion\all_images\tumor__Y78_30\restoration\gaussian_noise_restored.png",tumor,tumor,True,TT,0.850351
restored,gaussian_noise,"C:\Users\micha\OneDrive\שולחן העבודה\wordsFiles\Brain_Mri\data\Data 1 with distortion\all_images\tumor__Y79_13\restoration\gaussian_noise_restored.png",tumor,tumor,True,TT,0.976757
restored,gaussian_noise,"C:\Users\micha\OneDrive\שולחן העבודה\wordsFiles\Brain_Mri\data\Data 1 with distortion\all_images\tumor__Y90_3\restoration\gaussian_noise_restored.png",tumor,tumor,True,TT,0.585706
restored,gaussian_noise,"C:\Users\micha\OneDrive\שולחן העבודה\wordsFiles\Brain_Mri\data\Data 1 with distortion\all_images\tumor__Y95_8\restoration\gaussian_noise_restored.png",tumor,tumor,True,TT,0.760992
distorted,perspective_warp,"C:\Users\micha\OneDrive\שולחן העבודה\wordsFiles\Brain_Mri\data\Data 1 with distortion\all_images\no_tumor__14 no_28\distortions\perspective_warp.png",no_tumor,no_tumor,True,FF,0.077967
distorted,perspective_warp,"C:\Users\micha\OneDrive\שולחן העבודה\wordsFiles\Brain_Mri\data\Data 1 with distortion\all_images\no_tumor__19 no_16\distortions\perspective_warp.png",no_tumor,no_tumor,True,FF,0.050519
distorted,perspective_warp,"C:\Users\micha\OneDrive\שולחן העבודה\wordsFiles\Brain_Mri\data\Data 1 with distortion\all_images\no_tumor__20 no_19\distortions\perspective_warp.png",no_tumor,no_tumor,True,FF,0.056561
distorted,perspective_warp,"C:\Users\micha\OneDrive\שולחן העבודה\wordsFiles\Brain_Mri\data\Data 1 with distortion\all_images\no_tumor__27 no_2\distortions\perspective_warp.png",no_tumor,no_tumor,True,FF,0.156602
distorted,perspective_warp,"C:\Users\micha\OneDrive\שולחן העבודה\wordsFiles\Brain_Mri\data\Data 1 with distortion\all_images\no_tumor__32 no_1\distortions\perspective_warp.png",no_tumor,no_tumor,True,FF,0.038577
distorted,perspective_warp,"C:\Users\micha\OneDrive\שולחן העבודה\wordsFiles\Brain_Mri\data\Data 1 with distortion\all_images\no_tumor__34 no_0\distortions\perspective_warp.png",no_tumor,tumor,False,FT,0.572508
distorted,perspective_warp,"C:\Users\micha\OneDrive\שולחן העבודה\wordsFiles\Brain_Mri\data\Data 1 with distortion\all_images\no_tumor__39 no_11\distortions\perspective_warp.png",no_tumor,no_tumor,True,FF,0.169014
distorted,perspective_warp,"C:\Users\micha\OneDrive\שולחן העבודה\wordsFiles\Brain_Mri\data\Data 1 with distortion\all_images\no_tumor__N11_25\distortions\perspective_warp.png",no_tumor,no_tumor,True,FF,0.218251
distorted,perspective_warp,"C:\Users\micha\OneDrive\שולחן העבודה\wordsFiles\Brain_Mri\data\Data 1 with distortion\all_images\no_tumor__N15_10\distortions\perspective_warp.png",no_tumor,no_tumor,True,FF,0.167939
distorted,perspective_warp,"C:\Users\micha\OneDrive\שולחן העבודה\wordsFiles\Brain_Mri\data\Data 1 with distortion\all_images\no_tumor__N16_26\distortions\perspective_warp.png",no_tumor,no_tumor,True,FF,0.355534
distorted,perspective_warp,"C:\Users\micha\OneDrive\שולחן העבודה\wordsFiles\Brain_Mri\data\Data 1 with distortion\all_images\no_tumor__N17_7\distortions\perspective_warp.png",no_tumor,no_tumor,True,FF,0.362779
distorted,perspective_warp,"C:\Users\micha\OneDrive\שולחן העבודה\wordsFiles\Brain_Mri\data\Data 1 with distortion\all_images\no_tumor__N21_34\distortions\perspective_warp.png",no_tumor,no_tumor,True,FF,0.065494
distorted,perspective_warp,"C:\Users\micha\OneDrive\שולחן העבודה\wordsFiles\Brain_Mri\data\Data 1 with distortion\all_images\no_tumor__N22_31\distortions\perspective_warp.png",no_tumor,no_tumor,True,FF,0.311515
distorted,perspective_warp,"C:\Users\micha\OneDrive\שולחן העבודה\wordsFiles\Brain_Mri\data\Data 1 with distortion\all_images\no_tumor__N26_21\distortions\perspective_warp.png",no_tumor,no_tumor,True,FF,0.475996
distorted,perspective_warp,"C:\Users\micha\OneDrive\שולחן העבודה\wordsFiles\Brain_Mri\data\Data 1 with distortion\all_images\no_tumor__No21_6\distortions\perspective_warp.png",no_tumor,no_tumor,True,FF,0.187264
distorted,perspective_warp,"C:\Users\micha\OneDrive\שולחן העבודה\wordsFiles\Brain_Mri\data\Data 1 with distortion\all_images\tumor__Y115_5\distortions\perspective_warp.png",tumor,no_tumor,False,TF,0.413128
distorted,perspective_warp,"C:\Users\micha\OneDrive\שולחן העבודה\wordsFiles\Brain_Mri\data\Data 1 with distortion\all_images\tumor__Y116_17\distortions\perspective_warp.png",tumor,no_tumor,False,TF,0.273226
distorted,perspective_warp,"C:\Users\micha\OneDrive\שולחן העבודה\wordsFiles\Brain_Mri\data\Data 1 with distortion\all_images\tumor__Y155_24\distortions\perspective_warp.png",tumor,tumor,True,TT,0.824875
distorted,perspective_warp,"C:\Users\micha\OneDrive\שולחן העבודה\wordsFiles\Brain_Mri\data\Data 1 with distortion\all_images\tumor__Y162_27\distortions\perspective_warp.png",tumor,no_tumor,False,TF,0.173876
distorted,perspective_warp,"C:\Users\micha\OneDrive\שולחן העבודה\wordsFiles\Brain_Mri\data\Data 1 with distortion\all_images\tumor__Y180_33\distortions\perspective_warp.png",tumor,tumor,True,TT,0.984486
distorted,perspective_warp,"C:\Users\micha\OneDrive\שולחן העבודה\wordsFiles\Brain_Mri\data\Data 1 with distortion\all_images\tumor__Y1_22\distortions\perspective_warp.png",tumor,no_tumor,False,TF,0.340073
distorted,perspective_warp,"C:\Users\micha\OneDrive\שולחן העבודה\wordsFiles\Brain_Mri\data\Data 1 with distortion\all_images\tumor__Y20_15\distortions\perspective_warp.png",tumor,no_tumor,False,TF,0.385449
distorted,perspective_warp,"C:\Users\micha\OneDrive\שולחן העבודה\wordsFiles\Brain_Mri\data\Data 1 with distortion\all_images\tumor__Y21_36\distortions\perspective_warp.png",tumor,no_tumor,False,TF,0.339330
distorted,perspective_warp,"C:\Users\micha\OneDrive\שולחן העבודה\wordsFiles\Brain_Mri\data\Data 1 with distortion\all_images\tumor__Y257_9\distortions\perspective_warp.png",tumor,no_tumor,False,TF,0.437349
distorted,perspective_warp,"C:\Users\micha\OneDrive\שולחן העבודה\wordsFiles\Brain_Mri\data\Data 1 with distortion\all_images\tumor__Y258_32\distortions\perspective_warp.png",tumor,no_tumor,False,TF,0.364069
distorted,perspective_warp,"C:\Users\micha\OneDrive\שולחן העבודה\wordsFiles\Brain_Mri\data\Data 1 with distortion\all_images\tumor__Y35_37\distortions\perspective_warp.png",tumor,no_tumor,False,TF,0.242953
distorted,perspective_warp,"C:\Users\micha\OneDrive\שולחן העבודה\wordsFiles\Brain_Mri\data\Data 1 with distortion\all_images\tumor__Y36_23\distortions\perspective_warp.png",tumor,tumor,True,TT,0.732397
distorted,perspective_warp,"C:\Users\micha\OneDrive\שולחן העבודה\wordsFiles\Brain_Mri\data\Data 1 with distortion\all_images\tumor__Y37_20\distortions\perspective_warp.png",tumor,tumor,True,TT,0.500969
distorted,perspective_warp,"C:\Users\micha\OneDrive\שולחן העבודה\wordsFiles\Brain_Mri\data\Data 1 with distortion\all_images\tumor__Y3_35\distortions\perspective_warp.png",tumor,no_tumor,False,TF,0.390573
distorted,perspective_warp,"C:\Users\micha\OneDrive\שולחן העבודה\wordsFiles\Brain_Mri\data\Data 1 with distortion\all_images\tumor__Y41_14\distortions\perspective_warp.png",tumor,tumor,True,TT,0.737049
distorted,perspective_warp,"C:\Users\micha\OneDrive\שולחן העבודה\wordsFiles\Brain_Mri\data\Data 1 with distortion\all_images\tumor__Y54_18\distortions\perspective_warp.png",tumor,tumor,True,TT,0.675819
distorted,perspective_warp,"C:\Users\micha\OneDrive\שולחן העבודה\wordsFiles\Brain_Mri\data\Data 1 with distortion\all_images\tumor__Y61_12\distortions\perspective_warp.png",tumor,no_tumor,False,TF,0.358404
distorted,perspective_warp,"C:\Users\micha\OneDrive\שולחן העבודה\wordsFiles\Brain_Mri\data\Data 1 with distortion\all_images\tumor__Y6_4\distortions\perspective_warp.png",tumor,no_tumor,False,TF,0.410082
distorted,perspective_warp,"C:\Users\micha\OneDrive\שולחן העבודה\wordsFiles\Brain_Mri\data\Data 1 with distortion\all_images\tumor__Y73_29\distortions\perspective_warp.png",tumor,no_tumor,False,TF,0.414925
distorted,perspective_warp,"C:\Users\micha\OneDrive\שולחן העבודה\wordsFiles\Brain_Mri\data\Data 1 with distortion\all_images\tumor__Y78_30\distortions\perspective_warp.png",tumor,no_tumor,False,TF,0.215724
distorted,perspective_warp,"C:\Users\micha\OneDrive\שולחן העבודה\wordsFiles\Brain_Mri\data\Data 1 with distortion\all_images\tumor__Y79_13\distortions\perspective_warp.png",tumor,tumor,True,TT,0.729303
distorted,perspective_warp,"C:\Users\micha\OneDrive\שולחן העבודה\wordsFiles\Brain_Mri\data\Data 1 with distortion\all_images\tumor__Y90_3\distortions\perspective_warp.png",tumor,no_tumor,False,TF,0.105035
distorted,perspective_warp,"C:\Users\micha\OneDrive\שולחן העבודה\wordsFiles\Brain_Mri\data\Data 1 with distortion\all_images\tumor__Y95_8\distortions\perspective_warp.png",tumor,no_tumor,False,TF,0.194384
restored,perspective_warp,"C:\Users\micha\OneDrive\שולחן העבודה\wordsFiles\Brain_Mri\data\Data 1 with distortion\all_images\no_tumor__14 no_28\restoration\perspective_warp_restored.png",no_tumor,no_tumor,True,FF,0.155535
restored,perspective_warp,"C:\Users\micha\OneDrive\שולחן העבודה\wordsFiles\Brain_Mri\data\Data 1 with distortion\all_images\no_tumor__19 no_16\restoration\perspective_warp_restored.png",no_tumor,no_tumor,True,FF,0.101041
restored,perspective_warp,"C:\Users\micha\OneDrive\שולחן העבודה\wordsFiles\Brain_Mri\data\Data 1 with distortion\all_images\no_tumor__20 no_19\restoration\perspective_warp_restored.png",no_tumor,no_tumor,True,FF,0.393470
restored,perspective_warp,"C:\Users\micha\OneDrive\שולחן העבודה\wordsFiles\Brain_Mri\data\Data 1 with distortion\all_images\no_tumor__27 no_2\restoration\perspective_warp_restored.png",no_tumor,no_tumor,True,FF,0.291768
restored,perspective_warp,"C:\Users\micha\OneDrive\שולחן העבודה\wordsFiles\Brain_Mri\data\Data 1 with distortion\all_images\no_tumor__32 no_1\restoration\perspective_warp_restored.png",no_tumor,no_tumor,True,FF,0.103325
restored,perspective_warp,"C:\Users\micha\OneDrive\שולחן העבודה\wordsFiles\Brain_Mri\data\Data 1 with distortion\all_images\no_tumor__34 no_0\restoration\perspective_warp_restored.png",no_tumor,tumor,False,FT,0.839339
restored,perspective_warp,"C:\Users\micha\OneDrive\שולחן העבודה\wordsFiles\Brain_Mri\data\Data 1 with distortion\all_images\no_tumor__39 no_11\restoration\perspective_warp_restored.png",no_tumor,no_tumor,True,FF,0.372799
restored,perspective_warp,"C:\Users\micha\OneDrive\שולחן העבודה\wordsFiles\Brain_Mri\data\Data 1 with distortion\all_images\no_tumor__N11_25\restoration\perspective_warp_restored.png",no_tumor,no_tumor,True,FF,0.449043
restored,perspective_warp,"C:\Users\micha\OneDrive\שולחן העבודה\wordsFiles\Brain_Mri\data\Data 1 with distortion\all_images\no_tumor__N15_10\restoration\perspective_warp_restored.png",no_tumor,no_tumor,True,FF,0.367689
restored,perspective_warp,"C:\Users\micha\OneDrive\שולחן העבודה\wordsFiles\Brain_Mri\data\Data 1 with distortion\all_images\no_tumor__N16_26\restoration\perspective_warp_restored.png",no_tumor,tumor,False,FT,0.718031
restored,perspective_warp,"C:\Users\micha\OneDrive\שולחן העבודה\wordsFiles\Brain_Mri\data\Data 1 with distortion\all_images\no_tumor__N17_7\restoration\perspective_warp_restored.png",no_tumor,tumor,False,FT,0.714914
restored,perspective_warp,"C:\Users\micha\OneDrive\שולחן העבודה\wordsFiles\Brain_Mri\data\Data 1 with distortion\all_images\no_tumor__N21_34\restoration\perspective_warp_restored.png",no_tumor,no_tumor,True,FF,0.104262
restored,perspective_warp,"C:\Users\micha\OneDrive\שולחן העבודה\wordsFiles\Brain_Mri\data\Data 1 with distortion\all_images\no_tumor__N22_31\restoration\perspective_warp_restored.png",no_tumor,tumor,False,FT,0.590462
restored,perspective_warp,"C:\Users\micha\OneDrive\שולחן העבודה\wordsFiles\Brain_Mri\data\Data 1 with distortion\all_images\no_tumor__N26_21\restoration\perspective_warp_restored.png",no_tumor,tumor,False,FT,0.764012
restored,perspective_warp,"C:\Users\micha\OneDrive\שולחן העבודה\wordsFiles\Brain_Mri\data\Data 1 with distortion\all_images\no_tumor__No21_6\restoration\perspective_warp_restored.png",no_tumor,no_tumor,True,FF,0.387010
restored,perspective_warp,"C:\Users\micha\OneDrive\שולחן העבודה\wordsFiles\Brain_Mri\data\Data 1 with distortion\all_images\tumor__Y115_5\restoration\perspective_warp_restored.png",tumor,tumor,True,TT,0.741545
restored,perspective_warp,"C:\Users\micha\OneDrive\שולחן העבודה\wordsFiles\Brain_Mri\data\Data 1 with distortion\all_images\tumor__Y116_17\restoration\perspective_warp_restored.png",tumor,tumor,True,TT,0.555454
restored,perspective_warp,"C:\Users\micha\OneDrive\שולחן העבודה\wordsFiles\Brain_Mri\data\Data 1 with distortion\all_images\tumor__Y155_24\restoration\perspective_warp_restored.png",tumor,tumor,True,TT,0.970050
restored,perspective_warp,"C:\Users\micha\OneDrive\שולחן העבודה\wordsFiles\Brain_Mri\data\Data 1 with distortion\all_images\tumor__Y162_27\restoration\perspective_warp_restored.png",tumor,no_tumor,False,TF,0.387337
restored,perspective_warp,"C:\Users\micha\OneDrive\שולחן העבודה\wordsFiles\Brain_Mri\data\Data 1 with distortion\all_images\tumor__Y180_33\restoration\perspective_warp_restored.png",tumor,tumor,True,TT,0.998878
restored,perspective_warp,"C:\Users\micha\OneDrive\שולחן העבודה\wordsFiles\Brain_Mri\data\Data 1 with distortion\all_images\tumor__Y1_22\restoration\perspective_warp_restored.png",tumor,tumor,True,TT,0.615798
restored,perspective_warp,"C:\Users\micha\OneDrive\שולחן העבודה\wordsFiles\Brain_Mri\data\Data 1 with distortion\all_images\tumor__Y20_15\restoration\perspective_warp_restored.png",tumor,tumor,True,TT,0.696362
restored,perspective_warp,"C:\Users\micha\OneDrive\שולחן העבודה\wordsFiles\Brain_Mri\data\Data 1 with distortion\all_images\tumor__Y21_36\restoration\perspective_warp_restored.png",tumor,tumor,True,TT,0.671872
restored,perspective_warp,"C:\Users\micha\OneDrive\שולחן העבודה\wordsFiles\Brain_Mri\data\Data 1 with distortion\all_images\tumor__Y257_9\restoration\perspective_warp_restored.png",tumor,tumor,True,TT,0.757404
restored,perspective_warp,"C:\Users\micha\OneDrive\שולחן העבודה\wordsFiles\Brain_Mri\data\Data 1 with distortion\all_images\tumor__Y258_32\restoration\perspective_warp_restored.png",tumor,tumor,True,TT,0.666872
restored,perspective_warp,"C:\Users\micha\OneDrive\שולחן העבודה\wordsFiles\Brain_Mri\data\Data 1 with distortion\all_images\tumor__Y35_37\restoration\perspective_warp_restored.png",tumor,tumor,True,TT,0.623033
restored,perspective_warp,"C:\Users\micha\OneDrive\שולחן העבודה\wordsFiles\Brain_Mri\data\Data 1 with distortion\all_images\tumor__Y36_23\restoration\perspective_warp_restored.png",tumor,tumor,True,TT,0.934398
restored,perspective_warp,"C:\Users\micha\OneDrive\שולחן העבודה\wordsFiles\Brain_Mri\data\Data 1 with distortion\all_images\tumor__Y37_20\restoration\perspective_warp_restored.png",tumor,tumor,True,TT,0.958051
restored,perspective_warp,"C:\Users\micha\OneDrive\שולחן העבודה\wordsFiles\Brain_Mri\data\Data 1 with distortion\all_images\tumor__Y3_35\restoration\perspective_warp_restored.png",tumor,tumor,True,TT,0.715956
restored,perspective_warp,"C:\Users\micha\OneDrive\שולחן העבודה\wordsFiles\Brain_Mri\data\Data 1 with distortion\all_images\tumor__Y41_14\restoration\perspective_warp_restored.png",tumor,tumor,True,TT,0.936669
restored,perspective_warp,"C:\Users\micha\OneDrive\שולחן העבודה\wordsFiles\Brain_Mri\data\Data 1 with distortion\all_images\tumor__Y54_18\restoration\perspective_warp_restored.png",tumor,tumor,True,TT,0.900589
restored,perspective_warp,"C:\Users\micha\OneDrive\שולחן העבודה\wordsFiles\Brain_Mri\data\Data 1 with distortion\all_images\tumor__Y61_12\restoration\perspective_warp_restored.png",tumor,tumor,True,TT,0.660090
restored,perspective_warp,"C:\Users\micha\OneDrive\שולחן העבודה\wordsFiles\Brain_Mri\data\Data 1 with distortion\all_images\tumor__Y6_4\restoration\perspective_warp_restored.png",tumor,tumor,True,TT,0.725622
restored,perspective_warp,"C:\Users\micha\OneDrive\שולחן העבודה\wordsFiles\Brain_Mri\data\Data 1 with distortion\all_images\tumor__Y73_29\restoration\perspective_warp_restored.png",tumor,tumor,True,TT,0.774138
restored,perspective_warp,"C:\Users\micha\OneDrive\שולחן העבודה\wordsFiles\Brain_Mri\data\Data 1 with distortion\all_images\tumor__Y78_30\restoration\perspective_warp_restored.png",tumor,tumor,True,TT,0.502872
restored,perspective_warp,"C:\Users\micha\OneDrive\שולחן העבודה\wordsFiles\Brain_Mri\data\Data 1 with distortion\all_images\tumor__Y79_13\restoration\perspective_warp_restored.png",tumor,tumor,True,TT,0.951853
restored,perspective_warp,"C:\Users\micha\OneDrive\שולחן העבודה\wordsFiles\Brain_Mri\data\Data 1 with distortion\all_images\tumor__Y90_3\restoration\perspective_warp_restored.png",tumor,no_tumor,False,TF,0.209717
restored,perspective_warp,"C:\Users\micha\OneDrive\שולחן העבודה\wordsFiles\Brain_Mri\data\Data 1 with distortion\all_images\tumor__Y95_8\restoration\perspective_warp_restored.png",tumor,no_tumor,False,TF,0.375383
distorted,pixelation,"C:\Users\micha\OneDrive\שולחן העבודה\wordsFiles\Brain_Mri\data\Data 1 with distortion\all_images\no_tumor__14 no_28\distortions\pixelation.png",no_tumor,tumor,False,FT,0.919829
distorted,pixelation,"C:\Users\micha\OneDrive\שולחן העבודה\wordsFiles\Brain_Mri\data\Data 1 with distortion\all_images\no_tumor__19 no_16\distortions\pixelation.png",no_tumor,tumor,False,FT,0.714733
distorted,pixelation,"C:\Users\micha\OneDrive\שולחן העבודה\wordsFiles\Brain_Mri\data\Data 1 with distortion\all_images\no_tumor__20 no_19\distortions\pixelation.png",no_tumor,tumor,False,FT,0.949896
distorted,pixelation,"C:\Users\micha\OneDrive\שולחן העבודה\wordsFiles\Brain_Mri\data\Data 1 with distortion\all_images\no_tumor__27 no_2\distortions\pixelation.png",no_tumor,tumor,False,FT,0.975961
distorted,pixelation,"C:\Users\micha\OneDrive\שולחן העבודה\wordsFiles\Brain_Mri\data\Data 1 with distortion\all_images\no_tumor__32 no_1\distortions\pixelation.png",no_tumor,tumor,False,FT,0.677209
distorted,pixelation,"C:\Users\micha\OneDrive\שולחן העבודה\wordsFiles\Brain_Mri\data\Data 1 with distortion\all_images\no_tumor__34 no_0\distortions\pixelation.png",no_tumor,tumor,False,FT,0.996907
distorted,pixelation,"C:\Users\micha\OneDrive\שולחן העבודה\wordsFiles\Brain_Mri\data\Data 1 with distortion\all_images\no_tumor__39 no_11\distortions\pixelation.png",no_tumor,tumor,False,FT,0.954383
distorted,pixelation,"C:\Users\micha\OneDrive\שולחן העבודה\wordsFiles\Brain_Mri\data\Data 1 with distortion\all_images\no_tumor__N11_25\distortions\pixelation.png",no_tumor,tumor,False,FT,0.968724
distorted,pixelation,"C:\Users\micha\OneDrive\שולחן העבודה\wordsFiles\Brain_Mri\data\Data 1 with distortion\all_images\no_tumor__N15_10\distortions\pixelation.png",no_tumor,tumor,False,FT,0.779718
distorted,pixelation,"C:\Users\micha\OneDrive\שולחן העבודה\wordsFiles\Brain_Mri\data\Data 1 with distortion\all_images\no_tumor__N16_26\distortions\pixelation.png",no_tumor,tumor,False,FT,0.975103
distorted,pixelation,"C:\Users\micha\OneDrive\שולחן העבודה\wordsFiles\Brain_Mri\data\Data 1 with distortion\all_images\no_tumor__N17_7\distortions\pixelation.png",no_tumor,tumor,False,FT,0.974410
distorted,pixelation,"C:\Users\micha\OneDrive\שולחן העבודה\wordsFiles\Brain_Mri\data\Data 1 with distortion\all_images\no_tumor__N21_34\distortions\pixelation.png",no_tumor,tumor,False,FT,0.863545
distorted,pixelation,"C:\Users\micha\OneDrive\שולחן העבודה\wordsFiles\Brain_Mri\data\Data 1 with distortion\all_images\no_tumor__N22_31\distortions\pixelation.png",no_tumor,tumor,False,FT,0.978932
distorted,pixelation,"C:\Users\micha\OneDrive\שולחן העבודה\wordsFiles\Brain_Mri\data\Data 1 with distortion\all_images\no_tumor__N26_21\distortions\pixelation.png",no_tumor,tumor,False,FT,0.871138
distorted,pixelation,"C:\Users\micha\OneDrive\שולחן העבודה\wordsFiles\Brain_Mri\data\Data 1 with distortion\all_images\no_tumor__No21_6\distortions\pixelation.png",no_tumor,tumor,False,FT,0.944027
distorted,pixelation,"C:\Users\micha\OneDrive\שולחן העבודה\wordsFiles\Brain_Mri\data\Data 1 with distortion\all_images\tumor__Y115_5\distortions\pixelation.png",tumor,tumor,True,TT,0.960194
distorted,pixelation,"C:\Users\micha\OneDrive\שולחן העבודה\wordsFiles\Brain_Mri\data\Data 1 with distortion\all_images\tumor__Y116_17\distortions\pixelation.png",tumor,tumor,True,TT,0.960749
distorted,pixelation,"C:\Users\micha\OneDrive\שולחן העבודה\wordsFiles\Brain_Mri\data\Data 1 with distortion\all_images\tumor__Y155_24\distortions\pixelation.png",tumor,tumor,True,TT,0.992115
distorted,pixelation,"C:\Users\micha\OneDrive\שולחן העבודה\wordsFiles\Brain_Mri\data\Data 1 with distortion\all_images\tumor__Y162_27\distortions\pixelation.png",tumor,tumor,True,TT,0.915116
distorted,pixelation,"C:\Users\micha\OneDrive\שולחן העבודה\wordsFiles\Brain_Mri\data\Data 1 with distortion\all_images\tumor__Y180_33\distortions\pixelation.png",tumor,tumor,True,TT,0.998746
distorted,pixelation,"C:\Users\micha\OneDrive\שולחן העבודה\wordsFiles\Brain_Mri\data\Data 1 with distortion\all_images\tumor__Y1_22\distortions\pixelation.png",tumor,tumor,True,TT,0.983972
distorted,pixelation,"C:\Users\micha\OneDrive\שולחן העבודה\wordsFiles\Brain_Mri\data\Data 1 with distortion\all_images\tumor__Y20_15\distortions\pixelation.png",tumor,tumor,True,TT,0.991295
distorted,pixelation,"C:\Users\micha\OneDrive\שולחן העבודה\wordsFiles\Brain_Mri\data\Data 1 with distortion\all_images\tumor__Y21_36\distortions\pixelation.png",tumor,tumor,True,TT,0.980568
distorted,pixelation,"C:\Users\micha\OneDrive\שולחן העבודה\wordsFiles\Brain_Mri\data\Data 1 with distortion\all_images\tumor__Y257_9\distortions\pixelation.png",tumor,tumor,True,TT,0.994751
distorted,pixelation,"C:\Users\micha\OneDrive\שולחן העבודה\wordsFiles\Brain_Mri\data\Data 1 with distortion\all_images\tumor__Y258_32\distortions\pixelation.png",tumor,tumor,True,TT,0.991194
distorted,pixelation,"C:\Users\micha\OneDrive\שולחן העבודה\wordsFiles\Brain_Mri\data\Data 1 with distortion\all_images\tumor__Y35_37\distortions\pixelation.png",tumor,tumor,True,TT,0.962243
distorted,pixelation,"C:\Users\micha\OneDrive\שולחן העבודה\wordsFiles\Brain_Mri\data\Data 1 with distortion\all_images\tumor__Y36_23\distortions\pixelation.png",tumor,tumor,True,TT,0.989711
distorted,pixelation,"C:\Users\micha\OneDrive\שולחן העבודה\wordsFiles\Brain_Mri\data\Data 1 with distortion\all_images\tumor__Y37_20\distortions\pixelation.png",tumor,tumor,True,TT,0.991326
distorted,pixelation,"C:\Users\micha\OneDrive\שולחן העבודה\wordsFiles\Brain_Mri\data\Data 1 with distortion\all_images\tumor__Y3_35\distortions\pixelation.png",tumor,tumor,True,TT,0.988913
distorted,pixelation,"C:\Users\micha\OneDrive\שולחן העבודה\wordsFiles\Brain_Mri\data\Data 1 with distortion\all_images\tumor__Y41_14\distortions\pixelation.png",tumor,tumor,True,TT,0.970822
distorted,pixelation,"C:\Users\micha\OneDrive\שולחן העבודה\wordsFiles\Brain_Mri\data\Data 1 with distortion\all_images\tumor__Y54_18\distortions\pixelation.png",tumor,tumor,True,TT,0.996197
distorted,pixelation,"C:\Users\micha\OneDrive\שולחן העבודה\wordsFiles\Brain_Mri\data\Data 1 with distortion\all_images\tumor__Y61_12\distortions\pixelation.png",tumor,tumor,True,TT,0.968301
distorted,pixelation,"C:\Users\micha\OneDrive\שולחן העבודה\wordsFiles\Brain_Mri\data\Data 1 with distortion\all_images\tumor__Y6_4\distortions\pixelation.png",tumor,tumor,True,TT,0.983618
distorted,pixelation,"C:\Users\micha\OneDrive\שולחן העבודה\wordsFiles\Brain_Mri\data\Data 1 with distortion\all_images\tumor__Y73_29\distortions\pixelation.png",tumor,tumor,True,TT,0.951307
distorted,pixelation,"C:\Users\micha\OneDrive\שולחן העבודה\wordsFiles\Brain_Mri\data\Data 1 with distortion\all_images\tumor__Y78_30\distortions\pixelation.png",tumor,tumor,True,TT,0.984249
distorted,pixelation,"C:\Users\micha\OneDrive\שולחן העבודה\wordsFiles\Brain_Mri\data\Data 1 with distortion\all_images\tumor__Y79_13\distortions\pixelation.png",tumor,tumor,True,TT,0.991655
distorted,pixelation,"C:\Users\micha\OneDrive\שולחן העבודה\wordsFiles\Brain_Mri\data\Data 1 with distortion\all_images\tumor__Y90_3\distortions\pixelation.png",tumor,tumor,True,TT,0.813652
distorted,pixelation,"C:\Users\micha\OneDrive\שולחן העבודה\wordsFiles\Brain_Mri\data\Data 1 with distortion\all_images\tumor__Y95_8\distortions\pixelation.png",tumor,tumor,True,TT,0.898406
restored,pixelation,"C:\Users\micha\OneDrive\שולחן העבודה\wordsFiles\Brain_Mri\data\Data 1 with distortion\all_images\no_tumor__14 no_28\restoration\pixelation_restored.png",no_tumor,tumor,False,FT,0.828962
restored,pixelation,"C:\Users\micha\OneDrive\שולחן העבודה\wordsFiles\Brain_Mri\data\Data 1 with distortion\all_images\no_tumor__19 no_16\restoration\pixelation_restored.png",no_tumor,tumor,False,FT,0.555772
restored,pixelation,"C:\Users\micha\OneDrive\שולחן העבודה\wordsFiles\Brain_Mri\data\Data 1 with distortion\all_images\no_tumor__20 no_19\restoration\pixelation_restored.png",no_tumor,tumor,False,FT,0.895150
restored,pixelation,"C:\Users\micha\OneDrive\שולחן העבודה\wordsFiles\Brain_Mri\data\Data 1 with distortion\all_images\no_tumor__27 no_2\restoration\pixelation_restored.png",no_tumor,tumor,False,FT,0.954664
restored,pixelation,"C:\Users\micha\OneDrive\שולחן העבודה\wordsFiles\Brain_Mri\data\Data 1 with distortion\all_images\no_tumor__32 no_1\restoration\pixelation_restored.png",no_tumor,tumor,False,FT,0.569308
restored,pixelation,"C:\Users\micha\OneDrive\שולחן העבודה\wordsFiles\Brain_Mri\data\Data 1 with distortion\all_images\no_tumor__34 no_0\restoration\pixelation_restored.png",no_tumor,tumor,False,FT,0.993301
restored,pixelation,"C:\Users\micha\OneDrive\שולחן העבודה\wordsFiles\Brain_Mri\data\Data 1 with distortion\all_images\no_tumor__39 no_11\restoration\pixelation_restored.png",no_tumor,tumor,False,FT,0.916651
restored,pixelation,"C:\Users\micha\OneDrive\שולחן העבודה\wordsFiles\Brain_Mri\data\Data 1 with distortion\all_images\no_tumor__N11_25\restoration\pixelation_restored.png",no_tumor,tumor,False,FT,0.944254
restored,pixelation,"C:\Users\micha\OneDrive\שולחן העבודה\wordsFiles\Brain_Mri\data\Data 1 with distortion\all_images\no_tumor__N15_10\restoration\pixelation_restored.png",no_tumor,tumor,False,FT,0.621591
restored,pixelation,"C:\Users\micha\OneDrive\שולחן העבודה\wordsFiles\Brain_Mri\data\Data 1 with distortion\all_images\no_tumor__N16_26\restoration\pixelation_restored.png",no_tumor,tumor,False,FT,0.947837
restored,pixelation,"C:\Users\micha\OneDrive\שולחן העבודה\wordsFiles\Brain_Mri\data\Data 1 with distortion\all_images\no_tumor__N17_7\restoration\pixelation_restored.png",no_tumor,tumor,False,FT,0.946298
restored,pixelation,"C:\Users\micha\OneDrive\שולחן העבודה\wordsFiles\Brain_Mri\data\Data 1 with distortion\all_images\no_tumor__N21_34\restoration\pixelation_restored.png",no_tumor,tumor,False,FT,0.761242
restored,pixelation,"C:\Users\micha\OneDrive\שולחן העבודה\wordsFiles\Brain_Mri\data\Data 1 with distortion\all_images\no_tumor__N22_31\restoration\pixelation_restored.png",no_tumor,tumor,False,FT,0.958183
restored,pixelation,"C:\Users\micha\OneDrive\שולחן העבודה\wordsFiles\Brain_Mri\data\Data 1 with distortion\all_images\no_tumor__N26_21\restoration\pixelation_restored.png",no_tumor,tumor,False,FT,0.763482
restored,pixelation,"C:\Users\micha\OneDrive\שולחן העבודה\wordsFiles\Brain_Mri\data\Data 1 with distortion\all_images\no_tumor__No21_6\restoration\pixelation_restored.png",no_tumor,tumor,False,FT,0.890926
restored,pixelation,"C:\Users\micha\OneDrive\שולחן העבודה\wordsFiles\Brain_Mri\data\Data 1 with distortion\all_images\tumor__Y115_5\restoration\pixelation_restored.png",tumor,tumor,True,TT,0.917011
restored,pixelation,"C:\Users\micha\OneDrive\שולחן העבודה\wordsFiles\Brain_Mri\data\Data 1 with distortion\all_images\tumor__Y116_17\restoration\pixelation_restored.png",tumor,tumor,True,TT,0.923838
restored,pixelation,"C:\Users\micha\OneDrive\שולחן העבודה\wordsFiles\Brain_Mri\data\Data 1 with distortion\all_images\tumor__Y155_24\restoration\pixelation_restored.png",tumor,tumor,True,TT,0.980264
restored,pixelation,"C:\Users\micha\OneDrive\שולחן העבודה\wordsFiles\Brain_Mri\data\Data 1 with distortion\all_images\tumor__Y162_27\restoration\pixelation_restored.png",tumor,tumor,True,TT,0.829053
restored,pixelation,"C:\Users\micha\OneDrive\שולחן העבודה\wordsFiles\Brain_Mri\data\Data 1 with distortion\all_images\tumor__Y180_33\restoration\pixelation_restored.png",tumor,tumor,True,TT,0.997678
restored,pixelation,"C:\Users\micha\OneDrive\שולחן העבודה\wordsFiles\Brain_Mri\data\Data 1 with distortion\all_images\tumor__Y1_22\restoration\pixelation_restored.png",tumor,tumor,True,TT,0.968368
restored,pixelation,"C:\Users\micha\OneDrive\שולחן העבודה\wordsFiles\Brain_Mri\data\Data 1 with distortion\all_images\tumor__Y20_15\restoration\pixelation_restored.png",tumor,tumor,True,TT,0.984323
restored,pixelation,"C:\Users\micha\OneDrive\שולחן העבודה\wordsFiles\Brain_Mri\data\Data 1 with distortion\all_images\tumor__Y21_36\restoration\pixelation_restored.png",tumor,tumor,True,TT,0.960784
restored,pixelation,"C:\Users\micha\OneDrive\שולחן העבודה\wordsFiles\Brain_Mri\data\Data 1 with distortion\all_images\tumor__Y257_9\restoration\pixelation_restored.png",tumor,tumor,True,TT,0.990253
restored,pixelation,"C:\Users\micha\OneDrive\שולחן העבודה\wordsFiles\Brain_Mri\data\Data 1 with distortion\all_images\tumor__Y258_32\restoration\pixelation_restored.png",tumor,tumor,True,TT,0.983208
restored,pixelation,"C:\Users\micha\OneDrive\שולחן העבודה\wordsFiles\Brain_Mri\data\Data 1 with distortion\all_images\tumor__Y35_37\restoration\pixelation_restored.png",tumor,tumor,True,TT,0.941745
restored,pixelation,"C:\Users\micha\OneDrive\שולחן העבודה\wordsFiles\Brain_Mri\data\Data 1 with distortion\all_images\tumor__Y36_23\restoration\pixelation_restored.png",tumor,tumor,True,TT,0.979285
restored,pixelation,"C:\Users\micha\OneDrive\שולחן העבודה\wordsFiles\Brain_Mri\data\Data 1 with distortion\all_images\tumor__Y37_20\restoration\pixelation_restored.png",tumor,tumor,True,TT,0.981827
restored,pixelation,"C:\Users\micha\OneDrive\שולחן העבודה\wordsFiles\Brain_Mri\data\Data 1 with distortion\all_images\tumor__Y3_35\restoration\pixelation_restored.png",tumor,tumor,True,TT,0.979238
restored,pixelation,"C:\Users\micha\OneDrive\שולחן העבודה\wordsFiles\Brain_Mri\data\Data 1 with distortion\all_images\tumor__Y41_14\restoration\pixelation_restored.png",tumor,tumor,True,TT,0.929202
restored,pixelation,"C:\Users\micha\OneDrive\שולחן העבודה\wordsFiles\Brain_Mri\data\Data 1 with distortion\all_images\tumor__Y54_18\restoration\pixelation_restored.png",tumor,tumor,True,TT,0.992685
restored,pixelation,"C:\Users\micha\OneDrive\שולחן העבודה\wordsFiles\Brain_Mri\data\Data 1 with distortion\all_images\tumor__Y61_12\restoration\pixelation_restored.png",tumor,tumor,True,TT,0.933527
restored,pixelation,"C:\Users\micha\OneDrive\שולחן העבודה\wordsFiles\Brain_Mri\data\Data 1 with distortion\all_images\tumor__Y6_4\restoration\pixelation_restored.png",tumor,tumor,True,TT,0.975440
restored,pixelation,"C:\Users\micha\OneDrive\שולחן העבודה\wordsFiles\Brain_Mri\data\Data 1 with distortion\all_images\tumor__Y73_29\restoration\pixelation_restored.png",tumor,tumor,True,TT,0.886554
restored,pixelation,"C:\Users\micha\OneDrive\שולחן העבודה\wordsFiles\Brain_Mri\data\Data 1 with distortion\all_images\tumor__Y78_30\restoration\pixelation_restored.png",tumor,tumor,True,TT,0.965380
restored,pixelation,"C:\Users\micha\OneDrive\שולחן העבודה\wordsFiles\Brain_Mri\data\Data 1 with distortion\all_images\tumor__Y79_13\restoration\pixelation_restored.png",tumor,tumor,True,TT,0.981075
restored,pixelation,"C:\Users\micha\OneDrive\שולחן העבודה\wordsFiles\Brain_Mri\data\Data 1 with distortion\all_images\tumor__Y90_3\restoration\pixelation_restored.png",tumor,tumor,True,TT,0.699298
restored,pixelation,"C:\Users\micha\OneDrive\שולחן העבודה\wordsFiles\Brain_Mri\data\Data 1 with distortion\all_images\tumor__Y95_8\restoration\pixelation_restored.png",tumor,tumor,True,TT,0.852264
distorted,rotation,"C:\Users\micha\OneDrive\שולחן העבודה\wordsFiles\Brain_Mri\data\Data 1 with distortion\all_images\no_tumor__14 no_28\distortions\rotation.png",no_tumor,no_tumor,True,FF,0.182571
distorted,rotation,"C:\Users\micha\OneDrive\שולחן העבודה\wordsFiles\Brain_Mri\data\Data 1 with distortion\all_images\no_tumor__19 no_16\distortions\rotation.png",no_tumor,no_tumor,True,FF,0.112959
distorted,rotation,"C:\Users\micha\OneDrive\שולחן העבודה\wordsFiles\Brain_Mri\data\Data 1 with distortion\all_images\no_tumor__20 no_19\distortions\rotation.png",no_tumor,no_tumor,True,FF,0.291114
distorted,rotation,"C:\Users\micha\OneDrive\שולחן העבודה\wordsFiles\Brain_Mri\data\Data 1 with distortion\all_images\no_tumor__27 no_2\distortions\rotation.png",no_tumor,no_tumor,True,FF,0.317416
distorted,rotation,"C:\Users\micha\OneDrive\שולחן העבודה\wordsFiles\Brain_Mri\data\Data 1 with distortion\all_images\no_tumor__32 no_1\distortions\rotation.png",no_tumor,no_tumor,True,FF,0.080659
distorted,rotation,"C:\Users\micha\OneDrive\שולחן העבודה\wordsFiles\Brain_Mri\data\Data 1 with distortion\all_images\no_tumor__34 no_0\distortions\rotation.png",no_tumor,tumor,False,FT,0.847165
distorted,rotation,"C:\Users\micha\OneDrive\שולחן העבודה\wordsFiles\Brain_Mri\data\Data 1 with distortion\all_images\no_tumor__39 no_11\distortions\rotation.png",no_tumor,no_tumor,True,FF,0.339608
distorted,rotation,"C:\Users\micha\OneDrive\שולחן העבודה\wordsFiles\Brain_Mri\data\Data 1 with distortion\all_images\no_tumor__N11_25\distortions\rotation.png",no_tumor,no_tumor,True,FF,0.463014
distorted,rotation,"C:\Users\micha\OneDrive\שולחן העבודה\wordsFiles\Brain_Mri\data\Data 1 with distortion\all_images\no_tumor__N15_10\distortions\rotation.png",no_tumor,no_tumor,True,FF,0.384001
distorted,rotation,"C:\Users\micha\OneDrive\שולחן העבודה\wordsFiles\Brain_Mri\data\Data 1 with distortion\all_images\no_tumor__N16_26\distortions\rotation.png",no_tumor,tumor,False,FT,0.688702
distorted,rotation,"C:\Users\micha\OneDrive\שולחן העבודה\wordsFiles\Brain_Mri\data\Data 1 with distortion\all_images\no_tumor__N17_7\distortions\rotation.png",no_tumor,tumor,False,FT,0.689124
distorted,rotation,"C:\Users\micha\OneDrive\שולחן העבודה\wordsFiles\Brain_Mri\data\Data 1 with distortion\all_images\no_tumor__N21_34\distortions\rotation.png",no_tumor,no_tumor,True,FF,0.117976
distorted,rotation,"C:\Users\micha\OneDrive\שולחן העבודה\wordsFiles\Brain_Mri\data\Data 1 with distortion\all_images\no_tumor__N22_31\distortions\rotation.png",no_tumor,tumor,False,FT,0.631392
distorted,rotation,"C:\Users\micha\OneDrive\שולחן העבודה\wordsFiles\Brain_Mri\data\Data 1 with distortion\all_images\no_tumor__N26_21\distortions\rotation.png",no_tumor,tumor,False,FT,0.783837
distorted,rotation,"C:\Users\micha\OneDrive\שולחן העבודה\wordsFiles\Brain_Mri\data\Data 1 with distortion\all_images\no_tumor__No21_6\distortions\rotation.png",no_tumor,no_tumor,True,FF,0.370272
distorted,rotation,"C:\Users\micha\OneDrive\שולחן העבודה\wordsFiles\Brain_Mri\data\Data 1 with distortion\all_images\tumor__Y115_5\distortions\rotation.png",tumor,tumor,True,TT,0.765622
distorted,rotation,"C:\Users\micha\OneDrive\שולחן העבודה\wordsFiles\Brain_Mri\data\Data 1 with distortion\all_images\tumor__Y116_17\distortions\rotation.png",tumor,tumor,True,TT,0.574542
distorted,rotation,"C:\Users\micha\OneDrive\שולחן העבודה\wordsFiles\Brain_Mri\data\Data 1 with distortion\all_images\tumor__Y155_24\distortions\rotation.png",tumor,tumor,True,TT,0.972914
distorted,rotation,"C:\Users\micha\OneDrive\שולחן העבודה\wordsFiles\Brain_Mri\data\Data 1 with distortion\all_images\tumor__Y162_27\distortions\rotation.png",tumor,no_tumor,False,TF,0.411360
distorted,rotation,"C:\Users\micha\OneDrive\שולחן העבודה\wordsFiles\Brain_Mri\data\Data 1 with distortion\all_images\tumor__Y180_33\distortions\rotation.png",tumor,tumor,True,TT,0.997448
distorted,rotation,"C:\Users\micha\OneDrive\שולחן העבודה\wordsFiles\Brain_Mri\data\Data 1 with distortion\all_images\tumor__Y1_22\distortions\rotation.png",tumor,tumor,True,TT,0.631415
distorted,rotation,"C:\Users\micha\OneDrive\שולחן העבודה\wordsFiles\Brain_Mri\data\Data 1 with distortion\all_images\tumor__Y20_15\distortions\rotation.png",tumor,tumor,True,TT,0.716544
distorted,rotation,"C:\Users\micha\OneDrive\שולחן העבודה\wordsFiles\Brain_Mri\data\Data 1 with distortion\all_images\tumor__Y21_36\distortions\rotation.png",tumor,tumor,True,TT,0.680490
distorted,rotation,"C:\Users\micha\OneDrive\שולחן העבודה\wordsFiles\Brain_Mri\data\Data 1 with distortion\all_images\tumor__Y257_9\distortions\rotation.png",tumor,tumor,True,TT,0.789262
distorted,rotation,"C:\Users\micha\OneDrive\שולחן העבודה\wordsFiles\Brain_Mri\data\Data 1 with distortion\all_images\tumor__Y258_32\distortions\rotation.png",tumor,tumor,True,TT,0.689253
distorted,rotation,"C:\Users\micha\OneDrive\שולחן העבודה\wordsFiles\Brain_Mri\data\Data 1 with distortion\all_images\tumor__Y35_37\distortions\rotation.png",tumor,tumor,True,TT,0.580384
distorted,rotation,"C:\Users\micha\OneDrive\שולחן העבודה\wordsFiles\Brain_Mri\data\Data 1 with distortion\all_images\tumor__Y36_23\distortions\rotation.png",tumor,tumor,True,TT,0.937270
distorted,rotation,"C:\Users\micha\OneDrive\שולחן העבודה\wordsFiles\Brain_Mri\data\Data 1 with distortion\all_images\tumor__Y37_20\distortions\rotation.png",tumor,tumor,True,TT,0.911107
distorted,rotation,"C:\Users\micha\OneDrive\שולחן העבודה\wordsFiles\Brain_Mri\data\Data 1 with distortion\all_images\tumor__Y3_35\distortions\rotation.png",tumor,tumor,True,TT,0.737421
distorted,rotation,"C:\Users\micha\OneDrive\שולחן העבודה\wordsFiles\Brain_Mri\data\Data 1 with distortion\all_images\tumor__Y41_14\distortions\rotation.png",tumor,tumor,True,TT,0.941823
distorted,rotation,"C:\Users\micha\OneDrive\שולחן העבודה\wordsFiles\Brain_Mri\data\Data 1 with distortion\all_images\tumor__Y54_18\distortions\rotation.png",tumor,tumor,True,TT,0.910036
distorted,rotation,"C:\Users\micha\OneDrive\שולחן העבודה\wordsFiles\Brain_Mri\data\Data 1 with distortion\all_images\tumor__Y61_12\distortions\rotation.png",tumor,tumor,True,TT,0.675047
distorted,rotation,"C:\Users\micha\OneDrive\שולחן העבודה\wordsFiles\Brain_Mri\data\Data 1 with distortion\all_images\tumor__Y6_4\distortions\rotation.png",tumor,tumor,True,TT,0.731148
distorted,rotation,"C:\Users\micha\OneDrive\שולחן העבודה\wordsFiles\Brain_Mri\data\Data 1 with distortion\all_images\tumor__Y73_29\distortions\rotation.png",tumor,tumor,True,TT,0.787699
distorted,rotation,"C:\Users\micha\OneDrive\שולחן העבודה\wordsFiles\Brain_Mri\data\Data 1 with distortion\all_images\tumor__Y78_30\distortions\rotation.png",tumor,no_tumor,False,TF,0.482316
distorted,rotation,"C:\Users\micha\OneDrive\שולחן העבודה\wordsFiles\Brain_Mri\data\Data 1 with distortion\all_images\tumor__Y79_13\distortions\rotation.png",tumor,tumor,True,TT,0.948610
distorted,rotation,"C:\Users\micha\OneDrive\שולחן העבודה\wordsFiles\Brain_Mri\data\Data 1 with distortion\all_images\tumor__Y90_3\distortions\rotation.png",tumor,no_tumor,False,TF,0.222988
distorted,rotation,"C:\Users\micha\OneDrive\שולחן העבודה\wordsFiles\Brain_Mri\data\Data 1 with distortion\all_images\tumor__Y95_8\distortions\rotation.png",tumor,no_tumor,False,TF,0.381334
restored,rotation,"C:\Users\micha\OneDrive\שולחן העבודה\wordsFiles\Brain_Mri\data\Data 1 with distortion\all_images\no_tumor__14 no_28\restoration\rotation_restored.png",no_tumor,no_tumor,True,FF,0.155998
restored,rotation,"C:\Users\micha\OneDrive\שולחן העבודה\wordsFiles\Brain_Mri\data\Data 1 with distortion\all_images\no_tumor__19 no_16\restoration\rotation_restored.png",no_tumor,no_tumor,True,FF,0.099090
restored,rotation,"C:\Users\micha\OneDrive\שולחן העבודה\wordsFiles\Brain_Mri\data\Data 1 with distortion\all_images\no_tumor__20 no_19\restoration\rotation_restored.png",no_tumor,no_tumor,True,FF,0.433714
restored,rotation,"C:\Users\micha\OneDrive\שולחן העבודה\wordsFiles\Brain_Mri\data\Data 1 with distortion\all_images\no_tumor__27 no_2\restoration\rotation_restored.png",no_tumor,no_tumor,True,FF,0.286342
restored,rotation,"C:\Users\micha\OneDrive\שולחן העבודה\wordsFiles\Brain_Mri\data\Data 1 with distortion\all_images\no_tumor__32 no_1\restoration\rotation_restored.png",no_tumor,no_tumor,True,FF,0.100258
restored,rotation,"C:\Users\micha\OneDrive\שולחן העבודה\wordsFiles\Brain_Mri\data\Data 1 with distortion\all_images\no_tumor__34 no_0\restoration\rotation_restored.png",no_tumor,tumor,False,FT,0.817911
restored,rotation,"C:\Users\micha\OneDrive\שולחן העבודה\wordsFiles\Brain_Mri\data\Data 1 with distortion\all_images\no_tumor__39 no_11\restoration\rotation_restored.png",no_tumor,no_tumor,True,FF,0.324967
restored,rotation,"C:\Users\micha\OneDrive\שולחן העבודה\wordsFiles\Brain_Mri\data\Data 1 with distortion\all_images\no_tumor__N11_25\restoration\rotation_restored.png",no_tumor,no_tumor,True,FF,0.443858
restored,rotation,"C:\Users\micha\OneDrive\שולחן העבודה\wordsFiles\Brain_Mri\data\Data 1 with distortion\all_images\no_tumor__N15_10\restoration\rotation_restored.png",no_tumor,no_tumor,True,FF,0.364208
restored,rotation,"C:\Users\micha\OneDrive\שולחן העבודה\wordsFiles\Brain_Mri\data\Data 1 with distortion\all_images\no_tumor__N16_26\restoration\rotation_restored.png",no_tumor,tumor,False,FT,0.691708
restored,rotation,"C:\Users\micha\OneDrive\שולחן העבודה\wordsFiles\Brain_Mri\data\Data 1 with distortion\all_images\no_tumor__N17_7\restoration\rotation_restored.png",no_tumor,tumor,False,FT,0.687343
restored,rotation,"C:\Users\micha\OneDrive\שולחן העבודה\wordsFiles\Brain_Mri\data\Data 1 with distortion\all_images\no_tumor__N21_34\restoration\rotation_restored.png",no_tumor,no_tumor,True,FF,0.103134
restored,rotation,"C:\Users\micha\OneDrive\שולחן העבודה\wordsFiles\Brain_Mri\data\Data 1 with distortion\all_images\no_tumor__N22_31\restoration\rotation_restored.png",no_tumor,tumor,False,FT,0.590822
restored,rotation,"C:\Users\micha\OneDrive\שולחן העבודה\wordsFiles\Brain_Mri\data\Data 1 with distortion\all_images\no_tumor__N26_21\restoration\rotation_restored.png",no_tumor,tumor,False,FT,0.761370
restored,rotation,"C:\Users\micha\OneDrive\שולחן העבודה\wordsFiles\Brain_Mri\data\Data 1 with distortion\all_images\no_tumor__No21_6\restoration\rotation_restored.png",no_tumor,no_tumor,True,FF,0.331177
restored,rotation,"C:\Users\micha\OneDrive\שולחן העבודה\wordsFiles\Brain_Mri\data\Data 1 with distortion\all_images\tumor__Y115_5\restoration\rotation_restored.png",tumor,tumor,True,TT,0.738434
restored,rotation,"C:\Users\micha\OneDrive\שולחן העבודה\wordsFiles\Brain_Mri\data\Data 1 with distortion\all_images\tumor__Y116_17\restoration\rotation_restored.png",tumor,tumor,True,TT,0.549402
restored,rotation,"C:\Users\micha\OneDrive\שולחן העבודה\wordsFiles\Brain_Mri\data\Data 1 with distortion\all_images\tumor__Y155_24\restoration\rotation_restored.png",tumor,tumor,True,TT,0.969458
restored,rotation,"C:\Users\micha\OneDrive\שולחן העבודה\wordsFiles\Brain_Mri\data\Data 1 with distortion\all_images\tumor__Y162_27\restoration\rotation_restored.png",tumor,no_tumor,False,TF,0.386148
restored,rotation,"C:\Users\micha\OneDrive\שולחן העבודה\wordsFiles\Brain_Mri\data\Data 1 with distortion\all_images\tumor__Y180_33\restoration\rotation_restored.png",tumor,tumor,True,TT,0.997220
restored,rotation,"C:\Users\micha\OneDrive\שולחן העבודה\wordsFiles\Brain_Mri\data\Data 1 with distortion\all_images\tumor__Y1_22\restoration\rotation_restored.png",tumor,tumor,True,TT,0.605370
restored,rotation,"C:\Users\micha\OneDrive\שולחן העבודה\wordsFiles\Brain_Mri\data\Data 1 with distortion\all_images\tumor__Y20_15\restoration\rotation_restored.png",tumor,tumor,True,TT,0.693661
restored,rotation,"C:\Users\micha\OneDrive\שולחן העבודה\wordsFiles\Brain_Mri\data\Data 1 with distortion\all_images\tumor__Y21_36\restoration\rotation_restored.png",tumor,tumor,True,TT,0.666483
restored,rotation,"C:\Users\micha\OneDrive\שולחן העבודה\wordsFiles\Brain_Mri\data\Data 1 with distortion\all_images\tumor__Y257_9\restoration\rotation_restored.png",tumor,tumor,True,TT,0.754969
restored,rotation,"C:\Users\micha\OneDrive\שולחן העבודה\wordsFiles\Brain_Mri\data\Data 1 with distortion\all_images\tumor__Y258_32\restoration\rotation_restored.png",tumor,tumor,True,TT,0.657735
restored,rotation,"C:\Users\micha\OneDrive\שולחן העבודה\wordsFiles\Brain_Mri\data\Data 1 with distortion\all_images\tumor__Y35_37\restoration\rotation_restored.png",tumor,tumor,True,TT,0.606645
restored,rotation,"C:\Users\micha\OneDrive\שולחן העבודה\wordsFiles\Brain_Mri\data\Data 1 with distortion\all_images\tumor__Y36_23\restoration\rotation_restored.png",tumor,tumor,True,TT,0.933585
restored,rotation,"C:\Users\micha\OneDrive\שולחן העבודה\wordsFiles\Brain_Mri\data\Data 1 with distortion\all_images\tumor__Y37_20\restoration\rotation_restored.png",tumor,tumor,True,TT,0.951377
restored,rotation,"C:\Users\micha\OneDrive\שולחן העבודה\wordsFiles\Brain_Mri\data\Data 1 with distortion\all_images\tumor__Y3_35\restoration\rotation_restored.png",tumor,tumor,True,TT,0.704896
restored,rotation,"C:\Users\micha\OneDrive\שולחן העבודה\wordsFiles\Brain_Mri\data\Data 1 with distortion\all_images\tumor__Y41_14\restoration\rotation_restored.png",tumor,tumor,True,TT,0.934587
restored,rotation,"C:\Users\micha\OneDrive\שולחן העבודה\wordsFiles\Brain_Mri\data\Data 1 with distortion\all_images\tumor__Y54_18\restoration\rotation_restored.png",tumor,tumor,True,TT,0.897043
restored,rotation,"C:\Users\micha\OneDrive\שולחן העבודה\wordsFiles\Brain_Mri\data\Data 1 with distortion\all_images\tumor__Y61_12\restoration\rotation_restored.png",tumor,tumor,True,TT,0.645667
restored,rotation,"C:\Users\micha\OneDrive\שולחן העבודה\wordsFiles\Brain_Mri\data\Data 1 with distortion\all_images\tumor__Y6_4\restoration\rotation_restored.png",tumor,tumor,True,TT,0.724014
restored,rotation,"C:\Users\micha\OneDrive\שולחן העבודה\wordsFiles\Brain_Mri\data\Data 1 with distortion\all_images\tumor__Y73_29\restoration\rotation_restored.png",tumor,tumor,True,TT,0.774201
restored,rotation,"C:\Users\micha\OneDrive\שולחן העבודה\wordsFiles\Brain_Mri\data\Data 1 with distortion\all_images\tumor__Y78_30\restoration\rotation_restored.png",tumor,no_tumor,False,TF,0.494830
restored,rotation,"C:\Users\micha\OneDrive\שולחן העבודה\wordsFiles\Brain_Mri\data\Data 1 with distortion\all_images\tumor__Y79_13\restoration\rotation_restored.png",tumor,tumor,True,TT,0.941671
restored,rotation,"C:\Users\micha\OneDrive\שולחן העבודה\wordsFiles\Brain_Mri\data\Data 1 with distortion\all_images\tumor__Y90_3\restoration\rotation_restored.png",tumor,no_tumor,False,TF,0.207240
restored,rotation,"C:\Users\micha\OneDrive\שולחן העבודה\wordsFiles\Brain_Mri\data\Data 1 with distortion\all_images\tumor__Y95_8\restoration\rotation_restored.png",tumor,no_tumor,False,TF,0.367167
distorted,salt_and_pepper,"C:\Users\micha\OneDrive\שולחן העבודה\wordsFiles\Brain_Mri\data\Data 1 with distortion\all_images\no_tumor__14 no_28\distortions\salt_and_pepper.png",no_tumor,no_tumor,True,FF,0.006709
distorted,salt_and_pepper,"C:\Users\micha\OneDrive\שולחן העבודה\wordsFiles\Brain_Mri\data\Data 1 with distortion\all_images\no_tumor__19 no_16\distortions\salt_and_pepper.png",no_tumor,no_tumor,True,FF,0.001116
distorted,salt_and_pepper,"C:\Users\micha\OneDrive\שולחן העבודה\wordsFiles\Brain_Mri\data\Data 1 with distortion\all_images\no_tumor__20 no_19\distortions\salt_and_pepper.png",no_tumor,no_tumor,True,FF,0.065097
distorted,salt_and_pepper,"C:\Users\micha\OneDrive\שולחן העבודה\wordsFiles\Brain_Mri\data\Data 1 with distortion\all_images\no_tumor__27 no_2\distortions\salt_and_pepper.png",no_tumor,no_tumor,True,FF,0.005698
distorted,salt_and_pepper,"C:\Users\micha\OneDrive\שולחן העבודה\wordsFiles\Brain_Mri\data\Data 1 with distortion\all_images\no_tumor__32 no_1\distortions\salt_and_pepper.png",no_tumor,no_tumor,True,FF,0.001368
distorted,salt_and_pepper,"C:\Users\micha\OneDrive\שולחן העבודה\wordsFiles\Brain_Mri\data\Data 1 with distortion\all_images\no_tumor__34 no_0\distortions\salt_and_pepper.png",no_tumor,no_tumor,True,FF,0.019155
distorted,salt_and_pepper,"C:\Users\micha\OneDrive\שולחן העבודה\wordsFiles\Brain_Mri\data\Data 1 with distortion\all_images\no_tumor__39 no_11\distortions\salt_and_pepper.png",no_tumor,no_tumor,True,FF,0.005017
distorted,salt_and_pepper,"C:\Users\micha\OneDrive\שולחן העבודה\wordsFiles\Brain_Mri\data\Data 1 with distortion\all_images\no_tumor__N11_25\distortions\salt_and_pepper.png",no_tumor,no_tumor,True,FF,0.005904
distorted,salt_and_pepper,"C:\Users\micha\OneDrive\שולחן העבודה\wordsFiles\Brain_Mri\data\Data 1 with distortion\all_images\no_tumor__N15_10\distortions\salt_and_pepper.png",no_tumor,no_tumor,True,FF,0.020753
distorted,salt_and_pepper,"C:\Users\micha\OneDrive\שולחן העבודה\wordsFiles\Brain_Mri\data\Data 1 with distortion\all_images\no_tumor__N16_26\distortions\salt_and_pepper.png",no_tumor,no_tumor,True,FF,0.012032
distorted,salt_and_pepper,"C:\Users\micha\OneDrive\שולחן העבודה\wordsFiles\Brain_Mri\data\Data 1 with distortion\all_images\no_tumor__N17_7\distortions\salt_and_pepper.png",no_tumor,no_tumor,True,FF,0.011609
distorted,salt_and_pepper,"C:\Users\micha\OneDrive\שולחן העבודה\wordsFiles\Brain_Mri\data\Data 1 with distortion\all_images\no_tumor__N21_34\distortions\salt_and_pepper.png",no_tumor,no_tumor,True,FF,0.003801
distorted,salt_and_pepper,"C:\Users\micha\OneDrive\שולחן העבודה\wordsFiles\Brain_Mri\data\Data 1 with distortion\all_images\no_tumor__N22_31\distortions\salt_and_pepper.png",no_tumor,no_tumor,True,FF,0.006436
distorted,salt_and_pepper,"C:\Users\micha\OneDrive\שולחן העבודה\wordsFiles\Brain_Mri\data\Data 1 with distortion\all_images\no_tumor__N26_21\distortions\salt_and_pepper.png",no_tumor,no_tumor,True,FF,0.143489
distorted,salt_and_pepper,"C:\Users\micha\OneDrive\שולחן העבודה\wordsFiles\Brain_Mri\data\Data 1 with distortion\all_images\no_tumor__No21_6\distortions\salt_and_pepper.png",no_tumor,no_tumor,True,FF,0.005050
distorted,salt_and_pepper,"C:\Users\micha\OneDrive\שולחן העבודה\wordsFiles\Brain_Mri\data\Data 1 with distortion\all_images\tumor__Y115_5\distortions\salt_and_pepper.png",tumor,no_tumor,False,TF,0.087169
distorted,salt_and_pepper,"C:\Users\micha\OneDrive\שולחן העבודה\wordsFiles\Brain_Mri\data\Data 1 with distortion\all_images\tumor__Y116_17\distortions\salt_and_pepper.png",tumor,no_tumor,False,TF,0.040493
distorted,salt_and_pepper,"C:\Users\micha\OneDrive\שולחן העבודה\wordsFiles\Brain_Mri\data\Data 1 with distortion\all_images\tumor__Y155_24\distortions\salt_and_pepper.png",tumor,no_tumor,False,TF,0.288029
distorted,salt_and_pepper,"C:\Users\micha\OneDrive\שולחן העבודה\wordsFiles\Brain_Mri\data\Data 1 with distortion\all_images\tumor__Y162_27\distortions\salt_and_pepper.png",tumor,no_tumor,False,TF,0.009415
distorted,salt_and_pepper,"C:\Users\micha\OneDrive\שולחן העבודה\wordsFiles\Brain_Mri\data\Data 1 with distortion\all_images\tumor__Y180_33\distortions\salt_and_pepper.png",tumor,tumor,True,TT,0.934118
distorted,salt_and_pepper,"C:\Users\micha\OneDrive\שולחן העבודה\wordsFiles\Brain_Mri\data\Data 1 with distortion\all_images\tumor__Y1_22\distortions\salt_and_pepper.png",tumor,no_tumor,False,TF,0.064296
distorted,salt_and_pepper,"C:\Users\micha\OneDrive\שולחן העבודה\wordsFiles\Brain_Mri\data\Data 1 with distortion\all_images\tumor__Y20_15\distortions\salt_and_pepper.png",tumor,no_tumor,False,TF,0.041697
distorted,salt_and_pepper,"C:\Users\micha\OneDrive\שולחן העבודה\wordsFiles\Brain_Mri\data\Data 1 with distortion\all_images\tumor__Y21_36\distortions\salt_and_pepper.png",tumor,no_tumor,False,TF,0.212245
distorted,salt_and_pepper,"C:\Users\micha\OneDrive\שולחן העבודה\wordsFiles\Brain_Mri\data\Data 1 with distortion\all_images\tumor__Y257_9\distortions\salt_and_pepper.png",tumor,no_tumor,False,TF,0.015496
distorted,salt_and_pepper,"C:\Users\micha\OneDrive\שולחן העבודה\wordsFiles\Brain_Mri\data\Data 1 with distortion\all_images\tumor__Y258_32\distortions\salt_and_pepper.png",tumor,no_tumor,False,TF,0.019020
distorted,salt_and_pepper,"C:\Users\micha\OneDrive\שולחן העבודה\wordsFiles\Brain_Mri\data\Data 1 with distortion\all_images\tumor__Y35_37\distortions\salt_and_pepper.png",tumor,no_tumor,False,TF,0.011284
distorted,salt_and_pepper,"C:\Users\micha\OneDrive\שולחן העבודה\wordsFiles\Brain_Mri\data\Data 1 with distortion\all_images\tumor__Y36_23\distortions\salt_and_pepper.png",tumor,no_tumor,False,TF,0.396148
distorted,salt_and_pepper,"C:\Users\micha\OneDrive\שולחן העבודה\wordsFiles\Brain_Mri\data\Data 1 with distortion\all_images\tumor__Y37_20\distortions\salt_and_pepper.png",tumor,tumor,True,TT,0.580482
distorted,salt_and_pepper,"C:\Users\micha\OneDrive\שולחן העבודה\wordsFiles\Brain_Mri\data\Data 1 with distortion\all_images\tumor__Y3_35\distortions\salt_and_pepper.png",tumor,no_tumor,False,TF,0.021481
distorted,salt_and_pepper,"C:\Users\micha\OneDrive\שולחן העבודה\wordsFiles\Brain_Mri\data\Data 1 with distortion\all_images\tumor__Y41_14\distortions\salt_and_pepper.png",tumor,no_tumor,False,TF,0.204976
distorted,salt_and_pepper,"C:\Users\micha\OneDrive\שולחן העבודה\wordsFiles\Brain_Mri\data\Data 1 with distortion\all_images\tumor__Y54_18\distortions\salt_and_pepper.png",tumor,no_tumor,False,TF,0.033752
distorted,salt_and_pepper,"C:\Users\micha\OneDrive\שולחן העבודה\wordsFiles\Brain_Mri\data\Data 1 with distortion\all_images\tumor__Y61_12\distortions\salt_and_pepper.png",tumor,no_tumor,False,TF,0.033266
distorted,salt_and_pepper,"C:\Users\micha\OneDrive\שולחן העבודה\wordsFiles\Brain_Mri\data\Data 1 with distortion\all_images\tumor__Y6_4\distortions\salt_and_pepper.png",tumor,no_tumor,False,TF,0.012300
distorted,salt_and_pepper,"C:\Users\micha\OneDrive\שולחן העבודה\wordsFiles\Brain_Mri\data\Data 1 with distortion\all_images\tumor__Y73_29\distortions\salt_and_pepper.png",tumor,no_tumor,False,TF,0.222185
distorted,salt_and_pepper,"C:\Users\micha\OneDrive\שולחן העבודה\wordsFiles\Brain_Mri\data\Data 1 with distortion\all_images\tumor__Y78_30\distortions\salt_and_pepper.png",tumor,no_tumor,False,TF,0.012630
distorted,salt_and_pepper,"C:\Users\micha\OneDrive\שולחן העבודה\wordsFiles\Brain_Mri\data\Data 1 with distortion\all_images\tumor__Y79_13\distortions\salt_and_pepper.png",tumor,no_tumor,False,TF,0.207723
distorted,salt_and_pepper,"C:\Users\micha\OneDrive\שולחן העבודה\wordsFiles\Brain_Mri\data\Data 1 with distortion\all_images\tumor__Y90_3\distortions\salt_and_pepper.png",tumor,no_tumor,False,TF,0.006985
distorted,salt_and_pepper,"C:\Users\micha\OneDrive\שולחן העבודה\wordsFiles\Brain_Mri\data\Data 1 with distortion\all_images\tumor__Y95_8\distortions\salt_and_pepper.png",tumor,no_tumor,False,TF,0.003697
restored,salt_and_pepper,"C:\Users\micha\OneDrive\שולחן העבודה\wordsFiles\Brain_Mri\data\Data 1 with distortion\all_images\no_tumor__14 no_28\restoration\salt_and_pepper_restored.png",no_tumor,no_tumor,True,FF,0.288102
restored,salt_and_pepper,"C:\Users\micha\OneDrive\שולחן העבודה\wordsFiles\Brain_Mri\data\Data 1 with distortion\all_images\no_tumor__19 no_16\restoration\salt_and_pepper_restored.png",no_tumor,no_tumor,True,FF,0.191094
restored,salt_and_pepper,"C:\Users\micha\OneDrive\שולחן העבודה\wordsFiles\Brain_Mri\data\Data 1 with distortion\all_images\no_tumor__20 no_19\restoration\salt_and_pepper_restored.png",no_tumor,tumor,False,FT,0.529699
restored,salt_and_pepper,"C:\Users\micha\OneDrive\שולחן העבודה\wordsFiles\Brain_Mri\data\Data 1 with distortion\all_images\no_tumor__27 no_2\restoration\salt_and_pepper_restored.png",no_tumor,no_tumor,True,FF,0.454972
restored,salt_and_pepper,"C:\Users\micha\OneDrive\שולחן העבודה\wordsFiles\Brain_Mri\data\Data 1 with distortion\all_images\no_tumor__32 no_1\restoration\salt_and_pepper_restored.png",no_tumor,no_tumor,True,FF,0.158392
restored,salt_and_pepper,"C:\Users\micha\OneDrive\שולחן העבודה\wordsFiles\Brain_Mri\data\Data 1 with distortion\all_images\no_tumor__34 no_0\restoration\salt_and_pepper_restored.png",no_tumor,tumor,False,FT,0.910099
restored,salt_and_pepper,"C:\Users\micha\OneDrive\שולחן העבודה\wordsFiles\Brain_Mri\data\Data 1 with distortion\all_images\no_tumor__39 no_11\restoration\salt_and_pepper_restored.png",no_tumor,tumor,False,FT,0.569281
restored,salt_and_pepper,"C:\Users\micha\OneDrive\שולחן העבודה\wordsFiles\Brain_Mri\data\Data 1 with distortion\all_images\no_tumor__N11_25\restoration\salt_and_pepper_restored.png",no_tumor,tumor,False,FT,0.593821
restored,salt_and_pepper,"C:\Users\micha\OneDrive\שולחן העבודה\wordsFiles\Brain_Mri\data\Data 1 with distortion\all_images\no_tumor__N15_10\restoration\salt_and_pepper_restored.png",no_tumor,no_tumor,True,FF,0.482389
restored,salt_and_pepper,"C:\Users\micha\OneDrive\שולחן העבודה\wordsFiles\Brain_Mri\data\Data 1 with distortion\all_images\no_tumor__N16_26\restoration\salt_and_pepper_restored.png",no_tumor,tumor,False,FT,0.835815
restored,salt_and_pepper,"C:\Users\micha\OneDrive\שולחן העבודה\wordsFiles\Brain_Mri\data\Data 1 with distortion\all_images\no_tumor__N17_7\restoration\salt_and_pepper_restored.png",no_tumor,tumor,False,FT,0.833869
restored,salt_and_pepper,"C:\Users\micha\OneDrive\שולחן העבודה\wordsFiles\Brain_Mri\data\Data 1 with distortion\all_images\no_tumor__N21_34\restoration\salt_and_pepper_restored.png",no_tumor,no_tumor,True,FF,0.196198
restored,salt_and_pepper,"C:\Users\micha\OneDrive\שולחן העבודה\wordsFiles\Brain_Mri\data\Data 1 with distortion\all_images\no_tumor__N22_31\restoration\salt_and_pepper_restored.png",no_tumor,tumor,False,FT,0.736956
restored,salt_and_pepper,"C:\Users\micha\OneDrive\שולחן העבודה\wordsFiles\Brain_Mri\data\Data 1 with distortion\all_images\no_tumor__N26_21\restoration\salt_and_pepper_restored.png",no_tumor,tumor,False,FT,0.848073
restored,salt_and_pepper,"C:\Users\micha\OneDrive\שולחן העבודה\wordsFiles\Brain_Mri\data\Data 1 with distortion\all_images\no_tumor__No21_6\restoration\salt_and_pepper_restored.png",no_tumor,tumor,False,FT,0.610052
restored,salt_and_pepper,"C:\Users\micha\OneDrive\שולחן העבודה\wordsFiles\Brain_Mri\data\Data 1 with distortion\all_images\tumor__Y115_5\restoration\salt_and_pepper_restored.png",tumor,tumor,True,TT,0.844630
restored,salt_and_pepper,"C:\Users\micha\OneDrive\שולחן העבודה\wordsFiles\Brain_Mri\data\Data 1 with distortion\all_images\tumor__Y116_17\restoration\salt_and_pepper_restored.png",tumor,tumor,True,TT,0.699728
restored,salt_and_pepper,"C:\Users\micha\OneDrive\שולחן העבודה\wordsFiles\Brain_Mri\data\Data 1 with distortion\all_images\tumor__Y155_24\restoration\salt_and_pepper_restored.png",tumor,tumor,True,TT,0.982327
restored,salt_and_pepper,"C:\Users\micha\OneDrive\שולחן העבודה\wordsFiles\Brain_Mri\data\Data 1 with distortion\all_images\tumor__Y162_27\restoration\salt_and_pepper_restored.png",tumor,tumor,True,TT,0.552306
restored,salt_and_pepper,"C:\Users\micha\OneDrive\שולחן העבודה\wordsFiles\Brain_Mri\data\Data 1 with distortion\all_images\tumor__Y180_33\restoration\salt_and_pepper_restored.png",tumor,tumor,True,TT,0.999444
restored,salt_and_pepper,"C:\Users\micha\OneDrive\שולחן העבודה\wordsFiles\Brain_Mri\data\Data 1 with distortion\all_images\tumor__Y1_22\restoration\salt_and_pepper_restored.png",tumor,tumor,True,TT,0.763396
restored,salt_and_pepper,"C:\Users\micha\OneDrive\שולחן העבודה\wordsFiles\Brain_Mri\data\Data 1 with distortion\all_images\tumor__Y20_15\restoration\salt_and_pepper_restored.png",tumor,tumor,True,TT,0.824380
restored,salt_and_pepper,"C:\Users\micha\OneDrive\שולחן העבודה\wordsFiles\Brain_Mri\data\Data 1 with distortion\all_images\tumor__Y21_36\restoration\salt_and_pepper_restored.png",tumor,tumor,True,TT,0.783078
restored,salt_and_pepper,"C:\Users\micha\OneDrive\שולחן העבודה\wordsFiles\Brain_Mri\data\Data 1 with distortion\all_images\tumor__Y257_9\restoration\salt_and_pepper_restored.png",tumor,tumor,True,TT,0.885131
restored,salt_and_pepper,"C:\Users\micha\OneDrive\שולחן העבודה\wordsFiles\Brain_Mri\data\Data 1 with distortion\all_images\tumor__Y258_32\restoration\salt_and_pepper_restored.png",tumor,tumor,True,TT,0.803086
restored,salt_and_pepper,"C:\Users\micha\OneDrive\שולחן העבודה\wordsFiles\Brain_Mri\data\Data 1 with distortion\all_images\tumor__Y35_37\restoration\salt_and_pepper_restored.png",tumor,tumor,True,TT,0.753318
restored,salt_and_pepper,"C:\Users\micha\OneDrive\שולחן העבודה\wordsFiles\Brain_Mri\data\Data 1 with distortion\all_images\tumor__Y36_23\restoration\salt_and_pepper_restored.png",tumor,tumor,True,TT,0.954169
restored,salt_and_pepper,"C:\Users\micha\OneDrive\שולחן העבודה\wordsFiles\Brain_Mri\data\Data 1 with distortion\all_images\tumor__Y37_20\restoration\salt_and_pepper_restored.png",tumor,tumor,True,TT,0.973138
restored,salt_and_pepper,"C:\Users\micha\OneDrive\שולחן העבודה\wordsFiles\Brain_Mri\data\Data 1 with distortion\all_images\tumor__Y3_35\restoration\salt_and_pepper_restored.png",tumor,tumor,True,TT,0.837693
restored,salt_and_pepper,"C:\Users\micha\OneDrive\שולחן העבודה\wordsFiles\Brain_Mri\data\Data 1 with distortion\all_images\tumor__Y41_14\restoration\salt_and_pepper_restored.png",tumor,tumor,True,TT,0.966002
restored,salt_and_pepper,"C:\Users\micha\OneDrive\שולחן העבודה\wordsFiles\Brain_Mri\data\Data 1 with distortion\all_images\tumor__Y54_18\restoration\salt_and_pepper_restored.png",tumor,tumor,True,TT,0.952864
restored,salt_and_pepper,"C:\Users\micha\OneDrive\שולחן העבודה\wordsFiles\Brain_Mri\data\Data 1 with distortion\all_images\tumor__Y61_12\restoration\salt_and_pepper_restored.png",tumor,tumor,True,TT,0.820925
restored,salt_and_pepper,"C:\Users\micha\OneDrive\שולחן העבודה\wordsFiles\Brain_Mri\data\Data 1 with distortion\all_images\tumor__Y6_4\restoration\salt_and_pepper_restored.png",tumor,tumor,True,TT,0.831722
restored,salt_and_pepper,"C:\Users\micha\OneDrive\שולחן העבודה\wordsFiles\Brain_Mri\data\Data 1 with distortion\all_images\tumor__Y73_29\restoration\salt_and_pepper_restored.png",tumor,tumor,True,TT,0.871549
restored,salt_and_pepper,"C:\Users\micha\OneDrive\שולחן העבודה\wordsFiles\Brain_Mri\data\Data 1 with distortion\all_images\tumor__Y78_30\restoration\salt_and_pepper_restored.png",tumor,tumor,True,TT,0.711065
restored,salt_and_pepper,"C:\Users\micha\OneDrive\שולחן העבודה\wordsFiles\Brain_Mri\data\Data 1 with distortion\all_images\tumor__Y79_13\restoration\salt_and_pepper_restored.png",tumor,tumor,True,TT,0.965328
restored,salt_and_pepper,"C:\Users\micha\OneDrive\שולחן העבודה\wordsFiles\Brain_Mri\data\Data 1 with distortion\all_images\tumor__Y90_3\restoration\salt_and_pepper_restored.png",tumor,no_tumor,False,TF,0.334709
restored,salt_and_pepper,"C:\Users\micha\OneDrive\שולחן העבודה\wordsFiles\Brain_Mri\data\Data 1 with distortion\all_images\tumor__Y95_8\restoration\salt_and_pepper_restored.png",tumor,tumor,True,TT,0.535035